# Blender 4.4.3
# www.blender.org
mtllib PIR_PINANCE.mtl
g HULL_LOD0_HULL_LOD0
v 0.000071 -3.425541 -100.992805
v 4.169684 -2.840918 -100.992805
v 7.513454 -1.202841 -100.992805
v 9.369107 1.164250 -100.992805
v 9.369107 3.791523 -100.992805
v 7.513455 6.158614 -100.992805
v 4.169685 7.796693 -100.992805
v 0.000073 8.381317 -100.992805
v -4.169540 7.796693 -100.992805
v -7.513311 6.158616 -100.992805
v -9.368962 3.791525 -100.992805
v -9.368962 1.164253 -100.992805
v -7.513310 -1.202839 -100.992805
v -4.169541 -2.840917 -100.992805
v 0.000075 -3.064705 29.771524
v 3.940922 -2.517418 29.771524
v 7.101236 0.881075 29.771524
v 5.673130 1.871952 29.771524
v 5.673130 2.971742 29.771524
v 7.101236 3.962619 29.771524
v 3.940924 7.440855 29.771524
v 0.000077 7.302143 29.747297
v -3.940770 7.440856 29.771524
v -7.101084 3.962621 29.771524
v -5.672976 2.971744 29.771524
v -5.672976 1.871953 29.771524
v -7.101084 0.881077 29.771524
v -3.940771 -2.517417 29.771524
v 0.000078 -0.440751 105.621696
v 2.273816 -0.152870 105.621696
v 4.097213 1.521017 105.621696
v 5.109122 2.128882 105.621696
v 5.109122 2.803561 105.621696
v 4.097213 3.411426 105.621696
v 2.273817 5.085314 105.621696
v 0.000079 5.373195 105.621696
v -2.273660 5.085314 105.621696
v -4.097056 3.411427 105.621696
v -5.108965 2.803562 105.621696
v -5.108965 2.128883 105.621696
v -4.097057 1.521018 105.621696
v -2.273660 -0.152870 105.621696
v 4.855481 -4.341420 -87.264275
v 0.000071 -5.022198 -87.264259
v 8.749218 -2.433920 -87.264275
v 10.910079 0.322498 -87.264275
v 10.910080 4.007582 -87.264275
v 8.749220 6.764000 -87.264275
v 4.855483 8.671502 -87.264275
v 0.000073 9.352282 -87.264267
v -4.855336 8.671502 -87.264275
v -8.749073 6.764003 -87.264275
v -10.909934 4.007585 -87.264275
v -10.909934 0.322501 -87.264275
v -8.749074 -2.433918 -87.264275
v -4.855338 -4.341420 -87.264267
v 0.000073 -6.552917 -22.740133
v 4.797794 -5.807616 -22.740135
v 8.603290 -0.194725 -22.749575
v 7.766881 1.278290 -22.749580
v 7.766881 3.168847 -22.749580
v 8.603291 4.872178 -22.749578
v 4.797796 9.190632 -22.740135
v 0.000076 9.935934 -22.740135
v -4.797646 9.190634 -22.740135
v -8.603140 4.872180 -22.749578
v -7.766733 3.168848 -22.749578
v -7.766733 1.278292 -22.749578
v -8.603141 -0.194724 -22.749578
v -4.797647 -5.807614 -22.740135
v 3.346330 -1.388286 63.749660
v 0.000076 -1.811958 63.749660
v 6.029817 1.076025 63.749660
v 5.416849 1.970068 63.749657
v 5.416849 2.962380 63.749657
v 6.029818 3.856423 63.749657
v 3.346332 6.320734 63.749657
v 0.000078 6.058408 63.725430
v -3.346176 6.320735 63.749657
v -6.029665 3.856424 63.749657
v -5.416691 2.962381 63.749657
v -5.416691 1.970069 63.749657
v -6.029664 1.076026 63.749657
v -3.346177 -1.388284 63.749657
v 4.807613 -6.574239 -33.722965
v 8.662962 -4.287480 -33.722965
v 15.424395 1.579748 -33.741852
v 15.424395 3.376017 -33.741848
v 8.662963 7.616184 -33.722965
v 4.807615 9.902942 -33.722965
v 0.000075 10.719077 -33.722965
v -4.807466 9.902943 -33.722965
v -8.662814 7.616186 -33.722965
v -15.424245 3.376021 -33.741848
v -15.424246 1.579751 -33.741852
v -8.662814 -4.287478 -33.722965
v -4.807467 -6.574237 -33.722965
v 0.000073 -7.390373 -33.722965
v 4.833388 -7.970433 -62.552898
v 8.709394 -4.514275 -62.562340
v 10.860424 0.808088 -62.562340
v 10.860424 4.147683 -62.562340
v 8.709396 7.156555 -62.562340
v 4.833390 9.239859 -62.552895
v 0.000074 9.983110 -62.552895
v -4.833241 9.239860 -62.552895
v -8.709249 7.156556 -62.562340
v -10.860278 4.147685 -62.562340
v -10.860278 0.808089 -62.562340
v -8.709249 -4.514274 -62.562340
v -4.833244 -7.970432 -62.552898
v 0.000072 -8.713683 -62.552898
v 16.403704 -0.038636 -33.741852
v 16.403704 4.994401 -33.741848
v -16.403553 4.994404 -33.741848
v -16.403553 -0.038633 -33.741852
v 8.693926 -3.981567 -52.942921
v 17.243837 1.633167 -52.942921
v 17.243837 3.322600 -52.942921
v 8.693927 7.310271 -52.942921
v -8.693780 7.310274 -52.942921
v -17.243690 3.322604 -52.942921
v -17.243690 1.633171 -52.942921
v -8.693779 -3.981565 -52.942921
v 17.534960 0.111041 -52.942921
v 17.534960 4.844727 -52.942921
v -17.534815 4.844731 -52.942921
v -17.534815 0.111045 -52.942921
v 8.671809 -4.200076 -39.214382
v -8.676418 8.216727 -38.406445
v 17.510035 0.004023 -39.214382
v -17.509884 4.951746 -39.214382
v 17.242701 1.594973 -39.214382
v 17.242701 3.360793 -39.214382
v 8.671810 7.528780 -39.214382
v -17.242552 3.360797 -39.214382
v -17.242552 1.594977 -39.214382
v -8.676419 -5.100804 -38.406445
v 17.510036 4.951742 -39.214382
v -17.509884 0.004027 -39.214382
v 15.907028 1.652265 -59.807190
v 15.907025 3.303504 -59.807190
v 8.704986 7.201017 -59.807190
v -15.906882 3.303508 -59.807190
v -15.906881 1.652269 -59.807190
v -8.704840 -3.872310 -59.807190
v 13.976969 4.791220 -59.807190
v -13.976821 0.164553 -59.807190
v 8.704985 -3.872312 -59.807190
v -8.704839 7.201020 -59.807190
v 13.976970 0.164550 -59.807190
v -13.976827 4.791223 -59.807190
v 8.699455 -3.926940 -56.375053
v -8.699309 7.255647 -56.375053
v 16.251997 0.137795 -56.375053
v -16.251852 4.817977 -56.375053
v 15.868264 1.642716 -56.375053
v 15.868264 3.313052 -56.375053
v 8.699456 7.255644 -56.375053
v -15.868117 3.313056 -56.375053
v -15.868117 1.642720 -56.375053
v -8.699309 -3.926938 -56.375053
v 16.251997 4.817973 -56.375053
v -16.251848 0.137799 -56.375053
v -7.479326 2.481685 -50.579224
v -7.479326 0.243649 -50.068401
v -7.479326 -1.551115 -48.637131
v -7.479327 -2.547135 -46.568871
v -7.479327 -2.547136 -44.273277
v -7.479326 -1.551117 -42.205029
v -7.479325 0.243648 -40.773746
v -7.479326 2.481684 -40.262928
v -7.479326 4.719718 -40.773746
v -7.479326 6.514484 -42.205029
v -7.479326 7.510503 -44.273277
v -7.479325 7.510505 -46.568871
v -7.479325 6.514485 -48.637131
v -7.479325 4.719720 -50.068409
v -13.493108 2.481686 -50.624722
v -13.493108 0.223907 -50.109402
v -13.493110 -1.586690 -48.665497
v -13.493110 -2.591497 -46.578995
v -13.493110 -2.591497 -44.263149
v -13.493108 -1.586690 -42.176651
v -13.493108 0.223906 -40.732750
v -13.493108 2.481684 -40.217422
v -13.493107 4.739463 -40.732750
v -13.493107 6.550061 -42.176651
v -13.493108 7.554866 -44.263149
v -13.493110 7.554866 -46.578991
v -13.493110 6.550062 -48.665493
v -13.493109 4.739463 -50.109402
v -20.918968 2.477887 -51.737431
v -20.918970 -0.275197 -51.109058
v -20.918968 -2.482999 -49.348396
v -20.918968 -3.708237 -46.804165
v -20.918968 -3.708237 -43.980282
v -20.918968 -2.483000 -41.436050
v -20.918970 -0.275198 -39.675388
v -20.918966 2.477886 -39.047012
v -20.918966 5.230969 -39.675385
v -20.918968 7.438771 -41.436047
v -20.918970 8.664011 -43.980278
v -20.918970 8.664010 -46.804161
v -20.918968 7.438773 -49.348404
v -20.918970 5.230971 -51.109058
v -19.936903 -0.297189 -51.154720
v -19.936905 2.477887 -51.788124
v -19.936903 -2.522628 -49.379997
v -19.936903 -3.757652 -46.815445
v -19.936905 -3.757653 -43.969002
v -19.936903 -2.522628 -41.404446
v -19.936905 -0.297190 -39.629719
v -19.936905 2.477885 -38.996323
v -19.936903 5.252961 -39.629711
v -19.936901 7.478399 -41.404442
v -19.936905 8.713426 -43.968998
v -19.936905 8.713425 -46.815441
v -19.936901 7.478400 -49.379997
v -19.936903 5.252963 -51.154720
v -20.918970 2.477887 -51.071980
v -20.918970 0.013530 -50.509510
v -20.918966 -1.962729 -48.933498
v -20.918968 -3.059470 -46.656090
v -20.918968 -3.059470 -44.128361
v -20.918966 -1.962730 -41.850948
v -20.918970 0.013530 -40.274937
v -20.918966 2.477885 -39.712460
v -20.918966 4.942242 -40.274937
v -20.918968 6.918501 -41.850948
v -20.918970 8.015244 -44.128357
v -20.918970 8.015244 -46.656086
v -20.918968 6.918503 -48.933498
v -20.918970 4.942243 -50.509510
v -20.206934 2.477887 -51.071980
v -20.206936 0.013530 -50.509510
v -20.206932 -1.962729 -48.933495
v -20.206932 -3.059471 -46.656090
v -20.206932 -3.059470 -44.128361
v -20.206932 -1.962730 -41.850948
v -20.206934 0.013530 -40.274937
v -20.206932 2.477886 -39.712460
v -20.206930 4.942242 -40.274937
v -20.206932 6.918501 -41.850948
v -20.206936 8.015244 -44.128357
v -20.206936 8.015244 -46.656086
v -20.206936 6.918502 -48.933495
v -20.206934 4.942243 -50.509510
v -17.006521 -0.039605 -50.280197
v -17.006521 -2.058475 -48.774811
v -17.006521 -3.178865 -46.599457
v -17.006521 -3.178865 -44.184990
v -17.006521 -2.058476 -42.009640
v -17.006521 -0.039606 -40.504242
v -17.006521 2.477885 -39.966972
v -17.006521 4.995377 -40.504238
v -17.006521 7.014247 -42.009636
v -17.006525 8.134638 -44.184990
v -17.006523 8.134637 -46.599453
v -17.006523 7.014249 -48.774807
v -17.006521 4.995378 -50.280197
v -17.006523 2.477886 -50.817471
v -17.677029 2.477887 -51.395218
v -17.677023 -0.307699 -50.800728
v -17.677025 -2.541564 -49.135029
v -17.677025 -3.781267 -46.728016
v -17.677025 -3.781267 -44.056431
v -17.677025 -2.541565 -41.649418
v -17.677025 -0.307700 -39.983707
v -17.677025 2.477885 -39.389221
v -17.677025 5.263470 -39.983707
v -17.677025 7.497336 -41.649414
v -17.677027 8.737039 -44.056427
v -17.677027 8.737039 -46.728016
v -17.677027 7.497337 -49.135029
v -17.677025 5.263471 -50.800732
v -18.347532 2.477887 -51.418980
v -18.347532 -0.318723 -50.822136
v -18.347532 -2.561430 -49.149841
v -18.347532 -3.806038 -46.733303
v -18.347532 -3.806039 -44.051147
v -18.347532 -2.561431 -41.634605
v -18.347532 -0.318724 -39.962307
v -18.347532 2.477885 -39.365471
v -18.347532 5.274495 -39.962303
v -18.347530 7.517201 -41.634602
v -18.347530 8.761811 -44.051144
v -18.347530 8.761810 -46.733303
v -18.347530 7.517203 -49.149841
v -18.347532 5.274496 -50.822136
v 15.444674 2.477883 -119.344185
v 13.375489 1.321563 -119.344170
v -13.375351 1.321567 -119.344170
v -15.444533 2.477887 -119.344170
v -13.375348 3.634207 -119.344170
v 13.375491 3.634203 -119.344185
v 26.750914 2.477882 -107.470192
v 23.166977 0.364061 -107.470192
v 13.375490 -0.991077 -107.470192
v -13.375353 -0.991074 -107.470192
v -23.166842 0.364068 -107.470192
v -26.750772 2.477889 -107.470177
v -23.166838 4.591710 -107.470192
v -13.375346 5.946848 -107.470192
v 13.375494 5.946844 -107.470192
v 23.166983 4.591702 -107.470192
v 30.067572 2.477882 -87.264275
v 26.750912 0.037052 -87.264275
v 15.444675 -1.527727 -86.437599
v 0.000070 -2.403774 -85.040413
v -15.444536 -1.527723 -86.437599
v -26.750771 0.037060 -87.264267
v -30.067425 2.477890 -87.264267
v -26.750765 4.918720 -87.264267
v -15.444527 6.483499 -86.437599
v 0.000079 7.359546 -85.040413
v 15.444682 6.483493 -86.437607
v 26.750917 4.918711 -87.264275
v 30.203354 2.477882 -84.518562
v 26.821218 0.018049 -84.514885
v 15.513870 -1.545839 -84.378273
v 0.000070 -2.425819 -83.667564
v -26.889719 0.036738 -84.518555
v -30.203211 2.477890 -84.518555
v -15.513723 6.501610 -84.378265
v 0.000079 7.381591 -83.667564
v 25.021639 0.194836 -100.992805
v 14.446280 -1.268791 -100.992805
v 0.000068 -2.088206 -100.992805
v -14.446141 -1.268786 -100.992805
v -25.021498 0.194843 -100.992805
v -25.021498 4.760935 -100.992805
v -14.446135 6.224560 -100.992805
v 14.446285 6.224556 -100.992805
v 25.021643 4.760927 -100.992805
v 20.998552 2.477882 -114.721344
v 18.185286 0.818607 -114.721344
v 10.499309 -0.245130 -114.721344
v -10.499172 -0.245127 -114.721336
v -18.185150 0.905755 -114.721329
v -20.998409 2.477888 -114.721344
v -18.185146 4.050020 -114.721329
v -10.499167 5.200900 -114.721344
v 10.499312 5.200897 -114.721344
v 18.185289 4.137158 -114.721344
v 12.031431 2.477883 -121.585617
v 10.419534 1.577109 -121.585617
v -10.419398 1.577112 -121.585602
v -12.031293 2.477887 -121.585602
v -10.419394 3.378661 -121.585602
v 10.419534 3.378658 -121.585617
v 15.513878 6.501606 -84.378273
v 26.821222 4.937716 -84.514885
v -15.513726 -1.545833 -84.378265
v -26.889715 4.919040 -84.518555
v -28.829855 0.935933 -87.264267
v -28.829853 4.019845 -87.264267
v -28.829853 4.124296 -84.518555
v -28.464838 2.477890 -101.040054
v -28.829855 0.831482 -84.518555
v 28.464981 2.477881 -101.040062
v 28.830000 0.935926 -87.264275
v 28.830000 4.019839 -87.264275
v 28.830000 0.845941 -84.516640
v 28.830000 4.109824 -84.516640
v 27.849331 1.019389 -84.515114
v 29.194677 2.477882 -84.516632
v 27.849333 3.936376 -84.515114
v 25.979425 4.639473 -84.477478
v 15.000217 6.026270 -84.323547
v 0.000196 6.802609 -83.633568
v -14.998259 6.026331 -84.323494
v -26.049032 4.622273 -84.481743
v -27.848845 3.949655 -84.518555
v -29.194510 2.477890 -84.518555
v -27.848845 1.006123 -84.518555
v -26.049040 0.333505 -84.481735
v -14.998264 -1.070555 -84.323494
v 0.000188 -1.846837 -83.633568
v 15.000210 -1.070503 -84.323547
v 25.979420 0.316291 -84.477478
v 27.849360 1.019389 -86.574387
v 29.194708 2.477882 -86.575905
v 27.849361 3.936376 -86.574387
v 25.979454 4.639473 -86.536751
v 15.000243 6.026270 -85.696404
v 0.000224 6.802608 -84.320000
v -14.998229 6.026331 -85.696342
v -26.049004 4.622273 -86.541023
v -27.848814 3.949655 -86.577835
v -29.194481 2.477890 -86.577835
v -27.848816 1.006123 -86.577835
v -26.049009 0.333505 -86.541016
v -14.998237 -1.070555 -85.696342
v 0.000216 -1.846837 -84.319992
v 15.000240 -1.070503 -85.696404
v 25.979450 0.316291 -86.536751
v -8.355148 1.755568 -122.122398
v -8.355148 1.227478 -121.585602
v -8.355149 2.477886 -122.413483
v -8.355149 3.200204 -122.122398
v -8.355147 0.225220 -118.290550
v -8.355147 -0.366741 -114.721336
v -8.355148 0.471265 -119.344170
v -8.355147 4.730553 -118.290550
v -8.355147 4.484506 -119.344185
v -8.355146 6.183097 -107.857071
v -8.355147 5.322513 -114.721344
v -8.355148 3.728293 -121.585617
v -8.355145 -1.227325 -107.857071
v 2.773206 -1.930909 -100.992805
v -2.773062 -1.930908 -100.992805
v 8.040661 -1.293679 -107.470192
v 8.355289 -1.227327 -107.857071
v -8.040519 -1.293677 -107.470177
v -8.040522 6.249449 -107.470192
v 8.355288 0.225216 -118.290550
v 8.355288 0.471264 -119.344185
v 8.355287 1.227476 -121.585617
v 8.355288 -0.366743 -114.721344
v 8.355288 2.477884 -122.413483
v 8.355288 1.755566 -122.122398
v 8.355288 1.227476 -121.585617
v -8.355147 1.227478 -121.585602
v -8.355147 1.755568 -122.122391
v -8.355149 2.477886 -122.413483
v -8.355149 3.200204 -122.122398
v -8.355149 3.728293 -121.585602
v 8.355288 3.728291 -121.585617
v 8.355288 3.200202 -122.122398
v 8.355288 0.482793 -119.231247
v 8.355288 0.233300 -118.211365
v 8.355288 0.225900 -118.195549
v 8.355289 -0.375187 -114.780853
v -8.355147 -0.375185 -114.780853
v -8.355147 0.232987 -118.235802
v -8.355147 0.225703 -118.220207
v -8.355147 0.478749 -119.272095
v -8.355148 4.481791 -119.252281
v 8.355289 4.726587 -118.257065
v 8.355289 5.325948 -114.755836
v 8.355288 4.478739 -119.287712
v 2.773206 -1.928760 -100.992805
v 8.040661 -1.293679 -107.470192
v -8.040521 -1.293677 -107.470192
v -2.773059 6.885605 -100.992805
v 8.040664 6.249447 -107.470192
v -0.001569 -2.081323 -100.992805
v -2.773061 -1.928759 -100.992805
v 0.001135 7.040549 -100.992805
v 2.773208 6.885605 -100.992805
v 8.355289 -0.366743 -114.721344
v 8.355289 -1.227327 -107.857071
v -8.355145 -1.227325 -107.857071
v -8.355147 -0.366741 -114.721344
v 8.355289 6.183096 -107.857071
v 8.355289 5.322511 -114.721344
v 8.355288 0.471264 -119.344170
v -8.355147 0.471265 -119.344170
v -8.355147 4.484506 -119.344185
v 8.355288 4.483520 -119.347092
v 8.355288 1.755566 -122.122398
v -8.355147 5.325950 -114.755836
v 0.000071 -0.586598 -110.348030
v 2.521019 -0.011208 -110.348030
v 4.542663 1.600998 -110.348030
v 5.664591 3.930704 -110.348030
v 5.664591 6.516483 -110.348030
v 4.542664 8.846189 -110.348030
v 2.521021 10.458395 -110.348030
v 0.000073 11.033786 -110.348030
v -2.520875 10.458396 -110.348030
v -4.542519 8.846190 -110.348030
v -5.664446 6.516484 -110.348030
v -5.664447 3.930706 -110.348030
v -4.542520 1.600999 -110.348030
v -2.520876 -0.011208 -110.348030
v 0.000071 -1.204947 -109.253876
v 2.789311 -0.568323 -109.253860
v 5.026108 1.215463 -109.253860
v 6.267436 3.793109 -109.253876
v 6.267436 6.654079 -109.253876
v 5.026109 9.231725 -109.253860
v 2.789312 11.015511 -109.253876
v 0.000072 11.652138 -109.253876
v -2.789167 11.015512 -109.253876
v -5.025965 9.231726 -109.253876
v -6.267293 6.654081 -109.253876
v -6.267294 3.793110 -109.253876
v -5.025966 1.215465 -109.253876
v -2.789169 -0.568321 -109.253876
v 0.000071 -1.204947 -85.548615
v 2.789311 -0.568322 -85.548615
v 5.026108 1.215464 -85.548622
v 6.267437 3.793109 -85.548622
v 6.267438 6.654079 -85.548622
v 5.026109 9.231725 -86.921471
v 2.789313 11.015510 -87.607895
v 0.000073 11.652138 -87.691933
v -2.789167 11.015512 -87.607895
v -5.025965 9.231726 -86.921471
v -6.267293 6.654081 -85.548622
v -6.267293 3.793111 -85.548622
v -5.025966 1.215464 -85.548622
v -2.789168 -0.568321 -85.548615
v 0.000071 -1.486015 -110.148178
v 2.911262 -0.821555 -110.148178
v 5.245856 1.040220 -110.148178
v 6.541458 3.730565 -110.148178
v 6.541459 6.716622 -110.148178
v 5.245856 9.406965 -110.148178
v 2.911263 11.268744 -110.148178
v 0.000073 11.933205 -110.148178
v -2.911118 11.268744 -110.148178
v -5.245711 9.406967 -110.148178
v -6.541313 6.716624 -110.148178
v -6.541313 3.730567 -110.148178
v -5.245712 1.040221 -110.148178
v -2.911119 -0.821554 -110.148178
v 2.911261 -0.821555 -109.458473
v 0.000070 -1.486015 -109.458473
v -2.911120 -0.821554 -109.458473
v -5.245713 1.040223 -109.458473
v -6.541315 3.730567 -109.458473
v -6.541315 6.716625 -109.458473
v -5.245712 9.406969 -109.458473
v -2.911118 11.268744 -109.458473
v 0.000072 11.933205 -109.458473
v 2.911263 11.268744 -109.458473
v 5.245856 9.406967 -109.458473
v 6.541457 6.716623 -109.458473
v 6.541457 3.730566 -109.458473
v 5.245855 1.040221 -109.458473
v 6.267438 6.596454 -85.548615
v -6.267293 6.596456 -85.548622
v 3.026282 8.603238 -95.334709
v 3.026283 9.984663 -95.334709
v 2.426905 11.229283 -95.334709
v 1.346863 12.090589 -95.334709
v 0.000074 12.397985 -95.334709
v -1.346716 12.090589 -95.334709
v -2.426758 11.229285 -95.334709
v -3.026136 9.984664 -95.334709
v -3.026136 8.603239 -95.334709
v 2.759325 8.712375 -54.315773
v 2.759325 9.971937 -54.315773
v 2.212821 11.106764 -54.315773
v 1.228056 11.892088 -54.315773
v 0.000074 12.172367 -54.315773
v -1.227909 11.892088 -54.315773
v -2.212674 11.106764 -54.315773
v -2.759178 9.971937 -54.315773
v -2.759178 8.712376 -54.315773
v 3.026282 8.603239 -81.650787
v 3.026283 9.984664 -81.650787
v 2.426905 11.229285 -81.650787
v 1.346863 12.090590 -81.650787
v 0.000074 12.397985 -81.650787
v -1.346716 12.090590 -81.650787
v -2.426758 11.229285 -81.650787
v -3.026136 9.984665 -81.650787
v -3.026136 8.603240 -81.650787
v 2.759325 8.712375 -81.086426
v 2.759325 9.971937 -81.086426
v 2.212821 11.106763 -81.086426
v 1.228056 11.892088 -81.086426
v 0.000074 12.172366 -81.086426
v -1.227909 11.892088 -81.086426
v -2.212674 11.106764 -81.086426
v -2.759178 9.971937 -81.086426
v -2.759178 8.712376 -81.086426
v 3.026282 8.655734 -95.334709
v -3.026136 8.655735 -95.334709
v 0.000071 -8.221295 -80.400002
v 4.849344 -7.523164 -80.400002
v 8.738152 -5.566978 -80.400002
v 10.896280 0.457436 -80.400002
v 10.896281 4.046514 -80.400002
v -10.896135 4.046516 -80.400002
v -10.896135 0.457438 -80.400002
v -8.738008 -5.566976 -80.400002
v -4.849201 -7.523164 -80.400002
v 4.830881 -8.306563 -62.902081
v 0.000072 -9.048036 -62.902046
v -4.830737 -8.306561 -62.902081
v -8.707731 -4.854952 -62.911606
v -10.860934 0.464785 -62.911591
v -10.860968 3.459359 -62.911591
v -10.895446 3.362084 -80.062828
v -10.895489 0.114442 -80.062828
v -8.739133 -5.912808 -80.062820
v -4.851263 -7.873570 -80.062904
v 0.000071 -8.573276 -80.062935
v 4.851405 -7.873570 -80.062904
v 8.739276 -5.912809 -80.062820
v 10.895634 0.114440 -80.062828
v 10.895591 3.362082 -80.062828
v 10.861114 3.459357 -62.911591
v 10.861081 0.464783 -62.911591
v 8.707877 -4.854954 -62.911606
v 10.904678 4.022821 -84.577446
v -4.849804 8.813822 -81.076439
v -8.737704 6.876067 -80.212471
v -10.894794 4.050299 -79.733116
v -10.892035 4.058082 -78.360878
v 10.901918 4.030611 -83.203979
v -4.848577 8.845390 -79.703865
v -8.735492 6.897877 -78.840118
v 10.893635 4.053980 -79.083580
v -10.883760 4.081430 -74.244156
v -4.844895 8.940097 -75.586121
v -8.728854 6.963303 -74.723030
v -10.881001 4.089212 -72.871910
v 10.890874 4.061770 -77.710106
v -4.843668 8.971666 -74.213547
v -8.726642 6.985112 -73.350655
v -10.872726 4.112561 -68.755196
v 10.882590 4.085140 -73.589714
v -4.839986 9.066374 -70.095802
v -8.720004 7.050539 -69.233582
v -10.869967 4.120344 -67.382950
v 10.879830 4.092930 -72.216240
v -4.838759 9.097943 -68.723213
v -8.717793 7.072349 -67.861206
v -10.861692 4.143692 -63.266228
v 10.871547 4.116299 -68.095848
v -4.835077 9.192650 -64.605476
v -8.711156 7.137775 -63.744129
v 7.550758 7.351114 -87.264275
v -4.852872 8.734899 -84.507904
v -8.743236 6.821545 -83.643379
v -10.901691 4.030842 -83.163727
v -10.642238 3.831182 -80.396317
v -10.640853 3.834366 -79.807503
v -8.533999 6.599018 -80.276207
v -4.699244 8.512240 -81.128571
v -4.701979 8.436112 -84.420334
v -8.522676 6.559049 -83.571503
v -10.647829 3.815969 -83.099754
v -4.691536 8.640059 -75.638329
v -4.694882 8.548150 -79.616394
v -8.512487 6.637424 -78.768257
v -10.636130 3.845625 -78.296860
v -10.627774 3.867920 -74.318436
v -8.522474 6.688277 -74.786812
v -4.683697 8.767983 -70.148102
v -4.687041 8.676078 -74.126183
v -8.501091 6.726829 -73.278831
v -10.622964 3.879316 -72.807831
v -10.614612 3.901618 -68.829384
v -8.510835 6.777665 -69.297417
v -4.675916 8.895910 -64.657860
v -4.679255 8.804008 -68.635971
v -8.489753 6.816229 -67.789398
v -10.609849 3.912988 -67.318794
v -10.601497 3.935296 -63.340324
v -8.499255 6.867051 -63.808022
v 4.833392 9.239859 -62.552891
v 0.000076 9.983110 -62.552891
v 0.000074 9.352282 -87.264267
v 4.855484 8.671500 -87.264275
v 4.853020 8.734897 -84.507896
v 4.849952 8.813820 -81.076439
v 4.848725 8.845389 -79.703865
v 4.845043 8.940096 -75.586113
v 4.843816 8.971665 -74.213547
v 4.840135 9.066372 -70.095795
v 4.838908 9.097942 -68.723213
v 4.835227 9.192649 -64.605469
v 8.709398 7.156553 -62.562332
v 8.711304 7.137773 -63.744129
v 10.860425 4.147681 -62.562340
v 10.861840 4.143689 -63.266228
v 4.699392 8.512239 -81.128571
v 4.702127 8.436110 -84.420334
v 8.522823 6.559046 -83.571495
v 8.534147 6.599015 -80.276199
v 10.647976 3.815966 -83.099747
v 10.642385 3.831179 -80.396309
v 10.640998 3.834363 -79.807495
v 8.737852 6.876064 -80.212463
v 8.735639 6.897874 -78.840111
v 10.894941 4.050295 -79.733116
v 10.892182 4.058078 -78.360870
v 4.691685 8.640058 -75.638329
v 4.695030 8.548149 -79.616386
v 8.512635 6.637421 -78.768257
v 8.522622 6.688274 -74.786804
v 10.636276 3.845622 -78.296852
v 10.627922 3.867917 -74.318428
v 8.729002 6.963300 -74.723022
v 8.726789 6.985109 -73.350647
v 10.883907 4.081427 -74.244148
v 10.881148 4.089209 -72.871910
v 4.683846 8.767982 -70.148094
v 4.687189 8.676076 -74.126183
v 8.501240 6.726826 -73.278824
v 8.510983 6.777662 -69.297409
v 10.623111 3.879313 -72.807823
v 10.614758 3.901615 -68.829376
v 8.720153 7.050537 -69.233574
v 8.717941 7.072346 -67.861198
v 10.872873 4.112558 -68.755188
v 10.870116 4.120340 -67.382950
v 4.676065 8.895908 -64.657852
v 4.679405 8.804006 -68.635963
v 8.489902 6.816226 -67.789398
v 8.499405 6.867048 -63.808018
v 10.609997 3.912984 -67.318787
v 10.601645 3.935293 -63.340324
v 8.749220 6.764000 -87.264267
v 8.743382 6.821542 -83.643379
v 10.910080 4.007582 -87.264267
v 10.901837 4.030838 -83.163719
v 10.896281 4.046513 -80.399994
v 0.000074 -4.618511 2.657661
v 4.383359 -3.986821 2.657661
v 7.876667 0.104170 2.657662
v 5.760532 1.554350 2.657661
v 5.760532 3.272574 2.657660
v 7.876667 4.820640 2.657660
v 4.383361 8.195516 2.657660
v 0.000076 8.141206 2.633433
v -4.383209 8.195518 2.657661
v -7.876516 4.820642 2.657660
v -5.760379 3.272575 2.657660
v -5.760379 1.554351 2.657661
v -7.876516 0.104171 2.657661
v -4.383211 -3.986820 2.657662
v 0.000074 -4.416156 6.776223
v 4.316154 -3.794152 6.776223
v 7.758879 0.163915 6.776221
v 5.758646 1.278336 6.776222
v 5.758646 3.601560 6.776221
v 6.451859 5.694713 6.776221
v 4.316155 8.107401 6.776223
v 0.000077 8.043406 6.751997
v -4.316003 8.107403 6.776220
v -6.451707 5.694715 6.776223
v -5.758493 3.601561 6.776223
v -5.758493 1.278337 6.776222
v -7.758729 0.163916 6.776223
v -4.316004 -3.794151 6.776221
v 0.000075 -3.405956 22.564041
v 4.058532 -2.842335 22.564041
v 7.307363 0.489687 22.564041
v 5.676386 1.376608 22.564041
v 5.676387 3.525941 22.564041
v 6.076404 5.462422 22.564041
v 4.058533 7.589452 22.564041
v 0.000077 7.467074 22.539814
v -4.058380 7.589453 22.564041
v -6.076252 5.462424 22.564041
v -5.676234 3.525942 22.564041
v -5.676234 1.376609 22.564041
v -7.307212 0.489689 22.564041
v -4.058381 -2.842334 22.564041
v 0.000075 -3.340956 23.936893
v 4.036130 -2.780447 23.936893
v 7.268100 0.664501 23.936895
v 5.675767 1.637990 23.936895
v 5.675767 3.205513 23.936895
v 7.268102 4.617802 23.936895
v 4.036132 7.561147 23.936895
v 0.000077 7.435658 23.912670
v -4.035978 7.561149 23.936895
v -7.267949 4.617804 23.936895
v -5.675613 3.205514 23.936895
v -5.675614 1.637991 23.936895
v -7.267950 0.664502 23.936895
v -4.035979 -2.780445 23.936893
v 6.473071 1.349216 63.755535
v 7.529434 1.121031 29.769146
v 7.683541 1.007377 23.930353
v 7.707847 0.967687 22.553606
v 8.137362 0.654869 6.764280
v 8.228655 0.474024 2.641680
v 8.908014 0.180296 -22.581678
v 16.833452 0.485253 -33.494919
v 18.077740 0.389667 -39.154831
v 18.099962 0.502547 -53.040203
v 16.736574 0.566312 -56.615822
v 15.022223 0.595764 -59.187172
v 16.213011 1.540774 -59.178200
v 16.213009 3.414996 -59.178200
v 15.022223 4.360005 -59.187172
v 16.736572 4.389456 -56.615822
v 18.099962 4.453220 -53.040203
v 18.077742 4.566097 -39.154831
v 16.867281 4.512178 -33.514091
v 9.000452 4.534613 -22.581573
v 8.302341 4.482730 2.661689
v 6.807730 5.234637 6.781278
v 6.432811 5.002789 22.569216
v 7.696256 4.281160 23.944174
v 7.533292 3.724095 29.776005
v 6.473069 3.583230 63.755592
v 4.578906 3.148378 104.936066
v 5.141342 2.809217 104.936005
v 5.141342 2.123226 104.936005
v 4.578905 1.784065 104.936066
v -6.472916 3.583232 63.755592
v -7.533140 3.724097 29.776005
v -7.696104 4.281162 23.944174
v -6.432658 5.002790 22.569216
v -6.807577 5.234639 6.781279
v -8.302188 4.482732 2.661690
v -9.000301 4.534615 -22.581573
v -16.867132 4.512182 -33.514091
v -18.077591 4.566102 -39.154831
v -18.099817 4.453224 -53.040203
v -16.736427 4.389460 -56.615822
v -15.022079 4.360009 -59.187172
v -16.212864 3.414999 -59.178200
v -16.212864 1.540777 -59.178200
v -15.022074 0.595767 -59.187172
v -16.736425 0.566316 -56.615822
v -18.099815 0.502552 -53.040203
v -18.077591 0.389671 -39.154831
v -16.833302 0.485257 -33.494919
v -8.907865 0.180297 -22.581682
v -8.228503 0.474026 2.641678
v -8.137211 0.654870 6.764282
v -7.707695 0.967689 22.553606
v -7.683390 1.007379 23.930353
v -7.529282 1.121033 29.769146
v -6.472918 1.349218 63.755531
v -4.578749 1.784066 104.936066
v -5.141185 2.123228 104.936005
v -5.141185 2.809218 104.936005
v -4.578749 3.148379 104.936066
v 5.404515 1.349216 63.755535
v 5.656806 1.121031 29.769146
v 5.658702 1.007378 23.930353
v 5.659002 0.967688 22.553606
v 5.739161 0.654869 6.764280
v 5.740299 0.474025 2.641680
v 7.735407 0.180297 -22.581680
v 15.364382 0.485254 -33.494919
v 17.175224 0.389667 -39.154831
v 17.176037 0.502547 -53.040203
v 15.808922 0.566312 -56.615822
v 15.305005 0.595764 -59.187172
v 15.344043 1.540774 -59.178200
v 15.344042 3.414996 -59.178200
v 15.305005 4.360005 -59.187172
v 15.808922 4.389456 -56.615822
v 17.176037 4.453220 -53.040203
v 17.175224 4.566098 -39.154831
v 15.365490 4.512178 -33.514091
v 7.736960 4.534614 -22.581573
v 5.741220 4.482730 2.661689
v 5.739778 5.234638 6.781278
v 5.659349 5.002789 22.569216
v 5.658860 4.281161 23.944174
v 5.656854 3.724095 29.776005
v 5.404515 3.583230 63.755592
v 4.510072 3.148378 104.936066
v 4.515630 2.809217 104.936005
v 4.515630 2.123226 104.936005
v 4.510072 1.784065 104.936066
v -5.404356 3.583232 63.755592
v -5.656699 3.724097 29.776005
v -5.658706 4.281162 23.944174
v -5.659195 5.002790 22.569216
v -5.739625 5.234639 6.781279
v -5.741066 4.482731 2.661690
v -7.736809 4.534615 -22.581573
v -15.365343 4.512182 -33.514091
v -17.175079 4.566102 -39.154831
v -17.175886 4.453224 -53.040203
v -15.808772 4.389460 -56.615822
v -15.304857 4.360009 -59.187172
v -15.343893 3.414999 -59.178200
v -15.343894 1.540777 -59.178200
v -15.304857 0.595767 -59.187172
v -15.808773 0.566315 -56.615822
v -17.175888 0.502551 -53.040203
v -17.175079 0.389671 -39.154831
v -15.364235 0.485257 -33.494919
v -7.735258 0.180297 -22.581682
v -5.740148 0.474025 2.641678
v -5.739009 0.654870 6.764282
v -5.658850 0.967689 22.553606
v -5.658551 1.007379 23.930353
v -5.656652 1.121033 29.769146
v -5.404357 1.349218 63.755531
v -4.509911 1.784066 104.936066
v -4.515469 2.123227 104.936005
v -4.515469 2.809218 104.936005
v -4.509911 3.148379 104.936066
v -4.804911 4.554649 7.462648
v -5.888578 4.190660 7.462648
v -6.757613 3.170782 7.462648
v -7.239890 1.697016 7.462649
v -4.804912 4.554651 21.615705
v -5.888578 4.190660 21.615705
v -6.757613 3.170783 21.615705
v -7.239890 1.697017 21.615705
v -7.239890 0.879137 7.462649
v -7.239890 0.879137 21.615705
v -4.804912 0.879136 7.462649
v -4.804911 0.879136 21.615705
v 4.805066 4.554648 7.462648
v 5.888733 4.190658 7.462648
v 6.757766 3.170780 7.462648
v 7.240044 1.697014 7.462649
v 4.805066 4.554649 21.615705
v 5.888733 4.190659 21.615705
v 6.757766 3.170781 21.615705
v 7.240044 1.697015 21.615705
v 7.240044 0.879134 7.462649
v 7.240044 0.879134 21.615705
v 4.805065 0.879135 7.462649
v 4.805064 0.879134 21.615705
v -2.323652 1.105023 105.621696
v -1.689376 1.105023 118.663818
v 2.323814 1.105023 105.621696
v 2.323814 1.105023 118.663818
v -4.118481 4.537158 105.621696
v -4.118480 4.537158 118.663818
v 4.118643 4.537158 105.621696
v 4.118643 4.537158 118.663818
v -1.153497 4.537158 118.663818
v -1.153497 4.537158 105.621696
v 1.083185 4.537158 105.621696
v 1.083185 4.537158 118.663818
v -3.432054 5.223585 106.308136
v -3.432053 5.223585 117.977379
v -1.642151 5.223585 117.977379
v -1.642151 5.223585 106.308136
v 3.432217 5.223585 117.977379
v 3.432216 5.223584 106.308136
v 1.571839 5.223585 106.308136
v 1.571839 5.223585 117.977379
v -4.118480 2.477872 118.663818
v -4.118481 2.477872 105.621696
v 4.118643 2.477872 118.663818
v 4.118643 2.477871 105.621696
v -1.425008 1.791450 119.350243
v 1.354696 1.791450 119.350243
v 3.432217 2.682323 119.350243
v 3.432216 3.850731 119.350243
v 1.083185 3.850731 119.350243
v -1.153497 3.850731 119.350243
v -3.432053 3.850731 119.350243
v -3.432053 2.682323 119.350243
v -3.294768 2.819608 119.693459
v 3.294931 2.819608 119.693459
v 3.294931 3.713445 119.693459
v 1.083185 3.713445 119.693459
v -1.153497 3.713445 119.693459
v -3.294768 3.713446 119.693459
v -3.157482 2.956894 119.693459
v 3.157646 2.956893 119.693459
v 3.157646 3.576160 119.693459
v 1.083185 3.576160 119.693459
v -1.153497 3.576160 119.693459
v -3.157482 3.576160 119.693459
v -3.157483 2.956894 119.350243
v 3.157646 2.956893 119.350243
v 3.157646 3.576160 119.350243
v 1.083185 3.576160 119.350243
v -1.153497 3.576160 119.350243
v -3.157482 3.576160 119.350243
v -0.686355 0.418615 -109.916359
v -0.288505 0.057046 -142.178421
v -0.686356 -0.954239 -109.916359
v -0.288505 -0.629381 -142.178421
v 0.686498 0.418615 -109.916359
v 0.288645 0.057045 -142.178421
v 0.686498 -0.954239 -109.916359
v 0.288645 -0.629381 -142.178421
v -0.288505 -0.698500 -135.314148
v 0.288645 -0.698500 -135.314148
v -0.479770 -0.836737 -121.585617
v 0.479912 -0.836737 -121.585617
v 0.213348 -5.641378 -123.805893
v 0.213347 -5.503141 -129.113541
v -0.213208 -5.503141 -129.113541
v -0.213207 -5.641378 -123.805893
v -0.686354 10.028593 -109.916359
v -0.288504 10.390171 -142.178421
v -0.686354 11.401446 -109.916359
v -0.288504 11.076598 -142.178421
v 0.686500 10.028593 -109.916359
v 0.288646 10.390171 -142.178421
v 0.686500 11.401446 -109.916359
v 0.288646 11.076597 -142.178421
v -0.288503 11.145714 -135.314148
v 0.288647 11.145714 -135.314148
v -0.479769 11.283948 -121.585617
v 0.479913 11.283947 -121.585617
v 0.213350 16.088589 -123.805893
v 0.213350 15.950354 -129.113541
v -0.213205 15.950354 -129.113541
v -0.213205 16.088589 -123.805893
v 4.561468 5.223607 -131.337387
v 5.355835 5.223607 -128.314209
v 5.080995 5.223607 -128.314209
v 4.327392 5.223607 -131.337387
v 4.109748 3.244490 -131.337387
v 4.825448 2.899827 -128.314209
v 4.577825 3.019076 -128.314209
v 3.898852 3.346052 -131.337387
v 2.844055 1.657363 -131.337387
v 3.339335 1.036302 -128.314209
v 3.167975 1.251181 -128.314209
v 2.698111 1.840372 -131.337387
v 1.015077 0.776574 -131.337387
v 1.191840 0.002123 -128.314209
v 1.130682 0.270072 -128.314209
v 0.962990 1.004781 -131.337387
v -1.014935 0.776575 -131.337387
v -1.191699 0.002124 -128.314209
v -1.130541 0.270073 -128.314209
v -0.962849 1.004781 -131.337387
v -2.843914 1.657364 -131.337387
v -3.339194 1.036303 -128.314209
v -3.167834 1.251182 -128.314209
v -2.697969 1.840372 -131.337387
v -4.109606 3.244492 -131.337387
v -4.825306 2.899829 -128.314209
v -4.577683 3.019078 -128.314209
v -3.898710 3.346053 -131.337387
v -4.561326 5.223608 -131.337387
v -5.355692 5.223608 -128.314209
v -5.080852 5.223608 -128.314209
v -4.327250 5.223608 -131.337387
v -4.109605 7.202724 -131.337387
v -4.825305 7.547387 -128.314209
v -4.577682 7.428138 -128.314209
v -3.898710 7.101161 -131.337387
v -2.843912 8.789852 -131.337387
v -3.339192 9.410913 -128.314209
v -3.167832 9.196033 -128.314209
v -2.697968 8.606844 -131.337387
v -1.014934 9.670640 -131.337387
v -1.191697 10.445091 -128.314209
v -1.130540 10.177141 -128.314209
v -0.962847 9.442433 -131.337387
v 1.015078 9.670640 -131.337387
v 1.191842 10.445090 -128.314209
v 1.130684 10.177141 -128.314209
v 0.962991 9.442433 -131.337387
v 2.844056 8.789851 -131.337387
v 3.339336 9.410912 -128.314209
v 3.167976 9.196033 -128.314209
v 2.698112 8.606843 -131.337387
v 4.109747 7.202722 -131.337387
v 4.825448 7.547385 -128.314209
v 4.577826 7.428137 -128.314209
v 3.898852 7.101160 -131.337387
v 4.807647 2.908400 -129.822540
v 5.336078 5.223606 -129.822540
v 4.560938 3.027209 -129.822540
v 5.062252 5.223606 -129.822540
v 3.327016 1.051748 -129.822540
v 3.156289 1.265834 -129.822540
v 1.187444 0.021384 -129.822540
v 1.126512 0.288345 -129.822540
v -1.187303 0.021385 -129.822540
v -1.126371 0.288346 -129.822540
v -3.326875 1.051749 -129.822540
v -3.156147 1.265835 -129.822540
v -4.807506 2.908401 -129.822540
v -4.560797 3.027210 -129.822540
v -5.335936 5.223608 -129.822540
v -5.062109 5.223608 -129.822540
v -4.807505 7.538815 -129.822540
v -4.560796 7.420005 -129.822540
v -3.326874 9.395466 -129.822540
v -3.156146 9.181380 -129.822540
v -1.187301 10.425830 -129.822540
v -1.126369 10.158870 -129.822540
v 1.187445 10.425830 -129.822540
v 1.126513 10.158869 -129.822540
v 3.327018 9.395465 -129.822540
v 3.156290 9.181380 -129.822540
v 4.807647 7.538813 -129.822540
v 4.560939 7.420004 -129.822540
v 6.144323 5.223606 -125.148346
v 6.144323 5.223606 -123.904732
v 5.829020 5.223606 -123.904732
v 5.829020 5.223606 -125.148346
v 5.535851 2.557715 -125.148346
v 5.535851 2.557715 -123.904732
v 5.251772 2.694520 -123.904732
v 5.251772 2.694520 -125.148346
v 3.830949 0.419837 -125.148346
v 3.830949 0.419837 -123.904732
v 3.634361 0.666351 -123.904732
v 3.634362 0.666350 -125.148346
v 1.367295 -0.766596 -125.148346
v 1.367295 -0.766595 -123.904732
v 1.297134 -0.459198 -123.904732
v 1.297134 -0.459199 -125.148346
v -1.367154 -0.766596 -125.148346
v -1.367154 -0.766594 -123.904732
v -1.296992 -0.459198 -123.904732
v -1.296992 -0.459198 -125.148346
v -3.830807 0.419838 -125.148346
v -3.830807 0.419838 -123.904732
v -3.634219 0.666352 -123.904732
v -3.634219 0.666351 -125.148346
v -5.535708 2.557716 -125.148346
v -5.535708 2.557717 -123.904732
v -5.251630 2.694521 -123.904732
v -5.251630 2.694521 -125.148346
v -6.144180 5.223608 -125.148346
v -6.144180 5.223607 -123.904732
v -5.828877 5.223607 -123.904732
v -5.828877 5.223607 -125.148346
v -5.535707 7.889498 -125.148346
v -5.535707 7.889498 -123.904732
v -5.251629 7.752693 -123.904732
v -5.251629 7.752693 -125.148346
v -3.830806 10.027377 -125.148346
v -3.830806 10.027376 -123.904732
v -3.634218 9.780862 -123.904732
v -3.634218 9.780863 -125.148346
v -1.367152 11.213809 -125.148346
v -1.367152 11.213808 -123.904732
v -1.296991 10.906411 -123.904732
v -1.296990 10.906412 -125.148346
v 1.367297 11.213808 -125.148346
v 1.367297 11.213807 -123.904732
v 1.297135 10.906411 -123.904732
v 1.297136 10.906412 -125.148346
v 3.830950 10.027376 -125.148346
v 3.830950 10.027374 -123.904732
v 3.634362 9.780861 -123.904732
v 3.634362 9.780862 -125.148346
v 5.535851 7.889496 -125.148346
v 5.535851 7.889496 -123.904732
v 5.251773 7.752691 -123.904732
v 5.251773 7.752691 -125.148346
v 5.427006 4.938268 -109.916359
v 5.427005 4.938270 -129.822739
v 5.427006 5.508938 -109.916359
v 5.427006 5.508940 -129.822739
v 5.752703 4.938268 -109.916359
v 5.752702 4.938270 -129.822739
v 5.752703 5.508937 -109.916359
v 5.752702 5.508940 -129.822739
v -5.664299 4.938270 -109.916359
v -5.664299 4.938272 -129.822739
v -5.664299 5.508940 -109.916359
v -5.664299 5.508942 -129.822739
v -5.338602 4.938270 -109.916359
v -5.338603 4.938272 -129.822739
v -5.338602 5.508940 -109.916359
v -5.338603 5.508942 -129.822739
v 8.923622 0.418603 -86.577843
v 9.199667 0.694648 -84.518562
v 13.042184 0.418603 -86.577843
v 12.766139 0.694648 -84.518562
v 8.923623 4.537165 -86.577843
v 9.199668 4.261120 -84.518555
v 13.042185 4.537164 -86.577843
v 12.766140 4.261120 -84.518555
v 15.101464 0.418602 -86.989708
v 15.101464 0.418602 -85.616844
v 18.533598 0.418602 -86.989708
v 18.533598 0.418602 -85.616844
v 15.101465 4.537164 -86.989708
v 15.101465 4.537164 -85.616844
v 18.533600 4.537164 -86.989708
v 18.533600 4.537163 -85.616844
v 14.415038 3.850737 -86.577843
v 14.415038 3.164310 -86.577843
v 19.220028 3.850737 -86.577843
v 19.220028 3.164310 -86.577843
v 14.415038 3.850737 -85.204987
v 14.415038 3.164310 -85.204987
v 19.220028 3.850736 -85.204987
v 19.220028 3.164310 -85.204987
v 14.415038 1.791456 -86.577843
v 14.415038 1.105029 -86.577843
v 19.220028 1.791456 -86.577843
v 19.220028 1.105029 -86.577843
v 14.415038 1.791456 -85.204987
v 14.415038 1.105029 -85.204987
v 19.220028 1.791456 -85.204987
v 19.220028 1.105029 -85.204987
v 22.652163 1.105028 -86.577843
v 23.459106 1.367220 -86.577843
v 23.957825 2.053647 -86.577843
v 23.957823 2.902117 -86.577843
v 23.459106 3.588544 -86.577843
v 22.652163 3.850736 -86.577843
v 21.845219 3.588544 -86.577843
v 21.346500 2.902117 -86.577843
v 21.346500 2.053647 -86.577843
v 21.845221 1.367220 -86.577843
v 22.652163 1.105028 -85.891411
v 23.459106 1.367220 -85.891411
v 23.957825 2.053647 -85.891411
v 23.957823 2.902117 -85.891411
v 23.459106 3.588544 -85.891411
v 22.652163 3.850736 -85.891411
v 21.845219 3.588544 -85.891411
v 21.346500 2.902117 -85.891411
v 21.346500 2.053647 -85.891411
v 21.845221 1.367220 -85.891411
v -8.923478 0.418605 -86.577835
v -13.042039 0.418606 -86.577835
v -12.765994 0.694651 -84.518555
v -9.199522 0.694650 -84.518555
v -8.923477 4.537166 -86.577835
v -9.199522 4.261122 -84.518555
v -12.765993 4.261123 -84.518555
v -13.042039 4.537167 -86.577835
v -15.101319 0.418606 -86.989700
v -18.533453 0.418606 -86.989700
v -18.533453 0.418606 -85.616844
v -15.101319 0.418606 -85.616844
v -15.101320 4.537167 -86.989700
v -15.101320 4.537167 -85.616844
v -18.533455 4.537168 -85.616844
v -18.533455 4.537168 -86.989700
v -14.414892 3.850740 -85.204979
v -14.414892 3.164313 -85.204979
v -19.219881 3.164314 -85.204979
v -19.219881 3.850740 -85.204979
v -14.414893 3.850740 -86.577835
v -14.414893 3.164313 -86.577835
v -19.219881 3.164314 -86.577835
v -19.219881 3.850740 -86.577835
v -14.414892 1.791459 -85.204979
v -14.414892 1.105033 -85.204979
v -19.219881 1.105033 -85.204979
v -19.219881 1.791460 -85.204979
v -14.414892 1.791459 -86.577835
v -14.414892 1.105033 -86.577835
v -19.219881 1.105033 -86.577835
v -19.219881 1.791460 -86.577835
v -22.652020 1.105033 -86.577835
v -23.458961 1.367225 -86.577835
v -23.458961 1.367225 -85.891411
v -22.652020 1.105033 -85.891411
v -23.957682 2.053652 -86.577835
v -23.957682 2.053652 -85.891411
v -23.957678 2.902122 -86.577835
v -23.957678 2.902122 -85.891411
v -23.458961 3.588549 -86.577835
v -23.458961 3.588549 -85.891411
v -22.652018 3.850741 -86.577835
v -22.652018 3.850741 -85.891411
v -21.845074 3.588549 -86.577835
v -21.845072 3.588549 -85.891411
v -21.346354 2.902122 -86.577835
v -21.346354 2.902122 -85.891411
v -21.346355 2.053652 -86.577835
v -21.346355 2.053652 -85.891411
v -21.845074 1.367225 -86.577835
v -21.845074 1.367225 -85.891411
v 0.000075 15.498053 -68.896858
v 0.305903 15.498053 -68.996231
v 0.494916 15.498053 -69.256386
v 0.494916 15.498052 -69.577950
v 0.305903 15.498052 -69.838104
v 0.000075 15.498053 -69.937469
v -0.305753 15.498053 -69.838104
v -0.494766 15.498053 -69.577950
v -0.494766 15.498054 -69.256386
v -0.305753 15.498054 -68.996231
v 0.000075 20.346930 -69.122261
v 0.173415 20.346930 -69.178589
v 0.280546 20.346930 -69.326035
v 0.280546 20.346930 -69.508293
v 0.173415 20.346930 -69.655746
v 0.000075 20.346930 -69.712074
v -0.173265 20.346930 -69.655746
v -0.280395 20.346930 -69.508293
v -0.280395 20.346930 -69.326035
v -0.173265 20.346930 -69.178589
v -0.672706 11.401441 -64.612183
v -0.570455 11.401442 -77.654289
v -0.395099 15.520001 -66.190804
v -0.335039 15.520002 -70.921402
v 0.672856 11.401441 -64.612183
v 0.570604 11.401442 -77.654289
v 0.395249 15.520002 -66.190804
v 0.335189 15.520002 -70.921402
v -0.806304 15.520002 -69.810234
v -1.372779 11.401441 -70.103592
v 1.372928 11.401441 -70.103592
v 0.806454 15.520002 -69.810234
v -0.806304 15.520003 -68.000519
v 1.372929 11.401441 -67.357887
v -1.372779 11.401441 -67.357887
v 0.806454 15.520002 -68.000519
v -0.411781 15.520003 -67.357880
v -0.411781 15.520003 -68.044312
v -0.217394 23.757124 -67.552269
v -0.217394 23.757124 -67.849915
v 0.274646 15.520003 -67.357880
v 0.274646 15.520003 -68.044312
v 0.080260 23.757124 -67.552269
v 0.080260 23.757124 -67.849915
v -0.213126 -18.114941 117.487297
v -0.213126 -18.114941 111.309448
v -1.532760 2.477866 118.663818
v -1.532761 2.477870 91.206734
v 0.213284 -18.114941 117.487297
v 0.213284 -18.114941 111.309448
v 1.532923 2.477866 118.663818
v 1.532922 2.477870 91.206734
v -0.686346 -2.327116 119.350243
v -0.686347 -0.954260 91.206734
v 0.686507 -0.954260 91.206734
v 0.686508 -2.327117 119.350243
v -0.409619 -7.132112 119.350243
v 0.409780 -7.132109 110.426682
v -0.409620 -7.132111 110.426682
v 0.409781 -7.132111 119.350243
v -0.589296 -4.125580 104.079636
v -0.686346 -1.560676 103.638214
v 0.686507 -1.560675 103.638214
v 0.589457 -4.125580 104.079636
v 0.000076 5.933968 0.343071
v 1.710150 5.933968 0.032393
v 1.481043 6.648312 0.032393
v 0.855113 7.171248 0.032393
v 0.000076 7.362657 0.032393
v -0.854961 7.171248 0.032393
v -1.480891 6.648313 0.032393
v -1.709998 5.933969 0.032393
v 3.303685 5.933968 -2.937745
v 2.861085 7.313975 -2.937745
v 1.651881 8.324210 -2.937746
v 0.000076 8.693982 -2.937745
v -1.651728 8.324211 -2.937745
v -2.860933 7.313976 -2.937745
v -3.303533 5.933969 -2.937745
v 4.672085 5.933968 -1.869937
v 4.046154 7.885593 -1.869937
v 2.336081 9.314281 -1.869937
v 0.000076 9.837218 -1.869937
v -2.335928 9.314281 -1.869937
v -4.046002 7.885593 -1.869937
v -4.671933 5.933968 -1.869936
v 5.722094 5.933968 -3.071831
v 4.955490 8.324211 -3.071831
v 2.861086 10.073990 -3.071834
v 0.000076 10.714454 -3.071831
v -2.860933 10.073990 -3.071831
v -4.955338 8.324211 -3.071833
v -5.721943 5.933969 -3.071831
v 6.382158 5.933968 -5.270830
v 5.527122 8.599937 -5.270830
v 3.191118 10.551562 -5.270831
v 0.000076 11.265907 -5.270828
v -3.190965 10.551562 -5.270828
v -5.526969 8.599938 -5.270830
v -6.382007 5.933969 -5.270830
v 6.607294 5.933968 -7.630645
v 5.722094 8.693981 -7.630645
v 3.303685 10.714453 -7.630646
v 0.000076 11.453997 -7.630643
v -3.303532 10.714453 -7.630643
v -5.721942 8.693983 -7.630645
v -6.607142 5.933969 -7.630645
v 7.674561 5.933969 -55.564842
v 6.646375 8.693983 -55.564835
v 3.837317 10.714455 -55.564835
v 0.000074 11.454000 -55.564835
v -3.837169 10.714456 -55.564835
v -6.646225 8.693985 -55.564835
v -7.674412 5.933970 -55.564835
v 7.413058 5.933969 -57.551144
v 6.419908 8.599937 -57.551140
v 3.706567 10.551562 -57.551140
v 0.000074 11.265907 -57.551140
v -3.706418 10.551563 -57.551140
v -6.419759 8.599939 -57.551140
v -7.412911 5.933970 -57.551140
v 6.646374 5.933969 -59.402084
v 5.755939 8.324211 -59.402084
v 3.323225 10.073991 -59.402084
v 0.000074 10.714455 -59.402084
v -3.323076 10.073991 -59.402084
v -5.755792 8.324212 -59.402084
v -6.646227 5.933970 -59.402084
v 5.426756 5.933969 -60.991520
v 4.699719 7.885593 -60.991512
v 2.713415 9.314282 -60.991512
v 0.000074 9.837220 -60.991512
v -2.713267 9.314282 -60.991512
v -4.699570 7.885594 -60.991512
v -5.426607 5.933969 -60.991516
v 3.837317 5.933969 -62.211140
v 3.323224 7.313977 -62.211136
v 1.918696 8.324212 -62.211136
v 0.000074 8.693984 -62.211136
v -1.918547 8.324212 -62.211136
v -3.323076 7.313977 -62.211136
v -3.837169 5.933969 -62.211136
v 1.986377 5.933969 -62.977821
v 1.720263 6.648314 -62.977821
v 0.993226 7.171250 -62.977818
v 0.000074 7.362658 -62.977818
v -0.993078 7.171250 -62.977818
v -1.720115 6.648314 -62.977818
v -1.986229 5.933969 -62.977818
v 0.000074 5.933969 -63.239326
v 0.000076 9.529634 -11.809096
v 0.707941 9.529634 -12.217770
v 0.613105 10.135901 -12.217770
v 0.354009 10.579720 -12.217770
v 0.000077 10.742167 -12.217770
v -0.353855 10.579720 -12.217770
v -0.612952 10.135901 -12.217770
v -0.707788 9.529634 -12.217770
v 1.367565 9.529634 -13.415934
v 1.184356 10.700850 -13.415934
v 0.683821 11.389800 -13.369730
v 0.000077 11.703626 -13.369730
v -0.683668 11.389800 -13.369730
v -1.184203 10.700851 -13.415934
v -1.367412 9.529635 -13.415933
v 2.046261 9.427110 -15.321932
v 1.772125 11.179611 -15.321932
v 1.023169 12.111043 -15.321933
v 0.000077 12.580624 -15.321933
v -1.023016 12.111043 -15.321933
v -1.771971 11.179611 -15.321932
v -2.046108 9.427110 -15.321932
v 2.643625 9.278500 -17.805874
v 2.289457 11.542626 -17.805874
v 1.321851 12.556736 -17.805880
v 0.000077 13.163407 -17.805876
v -1.321698 12.556736 -17.805876
v -2.289304 11.542626 -17.805878
v -2.643473 9.278499 -17.805876
v 2.974131 9.226187 -20.698490
v 2.575683 11.773384 -20.698494
v 1.487104 12.762593 -20.698494
v 0.000077 13.445114 -20.698490
v -1.486951 12.762594 -20.698490
v -2.575531 11.773384 -20.698494
v -2.973979 9.226187 -20.698492
v 3.158427 9.142985 -23.802650
v 2.735288 11.848027 -23.802650
v 1.579252 12.952787 -23.802652
v 0.000076 13.677600 -23.802647
v -1.579099 12.952786 -23.802647
v -2.735136 11.848028 -23.802650
v -3.158275 9.142985 -23.802650
v 4.292216 9.529637 -53.475704
v 3.717178 11.872070 -53.475704
v 2.146146 13.586851 -53.475704
v 0.000076 14.214505 -53.475704
v -2.145995 13.586852 -53.475704
v -3.717027 11.872071 -53.475704
v -4.292065 9.529638 -53.475704
v 4.145964 9.529637 -55.748131
v 3.590521 11.792254 -55.748127
v 2.073020 13.448604 -55.748127
v 0.000076 14.054872 -55.748127
v -2.072869 13.448605 -55.748127
v -3.590371 11.792255 -55.748127
v -4.145814 9.529638 -55.748127
v 3.717178 9.529636 -57.865696
v 3.219180 11.558244 -57.865696
v 1.858627 13.043286 -57.865696
v 0.000075 13.586851 -57.865696
v -1.858476 13.043287 -57.865696
v -3.219030 11.558244 -57.865696
v -3.717028 9.529637 -57.865696
v 3.035077 9.529636 -59.684090
v 2.628464 11.185987 -59.684090
v 1.517576 12.398520 -59.684090
v 0.000075 12.842339 -59.684086
v -1.517426 12.398520 -59.684090
v -2.628314 11.185988 -59.684090
v -3.034927 9.529637 -59.684090
v 2.146145 9.529637 -61.079395
v 1.858626 10.700854 -61.079391
v 1.073110 11.558244 -61.079391
v 0.000075 11.872071 -61.079391
v -1.072960 11.558245 -61.079391
v -1.858476 10.700853 -61.079391
v -2.145996 9.529637 -61.079391
v 1.110963 9.529637 -61.956512
v 0.962132 10.135904 -61.956512
v 0.555519 10.579721 -61.956512
v 0.000075 10.742170 -61.956512
v -0.555369 10.579721 -61.956512
v -0.961982 10.135904 -61.956512
v -1.110813 9.529637 -61.956512
v 0.000075 9.529637 -62.255688
v 2.059364 6.483679 63.749657
v 2.059361 7.702158 29.771524
v 2.059367 5.112465 105.621696
v 2.059357 9.616035 -22.740135
v 2.059359 8.530436 2.657661
v 2.059359 8.432635 6.776223
v 2.059361 7.867089 22.564041
v 2.059361 7.835673 23.936895
v -2.059198 6.483681 63.749657
v -2.059201 7.702159 29.771524
v -2.059195 5.112468 105.621696
v -2.059205 9.616036 -22.740135
v -2.059203 8.530437 2.657661
v -2.059202 8.432636 6.776221
v -2.059201 7.867090 22.564041
v -2.059201 7.835674 23.936895
v -1.427554 4.426469 105.597473
v 0.000079 4.687196 105.597473
v 1.427723 4.426466 105.597473
v 1.427720 5.797680 63.725430
v 1.427718 7.016159 29.747297
v 1.427718 7.149674 23.912670
v 1.427718 7.181090 22.539814
v 1.427717 7.746636 6.751997
v 1.427716 7.844436 2.633434
v 1.427715 8.930036 -22.764360
v 0.000076 9.249935 -22.764360
v -1.427563 8.930037 -22.764360
v -1.427561 7.844437 2.633434
v -1.427561 7.746636 6.751995
v -1.427560 7.181091 22.539814
v -1.427560 7.149675 23.912670
v -1.427559 7.016160 29.747297
v -1.427557 5.797682 63.725430
v -1.730182 4.613913 83.967232
v -1.730182 4.613913 88.149834
v 1.730344 4.613912 83.967232
v 1.730344 4.613912 88.149834
v -1.355461 5.815460 84.200874
v -1.355460 5.815459 87.916191
v 1.355622 5.815459 84.200874
v 1.355623 5.815459 87.916191
v -1.029561 6.321871 42.781616
v -1.029561 6.321871 46.964214
v 1.029719 6.321871 42.781616
v 1.029720 6.321871 46.964214
v -0.806573 7.694725 43.015259
v -0.806573 7.694725 46.730572
v 0.806731 7.694725 43.015259
v 0.806731 7.694725 46.730572
v -3.432057 7.008300 9.521930
v -3.432057 7.008300 21.191189
v -1.372776 7.008299 9.521930
v -1.372776 7.008299 21.191189
v -3.209069 8.381154 10.173792
v -3.209068 8.381154 20.539326
v -1.595764 8.381153 10.173792
v -1.595764 8.381154 20.539326
v 1.372931 7.008299 9.521930
v 1.372932 7.008299 21.191189
v 3.432213 7.008299 9.521930
v 3.432213 7.008299 21.191189
v 1.595920 8.381153 10.173792
v 1.595920 8.381153 20.539326
v 3.209224 8.381152 10.173792
v 3.209224 8.381153 20.539326
v 0.397966 -1.987353 119.301704
v 1.124679 2.138102 118.712341
v -1.124516 2.138102 118.712341
v -0.397803 -1.987353 119.301704
v 0.397966 -2.084429 118.622177
v 1.124679 2.041026 118.032829
v -1.124516 2.041026 118.032829
v -0.397803 -2.084428 118.622177
v -1.035751 12.774289 -28.231550
v -1.000927 12.774292 -48.137928
v -0.228968 21.697840 -32.350109
v -0.221268 21.697842 -41.960087
v 1.035904 12.774289 -28.231550
v 1.001078 12.774292 -48.137928
v 0.229123 21.697840 -32.350109
v 0.221422 21.697842 -41.960087
v -0.455277 21.697840 -38.527950
v -2.059205 12.774290 -38.527950
v 2.059357 12.774290 -38.527950
v 0.455432 21.697840 -38.527950
v -0.588755 15.519997 -33.722961
v -0.568959 16.206425 -46.078651
v 0.569111 16.206425 -46.078651
v 0.588908 15.519998 -33.722961
v -1.170553 16.206423 -38.527950
v 1.170706 16.206423 -38.527950
v -0.436974 21.697842 -35.782246
v 1.982789 12.774289 -35.782246
v -1.982637 12.774290 -35.782246
v 0.437128 21.697842 -35.782246
v -1.032485 15.814181 -35.782246
v 1.032638 15.814180 -35.782246
v 0.000077 12.774289 -27.545124
v 0.000078 21.697840 -31.663685
v 0.000077 15.519996 -33.036537
v 0.000079 22.384264 -20.661907
v 1.732497 22.384262 -21.521305
v 1.401635 22.716124 -21.521303
v 0.535425 23.345465 -21.521305
v -0.535268 23.345461 -21.521303
v -1.401478 22.716124 -21.521303
v -1.732340 22.384262 -21.521305
v -1.401477 22.052401 -21.521305
v -0.535268 21.423063 -21.521303
v 0.535426 21.423063 -21.521303
v 1.401635 22.052399 -21.521303
v 2.803191 23.070690 -27.365404
v 2.267844 24.718319 -27.365404
v 0.866288 25.736609 -27.365404
v -0.866131 25.736609 -27.365408
v -2.267687 24.718319 -27.365404
v -2.803034 23.070690 -27.365404
v -2.267687 22.109489 -27.365404
v -0.866131 21.091200 -27.365404
v 0.866288 21.091200 -27.365404
v 2.267844 22.109491 -27.365404
v 2.803191 23.070690 -34.589111
v 2.267844 24.718319 -34.589111
v 0.866288 25.736609 -34.589115
v -0.866131 25.736609 -34.589115
v -2.267687 24.718321 -34.589111
v -2.803034 23.070690 -34.589111
v -2.267687 22.109489 -34.589111
v -0.866131 21.091202 -34.589111
v 0.866288 21.091200 -34.589111
v 2.267844 22.109491 -34.589111
v 1.732497 22.384262 -43.178917
v 1.401634 23.402554 -43.178917
v 0.535425 24.031891 -43.178917
v -0.535269 24.031891 -43.178917
v -1.401478 23.402554 -43.178917
v -1.732341 22.384262 -43.178917
v -1.401478 22.052399 -43.178917
v -0.535269 21.423061 -43.178917
v 0.535425 21.423061 -43.178917
v 1.401634 22.052401 -43.178917
v 0.000078 21.697836 -44.724739
v -0.137208 24.942627 -39.430153
v -0.137208 24.942627 -39.685032
v -0.088473 28.063034 -39.478889
v -0.088473 28.063034 -39.636299
v 0.117673 24.942627 -39.430153
v 0.117673 24.942627 -39.685032
v 0.068939 28.063034 -39.478889
v 0.068939 28.063034 -39.636299
v -0.686349 24.443548 -35.782246
v -0.686350 23.757120 -41.960087
v -0.523644 25.816402 -36.355476
v -0.523644 25.816402 -41.386860
v 0.686504 24.443548 -35.782246
v 0.686504 23.757120 -41.960087
v 0.523799 25.816402 -36.355476
v 0.523799 25.816401 -41.386860
v -0.274493 24.942625 -40.116577
v -0.274493 24.942625 -40.371460
v -0.225758 28.749458 -40.165314
v -0.225758 28.749458 -40.322727
v -0.019612 24.942625 -40.116577
v -0.019612 24.942625 -40.371460
v -0.068346 28.749458 -40.165314
v -0.068346 28.749458 -40.322727
v 0.000078 25.629051 -38.057301
v 0.000078 25.629051 -38.312180
v 0.048813 30.122313 -38.106033
v 0.048813 30.122313 -38.263443
v 0.254959 25.629051 -38.057301
v 0.254959 25.629051 -38.312180
v 0.206225 30.122313 -38.106033
v 0.206225 30.122313 -38.263443
v 2.608499 5.948765 1.284807
v 2.608499 5.948766 -2.147328
v 2.608500 7.562446 1.284807
v 2.608500 8.935300 -2.147328
v 2.898583 5.948765 1.284807
v 2.898583 5.948766 -2.147328
v 2.898584 7.562446 1.284807
v 2.898583 8.935300 -2.147328
v 2.608500 8.935300 -0.774474
v 2.608499 5.948765 -0.774474
v 2.898583 5.948765 -0.774474
v 2.898584 8.935300 -0.774474
v 1.922073 6.299506 1.284807
v 1.922072 6.299507 -2.147328
v 1.922073 7.913187 1.284807
v 1.922073 9.286041 -2.147328
v 2.212156 6.299506 1.284807
v 2.212156 6.299507 -2.147328
v 2.212157 7.913187 1.284807
v 2.212157 9.286041 -2.147328
v 1.922073 9.286041 -0.774474
v 1.922072 6.299506 -0.774474
v 2.212156 6.299506 -0.774474
v 2.212157 9.286041 -0.774474
v 1.235645 6.422354 1.284807
v 1.235645 6.422354 -2.147328
v 1.235646 8.036035 1.284807
v 1.235646 9.408889 -2.147327
v 1.525729 6.422353 1.284807
v 1.525729 6.422354 -2.147328
v 1.525730 8.036035 1.284807
v 1.525729 9.408889 -2.147327
v 1.235646 9.408889 -0.774474
v 1.235645 6.422354 -0.774474
v 1.525729 6.422354 -0.774474
v 1.525730 9.408889 -0.774474
v 0.549219 6.596443 1.284807
v 0.549218 6.596443 -2.147328
v 0.549219 8.210124 1.284807
v 0.549219 9.582977 -2.147327
v 0.839302 6.596443 1.284807
v 0.839302 6.596443 -2.147328
v 0.839303 8.210124 1.284807
v 0.839303 9.582977 -2.147327
v 0.549219 9.582977 -0.774474
v 0.549219 6.596443 -0.774474
v 0.839302 6.596443 -0.774474
v 0.839303 9.582977 -0.774474
v -0.137208 6.596443 1.284807
v -0.137208 6.596444 -2.147328
v -0.137208 8.210124 1.284807
v -0.137208 9.582978 -2.147327
v 0.152875 6.596443 1.284807
v 0.152875 6.596444 -2.147328
v 0.152876 8.210124 1.284807
v 0.152876 9.582977 -2.147327
v -0.137208 9.582977 -0.774474
v -0.137208 6.596443 -0.774474
v 0.152875 6.596443 -0.774474
v 0.152876 9.582977 -0.774474
v -0.137208 6.596443 1.284807
v -0.137208 6.596444 -2.147328
v -0.137208 8.210124 1.284807
v -0.137208 9.582978 -2.147327
v 0.152875 6.596443 1.284807
v 0.152875 6.596444 -2.147328
v 0.152876 8.210124 1.284807
v 0.152876 9.582977 -2.147327
v -0.137208 9.582977 -0.774474
v -0.137208 6.596443 -0.774474
v 0.152875 6.596443 -0.774474
v 0.152876 9.582977 -0.774474
v -1.510062 6.422354 1.284807
v -1.510062 6.422355 -2.147328
v -1.510062 8.036036 1.284807
v -1.510062 9.408889 -2.147327
v -1.219978 6.422354 1.284807
v -1.219979 6.422355 -2.147328
v -1.219978 8.036036 1.284807
v -1.219978 9.408889 -2.147327
v -1.510062 9.408889 -0.774474
v -1.510062 6.422354 -0.774474
v -1.219978 6.422354 -0.774474
v -1.219978 9.408889 -0.774474
v -2.196489 6.299507 1.284807
v -2.196489 6.299507 -2.147328
v -2.196489 7.913188 1.284807
v -2.196489 9.286041 -2.147327
v -1.906405 6.299507 1.284807
v -1.906405 6.299507 -2.147328
v -1.906405 7.913188 1.284807
v -1.906405 9.286041 -2.147327
v -2.196489 9.286041 -0.774474
v -2.196489 6.299507 -0.774474
v -1.906405 6.299507 -0.774474
v -1.906405 9.286041 -0.774474
v -0.823635 6.596443 1.284807
v -0.823635 6.596444 -2.147328
v -0.823635 8.210124 1.284807
v -0.823635 9.582978 -2.147327
v -0.533552 6.596443 1.284807
v -0.533552 6.596444 -2.147328
v -0.533551 8.210124 1.284807
v -0.533551 9.582978 -2.147327
v -0.823635 9.582978 -0.774474
v -0.823635 6.596443 -0.774474
v -0.533552 6.596443 -0.774474
v -0.533551 9.582978 -0.774474
v -2.882916 5.948765 1.284807
v -2.882916 5.948766 -2.147328
v -2.882916 7.562446 1.284807
v -2.882915 8.935301 -2.147327
v -2.592832 5.948765 1.284807
v -2.592832 5.948766 -2.147328
v -2.592832 7.562446 1.284807
v -2.592832 8.935301 -2.147327
v -2.882915 8.935301 -0.774474
v -2.882916 5.948766 -0.774474
v -2.592832 5.948766 -0.774474
v -2.592832 8.935301 -0.774474
v 4.667776 6.299517 -84.518555
v 4.667776 7.913198 -84.518555
v 4.667777 9.286052 -86.577843
v 4.667776 6.299517 -86.577843
v 4.957860 6.299517 -84.518555
v 4.957860 6.299517 -86.577843
v 4.957860 9.286052 -86.577843
v 4.957860 7.913198 -84.518555
v 4.667777 9.286052 -87.950691
v 4.957860 9.286052 -87.950691
v 4.667776 6.299518 -87.950691
v 4.957860 6.299518 -87.950691
v 3.981349 6.811448 -84.518555
v 3.981349 8.425128 -84.518555
v 3.981350 9.797983 -86.577843
v 3.981349 6.811448 -86.577843
v 4.271433 6.811447 -84.518555
v 4.271433 6.811447 -86.577843
v 4.271433 9.797982 -86.577843
v 4.271433 8.425128 -84.518555
v 3.981350 9.797983 -87.950691
v 4.271433 9.797983 -87.950691
v 3.981349 6.811448 -87.950691
v 4.271433 6.811448 -87.950691
v 3.294923 7.305281 -84.518555
v 3.294923 8.918962 -84.518555
v 3.294923 10.291816 -86.577843
v 3.294923 7.305281 -86.577843
v 3.585007 7.305281 -84.518555
v 3.585007 7.305281 -86.577843
v 3.585007 10.291815 -86.577843
v 3.585007 8.918962 -84.518555
v 3.294923 10.291816 -87.950691
v 3.585007 10.291816 -87.950691
v 3.294923 7.305281 -87.950691
v 3.585007 7.305281 -87.950691
v 2.608496 7.865943 -84.518555
v 2.608496 9.479624 -84.518555
v 2.608496 10.852478 -86.577843
v 2.608496 7.865943 -86.577843
v 2.898580 7.865943 -84.518555
v 2.898579 7.865943 -86.577843
v 2.898580 10.852478 -86.577843
v 2.898580 9.479624 -84.518555
v 2.608495 7.865943 -87.950691
v 2.608496 10.852478 -87.950691
v 2.898580 10.852478 -87.950691
v 2.898579 7.865943 -87.950691
v -3.569347 7.292790 -84.518555
v -3.569347 8.906471 -84.518555
v -3.569346 10.279325 -86.577843
v -3.569347 7.292790 -86.577843
v -3.279263 7.292790 -84.518555
v -3.279263 7.292790 -86.577843
v -3.279263 10.279325 -86.577843
v -3.279263 8.906471 -84.518555
v -3.569346 10.279325 -87.950691
v -3.279263 10.279325 -87.950691
v -3.569347 7.292790 -87.950691
v -3.279263 7.292790 -87.950691
v -4.255774 6.815058 -84.518555
v -4.255774 8.428739 -84.518555
v -4.255774 9.801593 -86.577843
v -4.255774 6.815058 -86.577843
v -3.965690 6.815058 -84.518555
v -3.965690 6.815058 -86.577843
v -3.965690 9.801592 -86.577843
v -3.965690 8.428739 -84.518555
v -4.255774 9.801593 -87.950691
v -3.965690 9.801593 -87.950691
v -4.255774 6.815058 -87.950691
v -3.965690 6.815058 -87.950691
v -2.882920 7.865944 -84.518555
v -2.882920 9.479625 -84.518555
v -2.882920 10.852479 -86.577843
v -2.882920 7.865944 -86.577843
v -2.592836 7.865944 -84.518555
v -2.592836 7.865944 -86.577843
v -2.592836 10.852479 -86.577843
v -2.592836 9.479625 -84.518555
v -2.882920 10.852479 -87.950691
v -2.592836 10.852479 -87.950691
v -2.882920 7.865944 -87.950691
v -2.592836 7.865944 -87.950691
v -4.942201 6.286126 -84.518555
v -4.942201 7.899806 -84.518555
v -4.942201 9.272661 -86.577843
v -4.942201 6.286126 -86.577843
v -4.652117 6.286126 -84.518555
v -4.652117 6.286126 -86.577843
v -4.652117 9.272661 -86.577843
v -4.652117 7.899806 -84.518555
v -4.942201 9.272661 -87.950691
v -4.652117 9.272661 -87.950691
v -4.942201 6.286126 -87.950691
v -4.652117 6.286126 -87.950691
v 7.479478 2.481683 -50.579224
v 7.479478 0.243648 -50.068401
v 13.493259 0.223904 -50.109402
v 13.493260 2.481683 -50.624722
v 7.479478 -1.551116 -48.637131
v 13.493260 -1.586693 -48.665497
v 7.479478 -2.547137 -46.568871
v 13.493260 -2.591500 -46.578995
v 7.479478 -2.547138 -44.273277
v 13.493260 -2.591500 -44.263149
v 7.479478 -1.551118 -42.205029
v 13.493259 -1.586693 -42.176651
v 7.479477 0.243646 -40.773746
v 13.493259 0.223904 -40.732750
v 7.479478 2.481682 -40.262928
v 13.493260 2.481682 -40.217422
v 7.479479 4.719717 -40.773746
v 13.493260 4.739461 -40.732750
v 7.479479 6.514482 -42.205029
v 13.493260 6.550058 -42.176651
v 7.479479 7.510501 -44.273277
v 13.493262 7.554863 -44.263149
v 7.479478 7.510503 -46.568871
v 13.493264 7.554863 -46.578991
v 7.479478 6.514484 -48.637131
v 13.493264 6.550059 -48.665493
v 7.479479 4.719718 -50.068409
v 13.493262 4.739460 -50.109402
v 17.006674 -0.039608 -50.280197
v 17.006676 2.477883 -50.817471
v 17.006672 -2.058479 -48.774811
v 17.006674 -3.178869 -46.599457
v 17.006674 -3.178869 -44.184990
v 17.006672 -2.058480 -42.009640
v 17.006674 -0.039609 -40.504242
v 17.006674 2.477882 -39.966972
v 17.006674 4.995373 -40.504238
v 17.006676 7.014244 -42.009636
v 17.006678 8.134634 -44.184990
v 17.006676 8.134633 -46.599453
v 17.006678 7.014245 -48.774807
v 17.006676 4.995374 -50.280197
v 20.207087 2.477883 -51.071980
v 20.207088 0.013526 -50.509510
v 20.207083 -1.962733 -48.933495
v 20.207085 -3.059475 -46.656090
v 20.207085 -3.059475 -44.128361
v 20.207083 -1.962734 -41.850948
v 20.207085 0.013526 -40.274937
v 20.207085 2.477881 -39.712460
v 20.207085 4.942237 -40.274937
v 20.207087 6.918497 -41.850948
v 20.207088 8.015241 -44.128357
v 20.207088 8.015240 -46.656086
v 20.207090 6.918498 -48.933495
v 20.207088 4.942238 -50.509510
v 19.937056 -0.297193 -51.154720
v 20.919123 -0.275201 -51.109058
v 20.919121 2.477883 -51.737431
v 19.937057 2.477883 -51.788124
v 19.937054 -2.522632 -49.379997
v 20.919119 -2.483003 -49.348396
v 19.937056 -3.757656 -46.815445
v 20.919119 -3.708241 -46.804165
v 19.937057 -3.757657 -43.969002
v 20.919121 -3.708241 -43.980282
v 19.937054 -2.522632 -41.404446
v 20.919119 -2.483004 -41.436050
v 19.937056 -0.297194 -39.629719
v 20.919123 -0.275203 -39.675388
v 19.937057 2.477881 -38.996323
v 20.919119 2.477881 -39.047012
v 19.937057 5.252957 -39.629711
v 20.919119 5.230966 -39.675385
v 19.937056 7.478395 -41.404442
v 20.919123 7.438767 -41.436047
v 19.937057 8.713422 -43.968998
v 20.919125 8.664006 -43.980278
v 19.937057 8.713421 -46.815441
v 20.919123 8.664005 -46.804161
v 19.937056 7.478396 -49.379997
v 20.919123 7.438768 -49.348404
v 19.937057 5.252958 -51.154720
v 20.919123 5.230967 -51.109058
v 20.919123 0.013526 -50.509510
v 20.919123 2.477883 -51.071980
v 20.919119 -1.962733 -48.933498
v 20.919119 -3.059475 -46.656090
v 20.919121 -3.059475 -44.128361
v 20.919119 -1.962734 -41.850948
v 20.919123 0.013525 -40.274937
v 20.919119 2.477881 -39.712460
v 20.919119 4.942237 -40.274937
v 20.919123 6.918498 -41.850948
v 20.919125 8.015241 -44.128357
v 20.919123 8.015240 -46.656086
v 20.919123 6.918498 -48.933498
v 20.919123 4.942238 -50.509510
v 17.677176 -0.307702 -50.800728
v 17.677181 2.477883 -51.395218
v 17.677177 -2.541568 -49.135029
v 17.677177 -3.781271 -46.728016
v 17.677177 -3.781271 -44.056431
v 17.677177 -2.541569 -41.649418
v 17.677177 -0.307704 -39.983707
v 17.677177 2.477882 -39.389221
v 17.677177 5.263466 -39.983707
v 17.677179 7.497332 -41.649414
v 17.677179 8.737035 -44.056427
v 17.677179 8.737035 -46.728016
v 17.677181 7.497333 -49.135029
v 17.677177 5.263467 -50.800732
v 18.347685 -0.318727 -50.822136
v 18.347685 2.477883 -51.418980
v 18.347683 -2.561434 -49.149841
v 18.347683 -3.806043 -46.733303
v 18.347683 -3.806043 -44.051147
v 18.347683 -2.561435 -41.634605
v 18.347685 -0.318728 -39.962307
v 18.347685 2.477882 -39.365471
v 18.347685 5.274491 -39.962303
v 18.347685 7.517198 -41.634602
v 18.347685 8.761807 -44.051144
v 18.347685 8.761806 -46.733303
v 18.347685 7.517199 -49.149841
v 18.347685 5.274492 -50.822136
v 0.000075 11.082198 -4.903882
v 0.316604 11.082198 -5.017321
v 0.274197 11.250484 -5.017321
v 0.158339 11.373680 -5.017321
v 0.000075 11.418772 -5.017321
v -0.158189 11.373680 -5.017321
v -0.274047 11.250484 -5.017321
v -0.316454 11.082198 -5.017321
v 0.611562 11.082198 -5.349906
v 0.529638 11.407304 -5.349906
v 0.305818 11.598542 -5.337081
v 0.000075 11.685654 -5.337081
v -0.305668 11.598542 -5.337081
v -0.529488 11.407304 -5.349906
v -0.611412 11.082198 -5.349906
v 0.915048 11.053740 -5.878972
v 0.792465 11.540197 -5.878972
v 0.457561 11.798743 -5.878972
v 0.000075 11.929089 -5.878972
v -0.457412 11.798743 -5.878972
v -0.792315 11.540197 -5.878972
v -0.914898 11.053740 -5.878972
v 1.182165 11.012487 -6.568463
v 1.023795 11.640963 -6.568462
v 0.591120 11.922458 -6.568464
v 0.000075 12.090858 -6.568462
v -0.590970 11.922458 -6.568463
v -1.023646 11.640963 -6.568464
v -1.182016 11.012486 -6.568463
v 1.329955 10.997967 -7.371393
v 1.151785 11.705016 -7.371394
v 0.665015 11.979600 -7.371393
v 0.000075 12.169053 -7.371393
v -0.664865 11.979600 -7.371393
v -1.151635 11.705015 -7.371394
v -1.329805 10.997967 -7.371393
v 1.412364 10.974873 -8.233044
v 1.223153 11.725736 -8.233044
v 0.706220 12.032393 -8.233044
v 0.000075 12.233587 -8.233042
v -0.706070 12.032393 -8.233042
v -1.223004 11.725735 -8.233044
v -1.412215 10.974872 -8.233044
v 1.919350 11.082199 -16.469666
v 1.662216 11.732409 -16.469666
v 0.959712 12.208398 -16.469666
v 0.000074 12.382621 -16.469666
v -0.959563 12.208397 -16.469666
v -1.662067 11.732409 -16.469666
v -1.919201 11.082198 -16.469666
v 5.579487 6.431577 -31.640331
v 5.505265 7.000858 -31.640331
v 5.302486 7.417601 -31.640331
v 5.025485 7.570139 -31.640331
v 4.748484 7.417601 -31.640331
v 6.095736 6.431578 -32.264660
v 5.952349 7.531343 -32.264660
v 5.560610 8.178262 -32.240582
v 5.025485 8.472943 -32.240582
v 4.490359 8.178262 -32.240582
v 6.626911 6.335307 -33.257820
v 6.412360 7.980896 -33.257820
v 5.826197 8.855505 -33.257820
v 5.025485 9.296438 -33.257820
v 4.224771 8.855505 -33.257820
v 7.094431 6.195763 -34.552128
v 6.817245 8.321765 -34.552128
v 6.059958 9.274009 -34.552132
v 5.025485 9.843670 -34.552128
v 3.991011 9.274009 -34.552132
v 7.353099 6.146642 -36.059387
v 7.041257 8.538446 -36.059387
v 6.189291 9.467308 -36.059387
v 5.025485 10.108191 -36.059387
v 3.861677 9.467309 -36.059387
v 7.497336 6.068517 -37.676872
v 7.166171 8.608536 -37.676876
v 6.261411 9.645900 -37.676872
v 5.025484 10.326494 -37.676872
v 3.789559 9.645899 -37.676872
v 8.384685 6.431581 -53.138634
v 7.934637 8.631113 -53.138634
v 6.705084 10.241283 -53.138634
v 5.025484 10.830647 -53.138634
v 3.345883 10.241284 -53.138634
v 8.270223 6.431581 -54.322727
v 7.835510 8.556166 -54.322727
v 6.647853 10.111469 -54.322727
v 5.025484 10.680752 -54.322727
v 3.403114 10.111470 -54.322727
v 7.934637 6.431581 -55.426132
v 7.544884 8.336432 -55.426132
v 6.480061 9.730879 -55.426132
v 5.025484 10.241284 -55.426132
v 3.570907 9.730880 -55.426132
v 7.400798 6.431581 -56.373642
v 7.082566 7.986886 -56.373642
v 6.213141 9.125448 -56.373642
v 5.025483 9.542191 -56.373642
v 3.837826 9.125447 -56.373642
v 6.705084 6.431582 -57.100697
v 6.480060 7.531348 -57.100693
v 5.865284 8.336432 -57.100693
v 5.025484 8.631113 -57.100693
v 4.185684 8.336432 -57.100693
v 5.894909 6.431582 -57.557739
v 5.778428 7.000863 -57.557739
v 5.460196 7.417605 -57.557739
v 5.025484 7.570143 -57.557739
v 4.590771 7.417605 -57.557739
v -5.579338 6.431577 -31.640331
v -5.505116 7.000858 -31.640331
v -5.302337 7.417601 -31.640331
v -5.025335 7.570139 -31.640331
v -4.748334 7.417601 -31.640331
v -6.095586 6.431577 -32.264660
v -5.952200 7.531343 -32.264660
v -5.560461 8.178262 -32.240582
v -5.025335 8.472943 -32.240582
v -4.490210 8.178262 -32.240582
v -6.626761 6.335306 -33.257820
v -6.412211 7.980896 -33.257820
v -5.826048 8.855505 -33.257820
v -5.025336 9.296438 -33.257820
v -4.224623 8.855505 -33.257820
v -7.094282 6.195762 -34.552128
v -6.817097 8.321765 -34.552128
v -6.059809 9.274009 -34.552132
v -5.025336 9.843670 -34.552128
v -3.990862 9.274009 -34.552132
v -7.352950 6.146641 -36.059387
v -7.041109 8.538446 -36.059387
v -6.189143 9.467308 -36.059387
v -5.025336 10.108191 -36.059387
v -3.861529 9.467308 -36.059387
v -7.497186 6.068516 -37.676872
v -7.166021 8.608535 -37.676876
v -6.261261 9.645899 -37.676872
v -5.025335 10.326494 -37.676872
v -3.789410 9.645899 -37.676872
v -8.384535 6.431581 -53.138634
v -7.934487 8.631112 -53.138634
v -6.704935 10.241282 -53.138634
v -5.025335 10.830647 -53.138634
v -3.345735 10.241283 -53.138634
v -8.270073 6.431581 -54.322727
v -7.835361 8.556166 -54.322727
v -6.647704 10.111469 -54.322727
v -5.025335 10.680752 -54.322727
v -3.402966 10.111470 -54.322727
v -7.934487 6.431581 -55.426132
v -7.544735 8.336431 -55.426132
v -6.479912 9.730879 -55.426132
v -5.025335 10.241283 -55.426132
v -3.570758 9.730880 -55.426132
v -7.400648 6.431581 -56.373642
v -7.082417 7.986885 -56.373642
v -6.212992 9.125447 -56.373642
v -5.025335 9.542190 -56.373642
v -3.837678 9.125447 -56.373642
v -6.704934 6.431581 -57.100697
v -6.479911 7.531348 -57.100693
v -5.865135 8.336432 -57.100693
v -5.025335 8.631113 -57.100693
v -4.185534 8.336432 -57.100693
v -5.894759 6.431581 -57.557739
v -5.778279 7.000862 -57.557739
v -5.460047 7.417605 -57.557739
v -5.025334 7.570144 -57.557739
v -4.590621 7.417605 -57.557739
v -3.489827 8.101204 -110.348022
v -4.374518 6.264126 -110.348022
v 2.080090 1.116746 -110.348022
v 3.674248 2.388044 -110.348022
v -3.489828 2.388044 -110.348022
v 4.558939 6.264125 -110.348022
v 4.558938 4.225122 -110.348022
v 2.080091 9.372500 -110.348022
v 3.674248 8.101203 -110.348022
v -1.895671 1.116747 -110.348022
v -1.895671 9.372500 -110.348022
v 0.092210 9.826222 -110.348022
v 0.092209 0.663026 -110.348022
vn -0.0000 -0.9613 -0.2755
vn -0.0000 -0.9933 -0.1155
vn 0.2895 -0.9498 -0.1183
vn 0.2901 -0.9191 -0.2665
vn 0.6229 -0.7722 -0.1253
vn 0.6706 -0.7230 -0.1661
vn 0.9393 -0.3195 -0.1250
vn 0.9424 -0.3295 -0.0577
vn 0.9379 0.3287 -0.1105
vn 0.9750 0.2104 -0.0720
vn 0.6221 0.7777 -0.0903
vn 0.6313 0.7702 -0.0908
vn 0.2894 0.9542 -0.0753
vn 0.2950 0.9525 -0.0754
vn 0.4386 0.8952 -0.0790
vn -0.0000 0.9975 -0.0705
vn -0.0475 0.9974 -0.0546
vn -0.2894 0.9542 -0.0753
vn -0.2944 0.9544 -0.0485
vn -0.6221 0.7777 -0.0903
vn -0.6319 0.7733 -0.0514
vn -0.9379 0.3287 -0.1105
vn -0.9450 0.3224 -0.0556
vn -0.9393 -0.3195 -0.1250
vn -0.9424 -0.3295 -0.0577
vn -0.6229 -0.7722 -0.1253
vn -0.6706 -0.7230 -0.1661
vn -0.2895 -0.9498 -0.1183
vn -0.2901 -0.9191 -0.2665
vn 0.0002 -0.9994 0.0345
vn 0.0002 -0.9991 0.0418
vn 0.4612 -0.8862 0.0434
vn 0.4229 -0.9055 0.0349
vn 0.7299 -0.6824 0.0405
vn 0.6760 -0.7362 0.0322
vn 0.9997 -0.0197 0.0148
vn 0.9997 -0.0219 0.0044
vn 0.9999 -0.0107 0.0042
vn 0.9998 -0.0099 0.0147
vn 0.9999 0.0105 0.0044
vn 0.9998 0.0099 0.0147
vn 0.9998 0.0216 0.0049
vn 0.9997 0.0197 0.0147
vn 0.6788 0.7334 0.0371
vn 0.7266 0.6859 0.0411
vn 0.4648 0.8850 0.0292
vn 0.4214 0.9061 0.0376
vn -0.0000 0.9994 0.0343
vn 0.1796 0.9832 0.0337
vn 0.1961 0.9801 0.0292
vn -0.0000 0.9996 0.0297
vn -0.4233 0.9053 0.0346
vn -0.1255 0.9915 0.0340
vn -0.1374 0.9901 0.0288
vn -0.4661 0.8842 0.0315
vn -0.7243 0.6880 0.0456
vn -0.6761 0.7362 0.0312
vn -0.9997 0.0197 0.0148
vn -0.9998 0.0216 0.0049
vn -0.9999 0.0105 0.0044
vn -0.9998 0.0099 0.0147
vn -0.9999 -0.0108 0.0041
vn -0.9998 -0.0099 0.0147
vn -0.9998 -0.0217 0.0041
vn -0.9997 -0.0197 0.0147
vn -0.6784 -0.7337 0.0372
vn -0.7318 -0.6805 0.0366
vn -0.4603 -0.8868 0.0410
vn -0.4215 -0.9060 0.0379
vn -0.0000 -0.0000 -1.0000
vn -0.0000 -0.0000 1.0000
vn 0.4229 -0.9059 -0.0235
vn -0.0000 -0.9996 -0.0277
vn -0.0000 -0.9997 -0.0255
vn 0.3242 -0.9459 0.0091
vn 0.8097 -0.5868 0.0101
vn 0.7392 -0.6725 0.0372
vn 0.9828 -0.1842 0.0117
vn 0.9849 -0.1731 0.0055
vn 1.0000 -0.0000 0.0020
vn -0.3172 0.9481 -0.0214
vn -0.0516 0.9984 -0.0247
vn -0.2503 0.9679 -0.0210
vn -0.2366 0.9714 -0.0221
vn -0.2534 0.9671 -0.0216
vn -0.2391 0.9707 -0.0221
vn -0.2562 0.9664 -0.0216
vn -0.2416 0.9701 -0.0221
vn -0.2590 0.9656 -0.0216
vn -0.2441 0.9695 -0.0221
vn -0.6435 0.7653 -0.0121
vn -0.5791 0.8100 -0.0925
vn -0.8134 0.5817 -0.0028
vn -0.6612 0.3676 -0.6539
vn -1.0000 -0.0000 0.0020
vn -0.9849 -0.1731 0.0055
vn -0.9828 -0.1842 0.0117
vn -0.7392 -0.6725 0.0372
vn -0.8097 -0.5868 0.0101
vn -0.3242 -0.9459 0.0091
vn -0.4229 -0.9059 -0.0235
vn -0.0000 -0.9989 0.0473
vn 0.4592 -0.8871 0.0475
vn 0.7230 -0.6873 0.0696
vn 0.9996 -0.0271 0.0009
vn 0.9999 -0.0134 0.0010
vn 1.0000 0.0069 0.0018
vn 0.9999 0.0159 0.0055
vn 0.6832 0.7295 0.0335
vn 0.4332 0.9005 0.0370
vn 0.1964 0.9803 0.0224
vn -0.0000 0.9997 0.0229
vn -0.1375 0.9902 0.0227
vn -0.4332 0.9005 0.0370
vn -0.6832 0.7295 0.0335
vn -0.9999 0.0159 0.0055
vn -1.0000 0.0069 0.0018
vn -0.9999 -0.0129 0.0019
vn -0.9996 -0.0283 0.0032
vn -0.7279 -0.6816 0.0750
vn -0.4555 -0.8888 0.0507
vn 0.4186 -0.9074 0.0375
vn -0.0000 -0.9995 0.0327
vn 0.6758 -0.7361 0.0390
vn 0.9997 -0.0082 0.0219
vn 0.9996 -0.0164 0.0219
vn 0.9997 0.0082 0.0219
vn 0.9996 0.0164 0.0219
vn 0.4186 0.9074 0.0375
vn 0.6757 0.7361 0.0390
vn 0.1796 0.9832 0.0322
vn -0.0000 0.9995 0.0327
vn -0.1255 0.9916 0.0325
vn -0.4186 0.9074 0.0375
vn -0.6758 0.7361 0.0390
vn -0.9997 0.0082 0.0219
vn -0.9996 0.0164 0.0219
vn -0.9997 -0.0082 0.0219
vn -0.9996 -0.0164 0.0219
vn -0.4186 -0.9074 0.0375
vn -0.6757 -0.7361 0.0390
vn -0.0005 -0.9982 0.0603
vn 0.3752 -0.9218 0.0972
vn 0.5335 -0.8437 0.0600
vn -0.0012 -0.9972 0.0744
vn 0.4976 -0.8519 0.1631
vn 0.7440 -0.6576 0.1181
vn 0.8852 0.0552 0.4620
vn 0.8994 0.0210 0.4366
vn 0.9368 0.0148 0.3495
vn 0.9496 0.0206 0.3129
vn 0.8980 -0.0200 0.4396
vn 0.9379 -0.0118 0.3466
vn 0.8856 -0.0429 0.4624
vn 0.9479 -0.0183 0.3179
vn 0.6591 0.7462 0.0933
vn 0.4187 0.9019 0.1063
vn 0.3619 0.9309 0.0499
vn 0.4824 0.8745 0.0499
vn 0.1533 0.9866 0.0568
vn 0.0019 0.9976 0.0688
vn 0.0005 0.9998 0.0222
vn -0.1532 0.9863 0.0610
vn -0.4812 0.8753 0.0476
vn -0.3634 0.9305 0.0467
vn -0.3965 0.9069 0.1426
vn -0.6626 0.7438 0.0875
vn -0.8874 -0.0453 0.4588
vn -0.8992 -0.0178 0.4372
vn -0.9379 -0.0118 0.3466
vn -0.9480 -0.0183 0.3178
vn -0.8981 0.0236 0.4392
vn -0.9368 0.0148 0.3495
vn -0.8833 0.0526 0.4658
vn -0.9495 0.0206 0.3130
vn -0.7388 -0.6618 0.1269
vn -0.4829 -0.8446 0.2314
vn -0.3639 -0.9256 0.1044
vn -0.5353 -0.8422 0.0645
vn 0.0008 -0.9989 0.0470
vn 0.4385 -0.8973 0.0514
vn 0.6331 -0.7537 0.1764
vn 0.6564 -0.7511 0.0707
vn 0.6314 -0.7746 -0.0349
vn 0.5958 -0.8029 -0.0199
vn 0.5978 -0.8017 -0.0034
vn 0.4951 -0.2001 -0.8455
vn 0.4910 -0.1186 -0.8630
vn 0.4848 -0.0482 -0.8733
vn 0.6011 -0.7798 0.1751
vn 0.5712 -0.8207 0.0131
vn 0.5333 0.2727 -0.8008
vn 0.4943 0.1768 -0.8511
vn 0.5047 0.8463 -0.1702
vn 0.4423 0.7834 -0.4366
vn 0.4033 0.9150 -0.0066
vn 0.3995 0.9165 -0.0200
vn 0.4284 0.9031 -0.0304
vn 0.4631 0.8862 -0.0135
vn 0.3189 0.9475 -0.0227
vn -0.4447 0.8956 -0.0136
vn -0.4092 0.9119 -0.0306
vn -0.4195 0.9069 -0.0398
vn 0.0423 0.9966 0.0700
vn -0.5164 0.1646 -0.8404
vn -0.4603 0.8371 -0.2956
vn -0.5544 -0.1882 -0.8107
vn -0.4943 -0.1768 -0.8511
vn -0.6125 -0.2476 -0.7507
vn -0.5118 -0.5030 -0.6965
vn -0.4068 -0.9134 0.0163
vn -0.4678 -0.8830 -0.0385
vn -0.5156 -0.8561 -0.0362
vn -0.7640 -0.6386 0.0921
vn -0.6778 -0.7285 0.0998
vn -0.4236 -0.9048 0.0430
vn 0.4540 -0.8785 0.1486
vn 0.4274 -0.9035 0.0315
vn 0.3019 0.9479 0.1017
vn -0.3322 0.9334 0.1355
vn -0.3318 0.9433 0.0055
vn -0.5157 -0.8386 -0.1756
vn -0.4849 -0.8545 0.1865
vn 0.9796 -0.0366 -0.1978
vn 0.9827 -0.0217 -0.1838
vn 0.9874 -0.0238 0.1567
vn 0.9855 -0.0437 0.1641
vn 0.9827 0.0217 -0.1839
vn 0.9877 0.0224 0.1547
vn 0.9795 0.0367 -0.1979
vn 0.9860 0.0474 0.1602
vn -0.9796 0.0366 -0.1978
vn -0.9827 0.0217 -0.1838
vn -0.9874 0.0238 0.1567
vn -0.9854 0.0439 0.1645
vn -0.9827 -0.0217 -0.1839
vn -0.9877 -0.0223 0.1546
vn -0.9795 -0.0367 -0.1980
vn -0.9861 -0.0474 0.1595
vn 0.4377 -0.8775 -0.1958
vn 0.4189 -0.9049 -0.0756
vn 0.2706 0.9612 -0.0539
vn 0.2799 0.9598 0.0192
vn -0.2849 0.9498 -0.1292
vn -0.2683 0.9620 -0.0512
vn -0.4357 -0.8949 -0.0969
vn -0.5026 -0.8636 0.0390
vn 0.9655 0.0020 -0.2604
vn 0.9805 -0.0387 -0.1926
vn 0.9822 -0.0167 -0.1872
vn 0.9594 0.0028 -0.2822
vn 0.9822 0.0167 -0.1872
vn 0.9593 -0.0028 -0.2822
vn 0.9805 0.0387 -0.1926
vn 0.9655 -0.0020 -0.2604
vn -0.9655 -0.0020 -0.2604
vn -0.9805 0.0387 -0.1926
vn -0.9822 0.0167 -0.1872
vn -0.9593 -0.0028 -0.2822
vn -0.9822 -0.0167 -0.1872
vn -0.9593 0.0028 -0.2822
vn -0.9805 -0.0387 -0.1926
vn -0.9655 0.0020 -0.2604
vn 0.2849 0.9498 -0.1292
vn -0.4377 -0.8775 -0.1958
vn 0.0076 -0.0000 -1.0000
vn 0.0076 -0.4339 -0.9009
vn 0.0402 -0.4292 -0.9023
vn 0.0329 -0.0014 -0.9995
vn 0.0076 -0.7818 -0.6235
vn 0.0619 -0.7755 -0.6283
vn 0.0076 -0.9749 -0.2225
vn 0.0829 -0.9705 -0.2266
vn 0.0076 -0.9749 0.2225
vn 0.0878 -0.9709 0.2228
vn 0.0076 -0.7818 0.6235
vn 0.0739 -0.7760 0.6264
vn 0.0076 -0.4339 0.9009
vn 0.0528 -0.4278 0.9023
vn 0.0076 -0.0000 1.0000
vn 0.0411 0.0015 0.9992
vn 0.0076 0.4339 0.9009
vn 0.0472 0.4296 0.9018
vn 0.0076 0.7818 0.6235
vn 0.0664 0.7759 0.6273
vn 0.0076 0.9749 0.2225
vn 0.0838 0.9707 0.2254
vn 0.0076 0.9749 -0.2225
vn 0.0849 0.9709 -0.2239
vn 0.0076 0.7818 -0.6235
vn 0.0678 0.7758 -0.6273
vn 0.0076 0.4339 -0.9009
vn 0.0448 0.4277 -0.9028
vn 0.4055 -0.3810 -0.8309
vn 0.3908 -0.0014 -0.9205
vn 0.4338 -0.6899 -0.5795
vn 0.4552 -0.8656 -0.2088
vn 0.4544 -0.8662 0.2078
vn 0.4327 -0.6900 0.5802
vn 0.4075 -0.3786 0.8310
vn 0.3982 0.0012 0.9173
vn 0.4117 0.3793 0.8287
vn 0.4375 0.6879 0.5791
vn 0.4559 0.8649 0.2098
vn 0.4520 0.8677 -0.2070
vn 0.4275 0.6924 -0.5812
vn 0.4004 0.3802 -0.8337
vn -1.0000 -0.0000 -0.0000
vn -0.0515 -0.4333 -0.8998
vn -0.0515 -0.0000 -0.9987
vn 0.0846 -0.0022 -0.9964
vn 0.0665 -0.4247 -0.9029
vn -0.0515 -0.7808 -0.6227
vn 0.0165 -0.7725 -0.6348
vn -0.0515 -0.9736 -0.2222
vn -0.0302 -0.9725 -0.2309
vn -0.0515 -0.9736 0.2222
vn -0.0346 -0.9734 0.2264
vn -0.0515 -0.7808 0.6227
vn 0.0076 -0.7737 0.6335
vn -0.0515 -0.4333 0.8998
vn 0.0602 -0.4226 0.9043
vn -0.0515 -0.0000 0.9987
vn 0.0846 0.0022 0.9964
vn -0.0515 0.4333 0.8998
vn 0.0665 0.4247 0.9029
vn -0.0515 0.7808 0.6227
vn 0.0165 0.7725 0.6348
vn -0.0515 0.9736 0.2222
vn -0.0302 0.9725 0.2309
vn -0.0515 0.9736 -0.2222
vn -0.0346 0.9734 -0.2264
vn -0.0515 0.7808 -0.6227
vn 0.0076 0.7737 -0.6335
vn -0.0515 0.4333 -0.8998
vn 0.0602 0.4226 -0.9043
vn -0.0000 0.2225 0.9749
vn -0.0000 0.6235 0.7818
vn -0.0000 0.9010 0.4339
vn -0.0000 1.0000 -0.0000
vn -0.0000 0.9010 -0.4339
vn -0.0000 0.6235 -0.7818
vn -0.0000 0.2225 -0.9749
vn -0.0000 -0.2225 -0.9749
vn -0.0000 -0.6235 -0.7818
vn -0.0000 -0.9010 -0.4339
vn -0.0000 -1.0000 -0.0000
vn -0.0000 -0.9010 0.4339
vn -0.0000 -0.6235 0.7818
vn -0.0000 -0.2225 0.9749
vn 0.3531 -0.3874 -0.8516
vn 0.3506 -0.0000 -0.9365
vn 0.3587 -0.7134 -0.6020
vn 0.3634 -0.9056 -0.2187
vn 0.3634 -0.9056 0.2187
vn 0.3587 -0.7134 0.6020
vn 0.3531 -0.3874 0.8516
vn 0.3505 -0.0000 0.9365
vn 0.3531 0.3874 0.8516
vn 0.3587 0.7134 0.6020
vn 0.3634 0.9056 0.2187
vn 0.3634 0.9056 -0.2187
vn 0.3587 0.7134 -0.6020
vn 0.3531 0.3874 -0.8516
vn 0.1039 -0.4224 -0.9005
vn 0.1310 -0.0025 -0.9914
vn 0.0499 -0.7712 -0.6346
vn 0.0099 -0.9728 -0.2313
vn 0.0135 -0.9738 0.2271
vn 0.0588 -0.7709 0.6342
vn 0.1114 -0.4186 0.9013
vn 0.1310 0.0025 0.9914
vn 0.1039 0.4224 0.9005
vn 0.0499 0.7712 0.6346
vn 0.0099 0.9728 0.2313
vn 0.0135 0.9738 -0.2271
vn 0.0588 0.7709 -0.6342
vn 0.1114 0.4186 -0.9013
vn 0.4782 -0.0000 -0.8783
vn 0.2236 -0.7115 -0.6662
vn 0.1714 -0.5249 -0.8337
vn 0.2197 -0.0000 -0.9756
vn -0.1438 -0.8492 -0.5081
vn -0.2236 -0.7115 -0.6662
vn -0.1714 -0.5249 -0.8337
vn -0.4782 -0.0000 -0.8783
vn -0.2197 -0.0000 -0.9756
vn -0.2236 0.7115 -0.6662
vn -0.1714 0.5249 -0.8337
vn 0.1438 0.8492 -0.5081
vn 0.2236 0.7115 -0.6662
vn 0.1714 0.5249 -0.8337
vn 0.2873 -0.8557 -0.4304
vn 0.6137 -0.0044 -0.7896
vn 0.7417 -0.0003 -0.6708
vn 0.3077 -0.8861 -0.3466
vn 0.1023 -0.9796 -0.1731
vn 0.1446 -0.9660 -0.2141
vn 0.1608 -0.9496 -0.2690
vn -0.0560 -0.9880 -0.1437
vn -0.1061 -0.9792 -0.1728
vn -0.1446 -0.9660 -0.2141
vn -0.2888 -0.8567 -0.4274
vn -0.1608 -0.9496 -0.2690
vn -0.3028 -0.8907 -0.3390
vn -0.6168 -0.0000 -0.7872
vn -0.7399 0.0037 -0.6727
vn -0.2888 0.8567 -0.4274
vn -0.3057 0.8887 -0.3417
vn -0.1056 0.9792 -0.1733
vn -0.1453 0.9659 -0.2145
vn -0.1608 0.9496 -0.2690
vn 0.1026 0.9795 -0.1736
vn 0.1424 0.9654 -0.2183
vn 0.0588 0.9976 -0.0362
vn 0.0566 0.9983 -0.0127
vn 0.2858 0.8560 -0.4308
vn 0.1645 0.9832 -0.0791
vn 0.3074 0.8875 -0.3433
vn 0.3385 -0.9184 -0.2049
vn 0.9085 -0.0070 -0.4179
vn 0.9746 -0.0032 -0.2240
vn 0.3551 -0.9297 -0.0983
vn 0.0990 -0.9900 -0.1004
vn 0.0978 -0.9943 -0.0419
vn -0.0562 -0.9980 -0.0273
vn -0.0980 -0.9943 -0.0417
vn -0.1006 -0.9896 -0.1028
vn -0.0565 -0.9958 -0.0725
vn -0.3329 -0.9193 -0.2097
vn -0.3509 -0.9320 -0.0908
vn -0.9078 0.0075 -0.4194
vn -0.9746 0.0032 -0.2240
vn -0.3386 0.9174 -0.2089
vn -0.3551 0.9297 -0.0983
vn -0.0990 0.9900 -0.1004
vn -0.0978 0.9943 -0.0419
vn 0.0559 0.9981 -0.0274
vn 0.0980 0.9943 -0.0417
vn 0.0990 0.9900 -0.1004
vn 0.0565 0.9958 -0.0724
vn 0.3344 0.9191 -0.2082
vn 0.3509 0.9320 -0.0908
vn 0.6081 -0.7919 -0.0564
vn 0.9967 -0.0000 -0.0815
vn 0.9993 -0.0000 -0.0363
vn 0.5905 -0.8068 -0.0223
vn 0.0963 -0.9952 -0.0178
vn 0.2710 -0.9621 -0.0316
vn 0.2621 -0.9650 -0.0135
vn 0.0964 -0.9953 -0.0121
vn 0.0001 -0.9998 -0.0178
vn 0.0003 -0.9999 -0.0158
vn -0.0964 -0.9952 -0.0182
vn -0.0964 -0.9953 -0.0115
vn -0.2698 -0.9624 -0.0322
vn -0.2637 -0.9645 -0.0135
vn -0.5914 -0.8060 -0.0260
vn -0.6086 -0.7914 -0.0579
vn -0.6086 0.7914 -0.0579
vn -0.9967 -0.0000 -0.0815
vn -0.9992 -0.0000 -0.0388
vn -0.5914 0.8060 -0.0260
vn -0.0965 0.9952 -0.0177
vn -0.2698 0.9624 -0.0318
vn -0.2632 0.9646 -0.0138
vn -0.0968 0.9952 -0.0122
vn -0.0002 0.9998 -0.0178
vn -0.0003 0.9999 -0.0158
vn 0.0964 0.9952 -0.0183
vn 0.0964 0.9953 -0.0118
vn 0.2709 0.9621 -0.0319
vn 0.2623 0.9649 -0.0134
vn 0.5905 0.8068 -0.0223
vn 0.6081 0.7919 -0.0564
vn -0.0005 -0.9998 -0.0202
vn 0.0566 -0.9980 -0.0283
vn 0.0003 0.9998 -0.0202
vn -0.0561 0.9980 -0.0279
vn 0.0565 -0.9958 -0.0725
vn 0.0562 -0.9907 -0.1242
vn 0.0560 -0.9880 -0.1437
vn -0.0562 -0.9907 -0.1242
vn -0.0565 0.9958 -0.0724
vn -0.0562 0.9907 -0.1242
vn -0.0566 0.9983 -0.0127
vn 0.0562 0.9907 -0.1242
vn 0.1438 -0.8492 -0.5081
vn -0.1438 0.8492 -0.5081
vn 0.1657 0.9791 -0.1181
vn 0.0011 -0.0000 1.0000
vn 0.0148 -0.0000 0.9999
vn -0.0842 -0.0000 0.9964
vn 0.0843 -0.0000 0.9964
vn 0.0529 -0.0000 0.9986
vn -0.0530 -0.0000 0.9986
vn -0.0148 -0.0000 0.9999
vn 0.0019 0.0002 1.0000
vn 0.0050 -0.0046 1.0000
vn 0.0015 -0.0005 1.0000
vn 0.0019 -0.0000 1.0000
vn 0.0059 -0.0242 0.9997
vn 0.0041 -0.0000 1.0000
vn 0.0216 0.0571 0.9981
vn 0.0239 0.0582 0.9980
vn 0.0423 0.0687 0.9967
vn 0.0308 0.0814 0.9962
vn 0.0001 0.0586 0.9983
vn -0.0000 0.0587 0.9983
vn -0.0427 0.0685 0.9967
vn -0.0315 0.0803 0.9963
vn -0.0236 0.0576 0.9981
vn -0.0261 0.0329 0.9991
vn -0.0039 0.0038 1.0000
vn -0.0048 0.0267 0.9996
vn -0.0028 0.0004 1.0000
vn -0.0215 -0.0554 0.9982
vn -0.0233 -0.0584 0.9980
vn -0.0424 -0.0686 0.9967
vn -0.0310 -0.0812 0.9962
vn -0.0000 -0.0586 0.9983
vn -0.0001 -0.0587 0.9983
vn 0.0426 -0.0687 0.9967
vn 0.0313 -0.0805 0.9963
vn 0.0236 -0.0592 0.9980
vn 0.0266 -0.0344 0.9991
vn -0.7350 0.6780 -0.0000
vn -0.5598 0.8286 -0.0000
vn -0.5574 0.8303 -0.0000
vn -0.5598 -0.8286 -0.0000
vn -0.7350 -0.6780 -0.0000
vn -0.5574 -0.8303 -0.0000
vn -0.2438 -0.9698 -0.0000
vn -0.2391 -0.9710 -0.0000
vn -0.0905 -0.9959 -0.0000
vn -0.0879 -0.9961 -0.0000
vn 0.0909 -0.9959 -0.0000
vn 0.0882 -0.9961 -0.0000
vn 0.2431 -0.9700 -0.0000
vn 0.2385 -0.9712 -0.0000
vn 0.5608 -0.8280 -0.0000
vn 0.5584 -0.8296 -0.0000
vn 0.7380 -0.6748 -0.0000
vn 0.5608 0.8279 -0.0000
vn 0.7380 0.6748 -0.0000
vn 0.5584 0.8296 -0.0000
vn 0.2431 0.9700 -0.0000
vn 0.2385 0.9712 -0.0000
vn 0.0909 0.9959 -0.0000
vn 0.0882 0.9961 -0.0000
vn -0.0905 0.9959 -0.0000
vn -0.0879 0.9961 -0.0000
vn -0.2438 0.9698 -0.0000
vn -0.2391 0.9710 -0.0000
vn -0.0587 0.9977 -0.0349
vn -0.7758 -0.0000 -0.6309
vn -0.9322 -0.0000 -0.3620
vn -0.9322 -0.0000 -0.3619
vn -0.4115 -0.0000 -0.9114
vn -0.4114 -0.0000 -0.9115
vn 0.7758 -0.0000 -0.6309
vn 0.9322 -0.0000 -0.3620
vn 0.9322 -0.0000 -0.3619
vn 0.4114 -0.0000 -0.9115
vn 0.4115 -0.0000 -0.9114
vn 1.0000 -0.0000 -0.0000
vn 0.4339 -0.9010 -0.0000
vn 0.7818 -0.6235 -0.0000
vn 0.9749 -0.2225 -0.0000
vn 0.9749 0.2225 -0.0000
vn 0.7818 0.6235 -0.0000
vn 0.4339 0.9010 -0.0000
vn -0.4339 0.9010 -0.0000
vn -0.7818 0.6235 -0.0000
vn -0.9749 0.2225 -0.0000
vn -0.9749 -0.2225 -0.0000
vn -0.7818 -0.6235 -0.0000
vn -0.4339 -0.9010 -0.0000
vn 0.9827 0.1854 -0.0000
vn 0.6100 0.6571 0.4429
vn 0.3067 0.8154 0.4910
vn -0.3067 0.8154 0.4910
vn -0.6100 0.6571 0.4429
vn -0.9827 0.1854 -0.0000
vn -0.0000 0.0001 1.0000
vn 0.0494 -0.2166 -0.9750
vn 0.1385 -0.1737 -0.9750
vn 0.1386 -0.1737 -0.9750
vn 0.2002 -0.0964 -0.9750
vn 0.2222 -0.0000 -0.9750
vn 0.2002 0.0964 -0.9750
vn 0.1386 0.1737 -0.9750
vn 0.1385 0.1737 -0.9750
vn 0.0494 0.2166 -0.9750
vn -0.0494 0.2166 -0.9750
vn -0.1385 0.1737 -0.9750
vn -0.1386 0.1737 -0.9750
vn -0.2002 0.0964 -0.9750
vn -0.2222 -0.0000 -0.9750
vn -0.2002 -0.0964 -0.9750
vn -0.1386 -0.1737 -0.9750
vn -0.1385 -0.1737 -0.9750
vn -0.0494 -0.2166 -0.9750
vn 0.1331 -0.5833 0.8013
vn -0.1331 -0.5833 0.8013
vn -0.3730 -0.4678 0.8013
vn -0.3731 -0.4677 0.8013
vn -0.5390 -0.2596 0.8013
vn -0.5391 -0.2596 0.8013
vn -0.5983 -0.0000 0.8013
vn -0.5390 0.2596 0.8013
vn -0.5391 0.2596 0.8013
vn -0.3730 0.4678 0.8013
vn -0.1331 0.5833 0.8013
vn 0.1331 0.5833 0.8013
vn 0.3730 0.4678 0.8013
vn 0.5390 0.2596 0.8013
vn 0.5391 0.2596 0.8013
vn 0.5983 -0.0000 0.8013
vn 0.5390 -0.2596 0.8013
vn 0.5391 -0.2596 0.8012
vn 0.3731 -0.4678 0.8013
vn 0.3730 -0.4678 0.8013
vn 0.0136 0.1959 0.9805
vn -0.0000 0.1309 0.9914
vn -0.0136 0.1958 0.9805
vn 0.8815 0.2121 0.4218
vn 0.9040 -0.0000 0.4276
vn 0.8853 0.1929 0.4231
vn 0.7125 0.5793 0.3960
vn 0.7222 0.5665 0.3969
vn 0.3973 0.8363 0.3778
vn 0.4054 0.8323 0.3781
vn -0.0000 0.9285 0.3712
vn -0.3973 0.8363 0.3778
vn -0.4054 0.8323 0.3781
vn -0.7125 0.5793 0.3960
vn -0.7222 0.5665 0.3969
vn -0.8815 0.2121 0.4218
vn -0.8853 0.1929 0.4231
vn -0.9040 -0.0000 0.4276
vn 0.2627 -0.8752 -0.4063
vn -0.0000 -0.9064 -0.4224
vn 0.6662 -0.6778 -0.3110
vn 0.9753 -0.2149 -0.0514
vn -0.9753 -0.2149 -0.0514
vn -0.9795 0.2016 0.0008
vn -0.6662 -0.6778 -0.3110
vn -0.2627 -0.8752 -0.4063
vn 0.1104 -0.7178 0.6874
vn 0.1100 -0.7165 0.6889
vn -0.1102 -0.7165 0.6889
vn -0.1102 -0.7178 0.6874
vn -0.5398 -0.6038 0.5866
vn -0.5421 -0.6073 0.5807
vn -0.8695 -0.3514 0.3471
vn -0.8716 -0.3528 0.3403
vn -1.0000 -0.0000 0.0019
vn -1.0000 -0.0000 0.0021
vn -0.8888 -0.3184 -0.3295
vn -0.8912 -0.3188 -0.3226
vn -0.3288 -0.6537 -0.6815
vn -0.3319 -0.6580 -0.6760
vn -0.0991 -0.6882 -0.7187
vn -0.0995 -0.6895 -0.7174
vn 0.0993 -0.6896 -0.7174
vn 0.0993 -0.6882 -0.7187
vn 0.3311 -0.6582 -0.6762
vn 0.3296 -0.6535 -0.6814
vn 0.8910 -0.3192 -0.3230
vn 0.8891 -0.3181 -0.3292
vn 1.0000 -0.0000 0.0019
vn 0.8719 -0.3524 0.3399
vn 0.8692 -0.3518 0.3475
vn 0.5427 -0.6071 0.5805
vn 0.5392 -0.6040 0.5868
vn -0.4462 0.8948 -0.0171
vn -0.4445 0.8956 -0.0203
vn -0.6172 0.7867 -0.0135
vn -0.6553 0.7553 -0.0091
vn -0.7935 0.6085 -0.0058
vn -0.7955 0.6060 -0.0016
vn -0.7955 0.6060 -0.0014
vn -0.6220 0.7829 -0.0121
vn -0.6569 0.7539 -0.0101
vn -0.7963 0.6049 -0.0033
vn -0.7965 0.6046 -0.0018
vn -0.4534 0.8911 -0.0166
vn -0.4511 0.8923 -0.0202
vn -0.6239 0.7814 -0.0136
vn -0.6620 0.7494 -0.0088
vn -0.7989 0.6014 -0.0060
vn -0.8015 0.5980 -0.0017
vn -0.6292 0.7771 -0.0120
vn -0.6637 0.7479 -0.0100
vn -0.8023 0.5970 -0.0032
vn -0.8025 0.5967 -0.0018
vn -0.4609 0.8873 -0.0165
vn -0.4585 0.8884 -0.0201
vn -0.6311 0.7756 -0.0135
vn -0.6687 0.7435 -0.0087
vn -0.8048 0.5936 -0.0059
vn -0.8072 0.5902 -0.0016
vn -0.6363 0.7713 -0.0119
vn -0.6703 0.7420 -0.0099
vn -0.8080 0.5892 -0.0031
vn -0.8082 0.5889 -0.0017
vn -0.4682 0.8835 -0.0165
vn -0.4659 0.8846 -0.0200
vn -0.6381 0.7698 -0.0134
vn -0.6751 0.7376 -0.0087
vn -0.8104 0.5858 -0.0057
vn -0.8128 0.5826 -0.0016
vn -0.6501 0.7598 -0.0090
vn 0.6468 0.7626 -0.0056
vn 0.6469 0.7626 -0.0056
vn -0.2576 0.0328 -0.9657
vn -0.2562 0.0315 -0.9661
vn -0.2394 0.0481 -0.9697
vn -0.2392 0.0473 -0.9698
vn -0.8939 -0.4482 0.0111
vn 0.0588 0.3093 0.9491
vn 0.0595 0.3083 0.9494
vn -0.0627 0.2160 0.9744
vn -0.0614 0.2152 0.9746
vn -0.8896 -0.4566 0.0113
vn -0.8896 -0.4567 0.0113
vn 0.0558 0.3097 0.9492
vn 0.0565 0.3086 0.9495
vn -0.0658 0.2144 0.9745
vn -0.0645 0.2137 0.9748
vn 0.6395 0.7687 -0.0056
vn 0.6396 0.7687 -0.0057
vn -0.2567 0.0314 -0.9660
vn -0.2553 0.0301 -0.9664
vn -0.2392 0.0465 -0.9699
vn -0.2389 0.0457 -0.9700
vn -0.8850 -0.4655 0.0115
vn 0.0524 0.3098 0.9494
vn 0.0531 0.3088 0.9496
vn -0.0692 0.2126 0.9747
vn -0.0678 0.2118 0.9749
vn 0.6318 0.7751 -0.0057
vn 0.6319 0.7751 -0.0057
vn -0.2557 0.0300 -0.9663
vn -0.2544 0.0287 -0.9667
vn -0.2389 0.0449 -0.9700
vn -0.2386 0.0441 -0.9701
vn -0.8803 -0.4742 0.0117
vn 0.0491 0.3100 0.9495
vn 0.0499 0.3089 0.9498
vn -0.0724 0.2107 0.9749
vn -0.0712 0.2100 0.9751
vn 0.6241 0.7813 -0.0057
vn 0.6242 0.7813 -0.0057
vn -0.2548 0.0287 -0.9666
vn -0.2534 0.0274 -0.9670
vn -0.2385 0.0433 -0.9702
vn -0.2382 0.0425 -0.9703
vn 0.2503 0.9679 -0.0210
vn 0.2937 0.9556 -0.0217
vn 0.1404 0.9898 -0.0230
vn 0.2366 0.9714 -0.0221
vn 0.2534 0.9671 -0.0216
vn 0.2391 0.9707 -0.0221
vn 0.2562 0.9664 -0.0216
vn 0.2416 0.9701 -0.0221
vn 0.2590 0.9656 -0.0216
vn 0.2441 0.9695 -0.0221
vn 0.3148 0.9489 -0.0222
vn 0.1519 0.9881 -0.0252
vn 0.6588 0.7522 -0.0105
vn 0.6435 0.7653 -0.0121
vn 0.8135 0.5816 -0.0017
vn 0.8134 0.5817 -0.0028
vn 0.4462 0.8948 -0.0171
vn 0.6553 0.7553 -0.0091
vn 0.6172 0.7867 -0.0135
vn 0.4445 0.8956 -0.0203
vn 0.7955 0.6060 -0.0014
vn 0.7955 0.6060 -0.0016
vn 0.7935 0.6085 -0.0058
vn 0.6569 0.7539 -0.0101
vn 0.6220 0.7829 -0.0121
vn 0.7965 0.6046 -0.0018
vn 0.7963 0.6049 -0.0033
vn 0.4534 0.8911 -0.0166
vn 0.6620 0.7494 -0.0088
vn 0.6239 0.7814 -0.0136
vn 0.4511 0.8923 -0.0202
vn 0.8015 0.5980 -0.0017
vn 0.7989 0.6014 -0.0060
vn 0.6637 0.7479 -0.0100
vn 0.6292 0.7771 -0.0120
vn 0.8025 0.5967 -0.0018
vn 0.8023 0.5970 -0.0032
vn 0.4609 0.8873 -0.0165
vn 0.6687 0.7435 -0.0087
vn 0.6311 0.7756 -0.0135
vn 0.4585 0.8884 -0.0201
vn 0.8072 0.5902 -0.0016
vn 0.8048 0.5936 -0.0059
vn 0.6703 0.7420 -0.0099
vn 0.6363 0.7713 -0.0119
vn 0.8082 0.5889 -0.0017
vn 0.8080 0.5892 -0.0031
vn 0.4682 0.8835 -0.0165
vn 0.6751 0.7376 -0.0087
vn 0.6381 0.7698 -0.0134
vn 0.4659 0.8846 -0.0200
vn 0.8128 0.5826 -0.0016
vn 0.8104 0.5858 -0.0057
vn 0.6501 0.7598 -0.0090
vn 0.6316 0.7752 -0.0125
vn 0.7912 0.6116 -0.0019
vn 0.7890 0.6143 -0.0053
vn -0.6469 0.7626 -0.0056
vn -0.6468 0.7626 -0.0056
vn 0.2562 0.0315 -0.9661
vn 0.2575 0.0328 -0.9657
vn 0.2392 0.0473 -0.9698
vn 0.2394 0.0481 -0.9697
vn 0.8939 -0.4482 0.0111
vn -0.0595 0.3083 0.9494
vn -0.0588 0.3093 0.9491
vn 0.0615 0.2152 0.9746
vn 0.0627 0.2160 0.9744
vn 0.8896 -0.4567 0.0113
vn -0.0565 0.3086 0.9495
vn -0.0558 0.3096 0.9492
vn 0.0645 0.2137 0.9748
vn 0.0658 0.2144 0.9745
vn -0.6396 0.7687 -0.0057
vn -0.6395 0.7687 -0.0056
vn 0.2553 0.0301 -0.9664
vn 0.2567 0.0314 -0.9660
vn 0.2389 0.0457 -0.9700
vn 0.2392 0.0465 -0.9699
vn 0.8850 -0.4655 0.0115
vn -0.0531 0.3088 0.9496
vn -0.0525 0.3098 0.9493
vn 0.0679 0.2118 0.9749
vn 0.0691 0.2126 0.9747
vn -0.6319 0.7751 -0.0057
vn -0.6318 0.7751 -0.0057
vn 0.2544 0.0287 -0.9667
vn 0.2557 0.0300 -0.9663
vn 0.2385 0.0441 -0.9701
vn 0.2389 0.0449 -0.9700
vn 0.8803 -0.4742 0.0117
vn -0.0498 0.3090 0.9498
vn -0.0491 0.3099 0.9495
vn 0.0712 0.2100 0.9751
vn 0.0724 0.2108 0.9749
vn -0.6242 0.7813 -0.0057
vn -0.6241 0.7813 -0.0057
vn 0.2534 0.0274 -0.9670
vn 0.2548 0.0287 -0.9666
vn 0.2382 0.0425 -0.9703
vn 0.2385 0.0433 -0.9702
vn 0.4833 -0.8734 0.0602
vn -0.0003 -0.9981 0.0621
vn 0.7640 -0.6437 0.0452
vn 0.9992 -0.0097 0.0396
vn 0.9990 -0.0193 0.0412
vn 0.9992 0.0077 0.0394
vn 0.9992 0.0152 0.0366
vn 0.4502 0.8920 0.0396
vn 0.6940 0.7183 0.0497
vn 0.1429 0.9892 0.0324
vn -0.0000 0.9991 0.0427
vn -0.2185 0.9750 0.0417
vn -0.2037 0.9785 0.0329
vn -0.0000 0.9994 0.0337
vn -0.6982 0.7135 0.0587
vn -0.4475 0.8932 0.0437
vn -0.9992 0.0077 0.0394
vn -0.9992 0.0153 0.0367
vn -0.9992 -0.0097 0.0396
vn -0.9990 -0.0193 0.0411
vn -0.4873 -0.8716 0.0529
vn -0.7584 -0.6510 0.0327
vn 0.4764 -0.8778 0.0498
vn -0.0002 -0.9984 0.0561
vn 0.7541 -0.6559 0.0331
vn 0.9995 -0.0303 0.0020
vn 0.9999 -0.0160 0.0024
vn 1.0000 0.0061 0.0023
vn 0.9999 0.0115 0.0020
vn 0.7313 0.6804 0.0475
vn 0.4739 0.8800 0.0317
vn 0.1426 0.9893 0.0294
vn -0.2034 0.9787 0.0292
vn -0.0000 0.9996 0.0298
vn -0.7326 0.6792 0.0450
vn -0.4730 0.8805 0.0302
vn -1.0000 0.0061 0.0023
vn -0.9999 0.0115 0.0020
vn -0.9999 -0.0161 0.0024
vn -0.9995 -0.0303 0.0021
vn -0.4784 -0.8765 0.0536
vn -0.7505 -0.6596 0.0399
vn 0.4546 -0.8888 0.0578
vn -0.0002 -0.9985 0.0553
vn 0.7176 -0.6918 0.0800
vn 0.9997 -0.0225 0.0053
vn 0.9992 -0.0405 0.0062
vn 1.0000 0.0062 0.0036
vn 0.9999 0.0122 0.0053
vn 0.4456 0.8951 0.0177
vn 0.7210 0.6840 -0.1111
vn 0.1377 0.9901 0.0287
vn -0.1965 0.9801 0.0291
vn -0.7224 0.6829 -0.1086
vn -0.4445 0.8955 0.0193
vn -1.0000 0.0062 0.0036
vn -0.9999 0.0122 0.0053
vn -0.9998 -0.0214 0.0035
vn -0.9991 -0.0424 0.0035
vn -0.4539 -0.8896 0.0503
vn -0.7200 -0.6908 0.0661
vn 0.1375 0.9902 0.0227
vn -0.1964 0.9803 0.0224
vn 0.4888 -0.8721 0.0204
vn 0.5243 -0.8512 0.0220
vn 0.6363 -0.7700 0.0468
vn 0.4888 -0.8719 0.0299
vn 0.7636 -0.6375 0.1030
vn 0.6365 -0.7706 0.0335
vn 0.7919 -0.6096 0.0352
vn 0.7665 -0.6414 0.0336
vn 0.7247 -0.6884 0.0307
vn 0.7917 -0.6093 0.0443
vn 0.7692 -0.6383 0.0295
vn 0.7247 -0.6885 0.0275
vn 0.5980 -0.6859 0.4146
vn 0.6035 -0.6781 0.4194
vn 0.5513 -0.8277 0.1050
vn 0.7211 -0.6716 0.1699
vn 0.5689 -0.8224 -0.0054
vn 0.5623 -0.8269 -0.0058
vn 0.5811 -0.7826 -0.2233
vn 0.5305 -0.8195 -0.2169
vn 0.5292 -0.7698 -0.3568
vn 0.5155 -0.7810 -0.3526
vn 0.5593 -0.7257 -0.4007
vn 0.5562 -0.6966 -0.4532
vn 0.8992 -0.0000 -0.4375
vn 0.5507 0.7145 -0.4315
vn 0.5705 0.7150 -0.4042
vn 0.5174 0.7813 -0.3491
vn 0.5311 0.7657 -0.3629
vn 0.5332 0.8206 -0.2057
vn 0.5763 0.7831 -0.2337
vn 0.5623 0.8269 -0.0054
vn 0.5689 0.8224 -0.0058
vn 0.6826 0.7187 0.1324
vn 0.5484 0.8267 0.1256
vn 0.5067 0.7795 0.3683
vn 0.5587 0.7263 0.4005
vn 0.6215 0.7832 0.0194
vn 0.6427 0.7658 0.0193
vn 0.7822 0.6066 0.1419
vn 0.6192 0.7810 0.0821
vn 0.7898 0.6127 0.0278
vn 0.7905 0.6118 0.0278
vn 0.6178 0.7845 -0.0536
vn 0.7337 0.5647 -0.3778
vn 0.4794 0.8705 0.1115
vn 0.6145 0.7835 0.0920
vn 0.5244 0.8513 0.0192
vn 0.4831 0.8754 0.0187
vn 0.5146 0.8568 0.0329
vn 0.5241 0.8510 0.0331
vn 0.5147 0.8568 0.0313
vn 0.5161 0.8558 0.0342
vn 0.9989 -0.0000 0.0469
vn 0.5147 -0.8568 0.0329
vn 0.5161 -0.8559 0.0313
vn 0.5241 -0.8510 0.0332
vn 0.5145 -0.8569 0.0327
vn -0.4831 0.8754 0.0180
vn -0.5244 0.8512 0.0199
vn -0.6135 0.7826 0.1054
vn -0.4803 0.8718 0.0967
vn -0.7561 0.5829 -0.2977
vn -0.6122 0.7752 -0.1557
vn -0.7905 0.6118 0.0278
vn -0.7898 0.6127 0.0278
vn -0.6207 0.7825 0.0487
vn -0.7783 0.6039 0.1721
vn -0.6426 0.7660 0.0199
vn -0.6215 0.7832 0.0188
vn -0.5570 0.7260 0.4033
vn -0.5087 0.7800 0.3645
vn -0.5512 0.8277 0.1050
vn -0.6757 0.7213 0.1519
vn -0.5689 0.8224 -0.0054
vn -0.5623 0.8269 -0.0058
vn -0.5811 0.7826 -0.2233
vn -0.5305 0.8195 -0.2169
vn -0.5292 0.7698 -0.3568
vn -0.5155 0.7810 -0.3526
vn -0.5593 0.7256 -0.4007
vn -0.5562 0.6966 -0.4532
vn -0.8992 -0.0000 -0.4374
vn -0.8992 -0.0000 -0.4375
vn -0.5507 -0.7145 -0.4315
vn -0.5704 -0.7150 -0.4042
vn -0.5174 -0.7813 -0.3491
vn -0.5311 -0.7657 -0.3629
vn -0.5332 -0.8206 -0.2057
vn -0.5763 -0.7831 -0.2337
vn -0.5623 -0.8269 -0.0054
vn -0.5689 -0.8224 -0.0058
vn -0.7312 -0.6671 0.1426
vn -0.5472 -0.8262 0.1342
vn -0.6038 -0.6782 0.4189
vn -0.5978 -0.6859 0.4149
vn -0.7247 -0.6885 0.0288
vn -0.7696 -0.6379 0.0282
vn -0.7920 -0.6098 0.0315
vn -0.7246 -0.6876 0.0462
vn -0.7664 -0.6414 0.0352
vn -0.7919 -0.6097 0.0336
vn -0.6334 -0.7652 0.1155
vn -0.7665 -0.6415 0.0320
vn -0.4885 -0.8713 0.0463
vn -0.6365 -0.7706 0.0318
vn -0.5244 -0.8512 0.0214
vn -0.4888 -0.8721 0.0210
vn -0.5146 -0.8568 0.0329
vn -0.5241 -0.8510 0.0331
vn -0.5147 -0.8568 0.0313
vn -0.5161 -0.8558 0.0342
vn -0.9989 -0.0000 0.0469
vn -0.5147 0.8568 0.0329
vn -0.5161 0.8559 0.0313
vn -0.5241 0.8510 0.0332
vn -0.5145 0.8569 0.0327
vn -0.0000 1.0000 -0.0067
vn -0.0000 0.9998 -0.0195
vn -0.0000 0.9996 -0.0288
vn -0.0000 0.9998 -0.0198
vn -0.0000 0.9990 -0.0438
vn -0.0000 0.9999 -0.0116
vn -0.0000 0.9996 0.0279
vn -0.0000 0.9999 -0.0169
vn -0.0000 1.0000 0.0081
vn -0.0000 0.9998 0.0178
vn -0.0000 0.9999 0.0115
vn -0.0000 -0.9999 -0.0115
vn -0.0000 -0.0095 1.0000
vn -0.0000 0.0095 -1.0000
vn -0.0000 0.0095 1.0000
vn -0.0000 -0.0095 -1.0000
vn -0.0000 -0.9999 0.0115
vn -0.0000 0.9999 -0.0115
vn -0.0000 -0.9998 0.0178
vn -0.0000 -1.0000 0.0081
vn -0.0000 -1.0000 -0.0096
vn -0.0000 -1.0000 0.0021
vn -0.0000 -1.0000 -0.0021
vn -0.0000 -0.9837 0.1796
vn -0.0000 -0.9999 -0.0147
vn -0.0000 -0.8855 -0.4647
vn -0.0000 -0.9955 -0.0951
vn -0.0000 -1.0000 -0.0041
vn -0.0000 -0.9999 -0.0106
vn -0.0000 0.0002 -1.0000
vn -0.0000 -0.0002 -1.0000
vn -0.0000 0.9999 -0.0106
vn -0.3184 0.9480 -0.0000
vn -0.5602 0.8284 -0.0000
vn -0.5601 0.8284 -0.0000
vn -0.8723 0.4890 -0.0000
vn -0.9875 0.1575 -0.0000
vn 0.3184 0.9480 -0.0000
vn 0.5601 0.8284 -0.0000
vn 0.5602 0.8284 -0.0000
vn 0.8723 0.4890 -0.0000
vn 0.9875 0.1575 -0.0000
vn -0.3295 -0.9440 0.0160
vn 0.3207 -0.9472 -0.0000
vn -0.2542 -0.9671 0.0017
vn -0.4920 -0.8706 -0.0000
vn -0.5925 -0.8051 0.0256
vn 0.8965 -0.4430 -0.0000
vn -0.7071 0.7071 -0.0000
vn -0.0000 0.7071 0.7071
vn 0.8147 0.5799 -0.0000
vn -0.0000 0.7071 -0.7071
vn 0.7071 0.7071 -0.0000
vn -0.8147 0.5799 -0.0000
vn -0.0000 -0.7071 0.7071
vn 0.4643 -0.6070 0.6450
vn 0.2211 -0.5156 0.8278
vn 0.7071 -0.0000 0.7071
vn -0.7071 -0.0000 0.7071
vn -0.3376 -0.5974 0.7274
vn -0.3358 -0.7565 0.5611
vn -0.0000 -0.9285 0.3714
vn 0.9285 -0.0000 0.3714
vn -0.0000 0.9285 0.3714
vn -0.9285 -0.0000 0.3714
vn -0.9998 -0.0034 -0.0174
vn -0.9999 -0.0000 -0.0123
vn -0.9999 -0.0078 -0.0121
vn -0.9617 -0.2743 -0.0030
vn -0.9994 -0.0308 -0.0144
vn -0.9998 -0.0000 -0.0177
vn 0.9998 -0.0034 -0.0174
vn 0.9998 -0.0000 -0.0177
vn 0.9994 -0.0308 -0.0144
vn 0.9617 -0.2742 -0.0030
vn 0.9999 -0.0078 -0.0121
vn 0.9999 -0.0000 -0.0123
vn -0.0000 0.9999 -0.0112
vn -0.0000 -0.9999 -0.0101
vn -0.0000 -0.9997 -0.0260
vn 0.9985 -0.0547 -0.0014
vn 0.9993 -0.0341 -0.0143
vn -0.0000 -0.7905 -0.6125
vn -0.9999 -0.0162 -0.0004
vn -0.9987 -0.0488 -0.0144
vn -0.0000 -0.4195 0.9078
vn -0.9998 0.0034 -0.0174
vn -0.9994 0.0308 -0.0144
vn -0.9617 0.2743 -0.0030
vn -0.9999 0.0078 -0.0121
vn 0.9998 0.0034 -0.0174
vn 0.9999 0.0078 -0.0121
vn 0.9617 0.2743 -0.0030
vn 0.9994 0.0308 -0.0144
vn -0.0000 -0.9999 -0.0112
vn -0.0000 0.9999 -0.0101
vn -0.0000 0.9997 -0.0260
vn 0.9993 0.0341 -0.0143
vn 0.9985 0.0547 -0.0014
vn -0.0000 0.7905 -0.6125
vn -0.9987 0.0488 -0.0144
vn -0.9999 0.0162 -0.0004
vn -0.0000 0.4195 0.9078
vn 0.9724 -0.0000 -0.2333
vn 0.8761 -0.4219 -0.2333
vn 0.8022 -0.3863 -0.4553
vn 0.8904 -0.0000 -0.4553
vn -0.9747 -0.0000 0.2233
vn -0.8782 0.4229 0.2233
vn -0.9009 0.4339 0.0124
vn -0.9999 -0.0000 0.0124
vn 0.6063 -0.7603 -0.2333
vn 0.5551 -0.6961 -0.4553
vn -0.6077 0.7621 0.2233
vn -0.6234 0.7818 0.0124
vn 0.2164 -0.9480 -0.2333
vn 0.1981 -0.8680 -0.4553
vn -0.2169 0.9503 0.2233
vn -0.2225 0.9749 0.0124
vn -0.2164 -0.9480 -0.2333
vn -0.1981 -0.8680 -0.4553
vn 0.2169 0.9503 0.2233
vn 0.2225 0.9749 0.0124
vn -0.6063 -0.7603 -0.2333
vn -0.5551 -0.6961 -0.4553
vn 0.6077 0.7621 0.2233
vn 0.6234 0.7818 0.0124
vn -0.8761 -0.4219 -0.2333
vn -0.8022 -0.3863 -0.4553
vn 0.8782 0.4229 0.2233
vn 0.9009 0.4339 0.0124
vn -0.9724 -0.0000 -0.2333
vn -0.8904 -0.0000 -0.4553
vn 0.9747 -0.0000 0.2233
vn 0.9999 -0.0000 0.0124
vn -0.8761 0.4219 -0.2333
vn -0.8022 0.3863 -0.4553
vn 0.8782 -0.4229 0.2233
vn 0.9009 -0.4338 0.0124
vn -0.6063 0.7603 -0.2333
vn -0.5551 0.6961 -0.4553
vn 0.6077 -0.7621 0.2233
vn 0.6234 -0.7818 0.0124
vn -0.2164 0.9480 -0.2333
vn -0.1981 0.8680 -0.4553
vn 0.2169 -0.9503 0.2233
vn 0.2225 -0.9749 0.0124
vn 0.2164 0.9480 -0.2333
vn 0.1981 0.8680 -0.4553
vn -0.2169 -0.9503 0.2233
vn -0.2225 -0.9749 0.0124
vn 0.6063 0.7603 -0.2333
vn 0.5551 0.6961 -0.4553
vn -0.6077 -0.7621 0.2233
vn -0.6234 -0.7818 0.0124
vn 0.8761 0.4219 -0.2333
vn 0.8022 0.3863 -0.4553
vn -0.8782 -0.4229 0.2233
vn -0.9009 -0.4339 0.0124
vn 0.9999 -0.0000 -0.0131
vn 0.9009 -0.4338 -0.0131
vn -0.8997 -0.0000 0.4365
vn -0.8106 0.3904 0.4365
vn 0.6234 -0.7818 -0.0131
vn -0.5610 0.7034 0.4365
vn 0.2225 -0.9748 -0.0131
vn -0.2002 0.8772 0.4365
vn -0.2225 -0.9748 -0.0131
vn 0.2002 0.8772 0.4365
vn -0.6234 -0.7818 -0.0131
vn 0.5610 0.7034 0.4365
vn -0.9009 -0.4338 -0.0131
vn 0.8106 0.3904 0.4365
vn -0.9999 -0.0000 -0.0131
vn 0.8997 -0.0000 0.4365
vn -0.9009 0.4338 -0.0131
vn 0.8106 -0.3904 0.4365
vn -0.6234 0.7818 -0.0131
vn 0.5610 -0.7034 0.4365
vn -0.2225 0.9748 -0.0131
vn 0.2002 -0.8772 0.4365
vn 0.2225 0.9748 -0.0131
vn -0.2002 -0.8772 0.4365
vn 0.6234 0.7818 -0.0131
vn -0.5610 -0.7034 0.4365
vn 0.9009 0.4338 -0.0131
vn -0.8106 -0.3904 0.4365
vn 0.9010 -0.4339 -0.0000
vn -0.9010 0.4339 -0.0000
vn 0.6235 -0.7818 -0.0000
vn -0.6235 0.7818 -0.0000
vn 0.2225 -0.9749 -0.0000
vn -0.2225 0.9749 -0.0000
vn -0.2225 -0.9749 -0.0000
vn 0.2225 0.9749 -0.0000
vn -0.6235 -0.7818 -0.0000
vn 0.6235 0.7818 -0.0000
vn -0.9010 -0.4339 -0.0000
vn 0.9010 0.4339 -0.0000
vn -0.0000 -0.9911 0.1329
vn -0.0000 0.9911 0.1329
vn 0.9911 -0.0000 0.1329
vn 0.5878 -0.8090 -0.0000
vn 0.9511 -0.3090 -0.0000
vn 0.9511 0.3090 -0.0000
vn 0.5878 0.8090 -0.0000
vn -0.5878 0.8090 -0.0000
vn -0.9511 0.3090 -0.0000
vn -0.9511 -0.3090 -0.0000
vn -0.5878 -0.8090 -0.0000
vn -0.9911 -0.0000 0.1329
vn -0.0000 0.0464 0.9989
vn 0.5872 0.0464 0.8081
vn 0.5871 0.0464 0.8082
vn 0.9500 0.0464 0.3087
vn 0.9500 0.0464 -0.3087
vn 0.5871 0.0464 -0.8082
vn 0.5872 0.0464 -0.8081
vn -0.0000 0.0464 -0.9989
vn -0.5872 0.0464 -0.8081
vn -0.5871 0.0464 -0.8081
vn -0.9500 0.0464 -0.3087
vn -0.9500 0.0464 0.3087
vn -0.5872 0.0464 0.8081
vn -0.5871 0.0464 0.8082
vn -0.9600 0.1635 0.2272
vn -0.9834 0.1509 0.1005
vn -0.9801 0.1503 0.1299
vn -0.9568 0.1580 0.2440
vn 0.9801 0.1503 0.1299
vn 0.9834 0.1509 0.1005
vn 0.9600 0.1635 0.2272
vn 0.9568 0.1580 0.2440
vn -0.0000 0.8531 -0.5218
vn -0.0000 0.9701 -0.2428
vn 0.3483 0.8866 -0.3042
vn 0.3087 0.8098 -0.4988
vn 0.6657 0.7435 -0.0646
vn -0.0000 0.3579 0.9338
vn -0.9491 0.1892 -0.2516
vn -0.9692 0.2238 -0.1030
vn -0.9810 0.1768 -0.0798
vn -0.9704 0.1471 -0.1918
vn 0.9887 0.1399 -0.0545
vn -0.9997 0.0236 -0.0000
vn 0.9997 0.0236 -0.0000
vn -0.0000 0.0236 -0.9997
vn -0.0000 0.0236 0.9997
vn -0.9992 -0.0388 -0.0000
vn -0.9990 -0.0439 0.0003
vn -0.9998 -0.0179 -0.0000
vn 0.9998 -0.0179 -0.0000
vn 0.9990 -0.0448 -0.0000
vn 0.9992 -0.0390 0.0002
vn -0.0000 -0.0801 -0.9968
vn -0.0000 0.1414 0.9899
vn -0.9837 -0.1795 -0.0079
vn -0.9709 -0.2394 -0.0000
vn -0.9772 -0.2121 -0.0010
vn -0.9943 -0.1066 -0.0052
vn -0.9938 -0.1107 -0.0040
vn 0.9726 -0.2323 -0.0104
vn 0.9848 -0.1735 -0.0000
vn 0.9936 -0.1128 -0.0004
vn 0.9902 -0.1395 -0.0068
vn 0.9758 -0.2184 -0.0107
vn -0.0000 -0.0819 0.9966
vn -0.9991 -0.0415 -0.0015
vn 0.9991 -0.0415 -0.0015
vn -0.0000 -0.9425 -0.3343
vn -0.0000 -0.9037 -0.4281
vn -0.0000 -0.1672 0.9859
vn -0.0000 -0.9710 -0.2392
vn -0.0000 0.1507 0.9886
vn 0.6259 0.2007 0.7536
vn 0.5329 0.3654 0.7632
vn 0.2880 0.5930 0.7519
vn -0.0000 0.6653 0.7466
vn -0.2880 0.5930 0.7519
vn -0.5329 0.3654 0.7632
vn -0.6259 0.2007 0.7536
vn 0.7437 0.4896 0.4553
vn 0.8480 0.2720 0.4550
vn 0.4076 0.8091 0.4234
vn -0.0000 0.9125 0.4090
vn -0.4076 0.8091 0.4234
vn -0.7437 0.4896 0.4553
vn -0.8480 0.2720 0.4550
vn -0.5310 -0.3450 0.7740
vn -0.5183 -0.3678 0.7721
vn -0.6036 -0.1936 0.7735
vn -0.3034 -0.5940 0.7451
vn -0.2839 -0.6056 0.7434
vn -0.0000 -0.6826 0.7308
vn 0.3034 -0.5940 0.7451
vn 0.2839 -0.6056 0.7434
vn 0.5310 -0.3450 0.7740
vn 0.5183 -0.3678 0.7721
vn 0.6036 -0.1936 0.7735
vn 0.7402 0.4971 0.4528
vn 0.6301 0.4424 0.6382
vn 0.7320 0.2348 0.6395
vn 0.8507 0.2728 0.4493
vn 0.4013 0.8106 0.4265
vn 0.3413 0.7200 0.6042
vn -0.0000 0.9101 0.4143
vn -0.0000 0.8077 0.5895
vn -0.4013 0.8106 0.4265
vn -0.3413 0.7200 0.6042
vn -0.7402 0.4971 0.4528
vn -0.6301 0.4424 0.6382
vn -0.8507 0.2728 0.4493
vn -0.7320 0.2348 0.6395
vn 0.8169 0.5478 0.1805
vn 0.9367 0.3004 0.1799
vn 0.4375 0.8837 0.1663
vn -0.0000 0.9871 0.1601
vn -0.4375 0.8837 0.1663
vn -0.8169 0.5478 0.1805
vn -0.9367 0.3004 0.1799
vn 0.8280 0.5583 0.0516
vn 0.9506 0.3058 0.0541
vn 0.4416 0.8962 0.0430
vn 0.0004 0.9992 0.0401
vn -0.4412 0.8963 0.0449
vn -0.8281 0.5580 0.0536
vn -0.9508 0.3049 0.0555
vn 0.7965 0.6025 -0.0504
vn 0.9359 0.3487 -0.0500
vn 0.3984 0.9160 -0.0468
vn 0.0003 0.9989 -0.0464
vn -0.3980 0.9161 -0.0485
vn -0.7966 0.6022 -0.0523
vn -0.9362 0.3478 -0.0514
vn 0.7756 0.5870 -0.2323
vn 0.9104 0.3392 -0.2369
vn 0.3905 0.8984 -0.2010
vn -0.0000 0.9820 -0.1886
vn -0.3905 0.8984 -0.2010
vn -0.7756 0.5870 -0.2323
vn -0.9104 0.3392 -0.2369
vn 0.7071 0.5404 -0.4561
vn 0.8302 0.3093 -0.4639
vn 0.3630 0.8398 -0.4036
vn -0.0000 0.9241 -0.3821
vn -0.3630 0.8398 -0.4036
vn -0.7071 0.5404 -0.4561
vn -0.8302 0.3093 -0.4639
vn 0.5927 0.4607 -0.6607
vn 0.6965 0.2595 -0.6690
vn 0.3129 0.7320 -0.6052
vn -0.0000 0.8139 -0.5811
vn -0.3129 0.7320 -0.6052
vn -0.5927 0.4607 -0.6607
vn -0.6965 0.2595 -0.6690
vn 0.4344 0.3459 -0.8317
vn 0.5119 0.1907 -0.8376
vn 0.2354 0.5621 -0.7929
vn -0.0000 0.6318 -0.7752
vn -0.2354 0.5621 -0.7929
vn -0.4344 0.3459 -0.8317
vn -0.5119 0.1907 -0.8376
vn 0.2384 0.1974 -0.9509
vn 0.2844 0.1059 -0.9528
vn 0.1294 0.3219 -0.9379
vn -0.0000 0.3624 -0.9320
vn -0.1294 0.3219 -0.9379
vn -0.2384 0.1974 -0.9509
vn -0.2844 0.1059 -0.9528
vn -0.0000 0.1324 -0.9912
vn -0.0000 0.1905 0.9817
vn 0.7221 0.1130 0.6825
vn 0.6628 0.2348 0.7110
vn 0.4470 0.4729 0.7594
vn -0.0000 0.6109 0.7917
vn -0.4373 0.4730 0.7649
vn -0.6620 0.2290 0.7137
vn -0.7221 0.1130 0.6825
vn 0.8354 0.3415 0.4308
vn 0.9062 0.1417 0.3985
vn 0.5665 0.6723 0.4765
vn -0.0000 0.8575 0.5145
vn -0.5585 0.6760 0.4807
vn -0.8382 0.3331 0.4319
vn -0.9062 0.1417 0.3985
vn 0.8712 0.3955 0.2909
vn 0.9510 0.1488 0.2709
vn 0.5874 0.7546 0.2924
vn -0.0000 0.9497 0.3131
vn -0.5782 0.7602 0.2963
vn -0.8750 0.3854 0.2930
vn -0.9510 0.1488 0.2709
vn 0.8801 0.4411 0.1754
vn 0.9746 0.1525 0.1639
vn 0.5774 0.8013 0.1568
vn -0.0000 0.9871 0.1603
vn -0.5685 0.8076 0.1564
vn -0.8851 0.4315 0.1746
vn -0.9746 0.1525 0.1639
vn 0.8763 0.4729 0.0922
vn 0.9847 0.1540 0.0813
vn 0.5542 0.8281 0.0850
vn -0.0000 0.9963 0.0856
vn -0.5520 0.8303 0.0765
vn -0.8783 0.4707 0.0833
vn -0.9847 0.1540 0.0813
vn 0.8852 0.4631 0.0444
vn 0.9867 0.1566 0.0437
vn 0.5578 0.8289 0.0430
vn 0.0018 0.9988 0.0489
vn -0.5613 0.8263 0.0465
vn -0.8834 0.4663 0.0469
vn -0.9869 0.1544 0.0470
vn 0.8826 0.4698 -0.0159
vn 0.9711 0.2384 -0.0108
vn 0.5279 0.8490 -0.0209
vn 0.0013 0.9997 -0.0237
vn -0.5295 0.8480 -0.0221
vn -0.8818 0.4714 -0.0170
vn -0.9717 0.2359 -0.0145
vn 0.8736 0.4681 -0.1329
vn 0.9633 0.2365 -0.1266
vn 0.5228 0.8411 -0.1385
vn -0.0000 0.9899 -0.1415
vn -0.5228 0.8411 -0.1385
vn -0.8736 0.4681 -0.1329
vn -0.9633 0.2365 -0.1266
vn 0.8469 0.4535 -0.2776
vn 0.9364 0.2299 -0.2653
vn 0.5057 0.8131 -0.2884
vn -0.0000 0.9557 -0.2942
vn -0.5057 0.8131 -0.2884
vn -0.8469 0.4535 -0.2776
vn -0.9364 0.2299 -0.2653
vn 0.7886 0.4218 -0.4474
vn 0.8767 0.2152 -0.4302
vn 0.4689 0.7528 -0.4620
vn -0.0000 0.8828 -0.4697
vn -0.4689 0.7528 -0.4620
vn -0.7886 0.4218 -0.4474
vn -0.8767 0.2152 -0.4302
vn 0.6681 0.3561 -0.6533
vn 0.7499 0.1841 -0.6354
vn 0.3947 0.6312 -0.6676
vn -0.0000 0.7378 -0.6750
vn -0.3947 0.6313 -0.6676
vn -0.6681 0.3561 -0.6533
vn -0.7499 0.1841 -0.6354
vn 0.4281 0.2257 -0.8751
vn 0.4863 0.1194 -0.8656
vn 0.2521 0.3987 -0.8817
vn -0.0000 0.4653 -0.8852
vn -0.2521 0.3987 -0.8817
vn -0.4281 0.2257 -0.8751
vn -0.4863 0.1194 -0.8656
vn -0.0000 0.1584 -0.9874
vn 0.1374 0.9901 0.0288
vn 0.1255 0.9915 0.0340
vn 0.1255 0.9916 0.0325
vn 0.2037 0.9785 0.0329
vn 0.2185 0.9750 0.0417
vn 0.2034 0.9787 0.0292
vn 0.1965 0.9801 0.0291
vn -0.1961 0.9801 0.0292
vn -0.1796 0.9832 0.0337
vn -0.1796 0.9832 0.0322
vn -0.1429 0.9892 0.0324
vn -0.1426 0.9893 0.0294
vn -0.1377 0.9901 0.0287
vn -0.0045 0.0353 -0.9994
vn -0.0055 0.0302 -0.9995
vn 0.0040 0.0316 -0.9995
vn 0.0064 0.0353 -0.9994
vn -0.7359 0.6768 0.0222
vn -0.7359 0.6767 0.0243
vn -0.7358 0.6770 0.0155
vn -0.7359 0.6767 0.0242
vn -0.7358 0.6770 0.0161
vn -0.7359 0.6765 0.0289
vn -0.0055 -0.0353 0.9994
vn -0.0066 -0.0293 0.9996
vn 0.0048 -0.0309 0.9995
vn 0.0079 -0.0353 0.9993
vn 0.7359 0.6765 0.0289
vn 0.7358 0.6770 0.0161
vn 0.7359 0.6767 0.0242
vn 0.7358 0.6770 0.0155
vn 0.7359 0.6767 0.0243
vn 0.7359 0.6768 0.0222
vn -0.9547 0.2977 -0.0000
vn -0.0000 0.1909 0.9816
vn 0.9547 0.2977 -0.0000
vn -0.0000 0.1909 -0.9816
vn -0.9871 0.1603 -0.0000
vn -0.0000 0.1678 0.9858
vn 0.9871 0.1603 -0.0000
vn -0.0000 0.1678 -0.9858
vn -0.0000 0.4289 0.9033
vn -0.0000 0.4289 -0.9033
vn -0.0001 0.1414 0.9899
vn -0.0000 0.1414 0.9900
vn -0.9851 0.1701 -0.0243
vn -0.0000 -0.9899 0.1414
vn 0.9851 0.1701 -0.0243
vn -0.0000 0.9899 -0.1414
vn -0.9114 0.2640 0.3158
vn -0.9701 0.1918 0.1488
vn -0.9419 0.3222 0.0953
vn -0.4281 0.8218 0.3760
vn 0.9419 0.3222 0.0953
vn 0.9701 0.1918 0.1488
vn 0.9114 0.2640 0.3158
vn 0.4281 0.8218 0.3760
vn -0.0000 0.5559 -0.8313
vn -0.0000 0.5145 -0.8575
vn -0.7512 -0.1432 0.6444
vn -0.9357 -0.0281 0.3517
vn -0.9780 0.0106 0.2085
vn -0.9894 0.1250 -0.0736
vn -0.9847 0.1556 -0.0785
vn -0.9842 0.1769 -0.0113
vn -0.9912 0.1291 -0.0305
vn 0.9764 0.1973 -0.0877
vn 0.9847 0.1556 -0.0785
vn 0.9842 0.1769 -0.0113
vn 0.9642 0.2638 -0.0262
vn -0.9943 0.0884 0.0592
vn 0.9912 0.1291 -0.0305
vn 0.9943 0.0884 0.0592
vn -0.0000 0.6000 -0.8000
vn -0.0000 0.9027 0.4302
vn -0.0000 0.8944 0.4472
vn -0.9764 0.1973 -0.0877
vn -0.9642 0.2638 -0.0262
vn 0.9894 0.1250 -0.0736
vn 0.9780 0.0106 0.2085
vn 0.9357 -0.0281 0.3517
vn 0.7512 -0.1432 0.6444
vn 0.8375 -0.0689 0.5420
vn 0.5315 0.6056 0.5922
vn 0.2666 0.7724 0.5765
vn -0.2666 0.7724 0.5765
vn -0.5594 0.6044 0.5672
vn -0.8468 -0.0269 0.5312
vn -0.5722 -0.6618 0.4843
vn -0.2812 -0.8544 0.4370
vn 0.2812 -0.8544 0.4370
vn 0.5818 -0.6595 0.4760
vn 0.7884 0.5974 0.1468
vn 0.9924 -0.0844 0.0892
vn 0.2985 0.9362 0.1855
vn -0.2985 0.9362 0.1855
vn -0.7905 0.5930 0.1529
vn -0.9926 -0.0764 0.0947
vn -0.7499 -0.6599 0.0465
vn -0.3121 -0.9494 0.0356
vn 0.3121 -0.9494 0.0356
vn 0.7519 -0.6572 0.0524
vn 0.8027 0.5904 -0.0839
vn 0.9946 -0.0859 -0.0580
vn 0.3055 0.9472 -0.0970
vn -0.3055 0.9472 -0.0970
vn -0.8027 0.5904 -0.0839
vn -0.9942 -0.0881 -0.0613
vn -0.7510 -0.6594 -0.0356
vn -0.3112 -0.9500 -0.0242
vn 0.3112 -0.9500 -0.0242
vn 0.7496 -0.6612 -0.0317
vn 0.7000 0.5109 -0.4990
vn 0.8915 -0.1915 -0.4105
vn 0.2620 0.8071 -0.5292
vn -0.2620 0.8071 -0.5292
vn -0.7000 0.5109 -0.4990
vn -0.8943 -0.1989 -0.4009
vn -0.6469 -0.7280 -0.2269
vn -0.3236 -0.9325 -0.1605
vn 0.3236 -0.9325 -0.1605
vn 0.6416 -0.7305 -0.2339
vn -0.0000 -0.3904 -0.9206
vn -0.9999 0.0156 -0.0000
vn 0.9999 0.0156 -0.0000
vn -0.0000 0.0156 -0.9999
vn -0.0000 0.0156 0.9999
vn -0.9942 0.1078 -0.0025
vn -0.9931 0.1177 -0.0000
vn -0.9963 0.0861 -0.0078
vn -0.9967 0.0813 -0.0090
vn 0.9942 0.1078 -0.0025
vn 0.9967 0.0813 -0.0090
vn 0.9963 0.0861 -0.0078
vn 0.9931 0.1177 -0.0000
vn -0.0000 0.2682 -0.9634
vn -0.0000 0.3853 0.9228
vn -0.9999 0.0128 -0.0000
vn 0.9999 0.0128 -0.0000
vn -0.0000 0.0128 -0.9999
vn -0.0000 0.0128 0.9999
vn -0.9999 0.0108 -0.0000
vn 0.9999 0.0108 -0.0000
vn -0.0000 0.0108 -0.9999
vn -0.0000 0.0108 0.9999
vn -0.0000 0.9571 0.2898
vn -0.0000 0.4719 0.8817
vn -0.0076 -0.0000 -1.0000
vn -0.0329 -0.0014 -0.9995
vn -0.0402 -0.4292 -0.9023
vn -0.0076 -0.4339 -0.9009
vn -0.0619 -0.7755 -0.6283
vn -0.0076 -0.7818 -0.6235
vn -0.0829 -0.9705 -0.2266
vn -0.0076 -0.9749 -0.2225
vn -0.0878 -0.9709 0.2228
vn -0.0076 -0.9749 0.2225
vn -0.0739 -0.7760 0.6264
vn -0.0076 -0.7818 0.6235
vn -0.0528 -0.4278 0.9023
vn -0.0076 -0.4339 0.9009
vn -0.0411 0.0015 0.9992
vn -0.0076 -0.0000 1.0000
vn -0.0472 0.4296 0.9018
vn -0.0076 0.4339 0.9009
vn -0.0664 0.7759 0.6273
vn -0.0076 0.7818 0.6235
vn -0.0838 0.9707 0.2254
vn -0.0076 0.9749 0.2225
vn -0.0849 0.9709 -0.2239
vn -0.0076 0.9749 -0.2225
vn -0.0678 0.7758 -0.6273
vn -0.0076 0.7818 -0.6235
vn -0.0448 0.4277 -0.9028
vn -0.0076 0.4339 -0.9009
vn -0.3908 -0.0014 -0.9205
vn -0.4055 -0.3810 -0.8309
vn -0.4338 -0.6899 -0.5795
vn -0.4552 -0.8656 -0.2088
vn -0.4544 -0.8662 0.2078
vn -0.4327 -0.6900 0.5802
vn -0.4075 -0.3786 0.8310
vn -0.3982 0.0012 0.9173
vn -0.4117 0.3793 0.8287
vn -0.4375 0.6879 0.5791
vn -0.4559 0.8649 0.2098
vn -0.4520 0.8677 -0.2070
vn -0.4275 0.6924 -0.5812
vn -0.4004 0.3802 -0.8337
vn 0.0515 -0.4333 -0.8998
vn -0.0665 -0.4247 -0.9029
vn -0.0846 -0.0022 -0.9964
vn 0.0515 -0.0000 -0.9987
vn 0.0515 -0.7808 -0.6227
vn -0.0165 -0.7725 -0.6348
vn 0.0515 -0.9736 -0.2222
vn 0.0302 -0.9725 -0.2309
vn 0.0515 -0.9736 0.2222
vn 0.0346 -0.9734 0.2264
vn 0.0515 -0.7808 0.6227
vn -0.0076 -0.7737 0.6335
vn 0.0515 -0.4333 0.8998
vn -0.0602 -0.4226 0.9043
vn 0.0515 -0.0000 0.9987
vn -0.0846 0.0022 0.9964
vn 0.0515 0.4333 0.8998
vn -0.0665 0.4247 0.9029
vn 0.0515 0.7808 0.6227
vn -0.0166 0.7725 0.6348
vn 0.0515 0.9736 0.2222
vn 0.0302 0.9725 0.2309
vn 0.0515 0.9736 -0.2222
vn 0.0346 0.9734 -0.2264
vn 0.0515 0.7808 -0.6227
vn -0.0076 0.7737 -0.6335
vn 0.0515 0.4333 -0.8998
vn -0.0602 0.4226 -0.9043
vn -0.3531 -0.3874 -0.8516
vn -0.3505 -0.0000 -0.9365
vn -0.3587 -0.7134 -0.6020
vn -0.3634 -0.9056 -0.2187
vn -0.3634 -0.9056 0.2187
vn -0.3587 -0.7134 0.6020
vn -0.3531 -0.3874 0.8516
vn -0.3505 -0.0000 0.9365
vn -0.3531 0.3874 0.8516
vn -0.3587 0.7134 0.6020
vn -0.3634 0.9056 0.2187
vn -0.3634 0.9056 -0.2187
vn -0.3587 0.7134 -0.6020
vn -0.3531 0.3874 -0.8516
vn -0.1039 -0.4224 -0.9005
vn -0.1310 -0.0025 -0.9914
vn -0.0499 -0.7712 -0.6346
vn -0.0099 -0.9728 -0.2313
vn -0.0135 -0.9738 0.2271
vn -0.0588 -0.7709 0.6342
vn -0.1114 -0.4186 0.9013
vn -0.1310 0.0025 0.9914
vn -0.1039 0.4224 0.9005
vn -0.0499 0.7713 0.6346
vn -0.0099 0.9728 0.2313
vn -0.0135 0.9738 -0.2271
vn -0.0588 0.7709 -0.6342
vn -0.1114 0.4186 -0.9013
vn -0.0000 0.2158 0.9764
vn 0.5795 0.1460 0.8018
vn 0.5120 0.2861 0.8099
vn 0.3069 0.5097 0.8038
vn -0.0000 0.5957 0.8032
vn -0.2981 0.5090 0.8075
vn -0.5111 0.2777 0.8135
vn -0.5795 0.1460 0.8018
vn 0.7017 0.4369 0.5628
vn 0.8043 0.2027 0.5586
vn 0.4108 0.7409 0.5313
vn -0.0000 0.8543 0.5198
vn -0.4018 0.7445 0.5332
vn -0.7050 0.4261 0.5669
vn -0.8043 0.2027 0.5586
vn 0.7607 0.5133 0.3973
vn 0.8876 0.2237 0.4027
vn 0.4273 0.8413 0.3310
vn -0.0000 0.9489 0.3156
vn -0.4161 0.8463 0.3325
vn -0.7660 0.5012 0.4024
vn -0.8876 0.2237 0.4027
vn 0.7868 0.5668 0.2443
vn 0.9387 0.2365 0.2509
vn 0.4152 0.8922 0.1776
vn -0.0000 0.9869 0.1612
vn -0.4039 0.8978 0.1752
vn -0.7936 0.5567 0.2454
vn -0.9387 0.2365 0.2509
vn 0.7895 0.6004 0.1277
vn 0.9618 0.2424 0.1273
vn 0.3901 0.9159 0.0947
vn -0.3871 0.9181 0.0854
vn -0.7920 0.5988 0.1188
vn -0.9618 0.2424 0.1273
vn 0.8002 0.5964 0.0632
vn 0.9665 0.2472 0.0689
vn 0.3914 0.9190 0.0482
vn 0.0019 0.9988 0.0490
vn -0.3957 0.9169 0.0519
vn -0.7972 0.6000 0.0665
vn -0.9670 0.2437 0.0741
vn 0.7853 0.6172 0.0485
vn 0.9281 0.3670 0.0619
vn 0.3789 0.9250 0.0293
vn 0.0028 0.9997 0.0223
vn -0.3828 0.9234 0.0274
vn -0.7823 0.6214 0.0443
vn -0.9316 0.3601 0.0506
vn 0.7634 0.2632 0.5899
vn 0.7223 0.1876 0.6657
vn 0.7668 0.1000 0.6341
vn 0.8322 0.1085 0.5437
vn 0.5340 0.5317 0.6573
vn 0.5228 0.4117 0.7465
vn -0.0000 0.6976 0.7165
vn -0.0000 0.5537 0.8327
vn -0.3431 0.6230 0.7029
vn -0.2916 0.5296 0.7965
vn 0.8428 0.3291 0.4258
vn 0.9141 0.1192 0.3875
vn 0.6034 0.6596 0.4480
vn -0.0000 0.8683 0.4961
vn -0.4259 0.7734 0.4695
vn 0.8838 0.3843 0.2669
vn 0.9626 0.1255 0.2402
vn 0.6276 0.7365 0.2523
vn -0.0000 0.9617 0.2739
vn -0.4670 0.8481 0.2504
vn 0.8964 0.4199 0.1421
vn 0.9843 0.1283 0.1214
vn 0.6182 0.7734 0.1402
vn -0.0000 0.9883 0.1524
vn -0.4780 0.8680 0.1347
vn 0.9091 0.4109 0.0687
vn 0.9890 0.1323 0.0660
vn 0.6202 0.7810 0.0733
vn 0.0031 0.9962 0.0871
vn -0.4807 0.8730 0.0826
vn 0.9106 0.4125 -0.0251
vn 0.9796 0.2004 -0.0160
vn 0.5847 0.8105 -0.0353
vn 0.0024 0.9991 -0.0422
vn -0.3353 0.9411 -0.0437
vn 0.8903 0.4079 -0.2027
vn 0.9622 0.1969 -0.1884
vn 0.5695 0.7897 -0.2283
vn -0.0000 0.9699 -0.2436
vn -0.3218 0.9170 -0.2355
vn 0.8313 0.3790 -0.4066
vn 0.9056 0.1853 -0.3816
vn 0.5251 0.7226 -0.4496
vn -0.0000 0.8801 -0.4747
vn -0.2935 0.8365 -0.4626
vn 0.7232 0.3266 -0.6086
vn 0.7978 0.1632 -0.5804
vn 0.4484 0.6090 -0.6543
vn -0.0000 0.7332 -0.6800
vn -0.2458 0.7005 -0.6699
vn 0.5538 0.2459 -0.7955
vn 0.6199 0.1268 -0.7743
vn 0.3371 0.4488 -0.8276
vn -0.0000 0.5346 -0.8451
vn -0.1789 0.5099 -0.8414
vn 0.4370 0.1811 -0.8811
vn 0.4889 0.1000 -0.8666
vn 0.2661 0.3327 -0.9047
vn -0.0000 0.3956 -0.9184
vn -0.1375 0.3919 -0.9097
vn -0.7634 0.2632 0.5899
vn -0.8322 0.1085 0.5437
vn -0.7668 0.1000 0.6341
vn -0.7223 0.1876 0.6657
vn -0.5340 0.5317 0.6573
vn -0.5228 0.4117 0.7465
vn 0.3431 0.6230 0.7029
vn 0.2916 0.5296 0.7965
vn -0.8428 0.3291 0.4258
vn -0.9141 0.1192 0.3875
vn -0.6034 0.6596 0.4480
vn 0.4259 0.7734 0.4695
vn -0.8838 0.3843 0.2669
vn -0.9626 0.1255 0.2402
vn -0.6276 0.7365 0.2523
vn 0.4670 0.8481 0.2504
vn -0.8964 0.4199 0.1421
vn -0.9843 0.1283 0.1214
vn -0.6182 0.7734 0.1402
vn 0.4780 0.8680 0.1347
vn -0.9091 0.4109 0.0687
vn -0.9890 0.1323 0.0660
vn -0.6202 0.7810 0.0733
vn -0.0031 0.9962 0.0871
vn 0.4807 0.8730 0.0826
vn -0.9106 0.4125 -0.0251
vn -0.9796 0.2004 -0.0160
vn -0.5847 0.8105 -0.0353
vn -0.0024 0.9991 -0.0422
vn 0.3353 0.9411 -0.0437
vn -0.8903 0.4079 -0.2027
vn -0.9622 0.1969 -0.1884
vn -0.5695 0.7897 -0.2283
vn 0.3218 0.9170 -0.2355
vn -0.8313 0.3790 -0.4066
vn -0.9056 0.1853 -0.3816
vn -0.5251 0.7226 -0.4496
vn 0.2935 0.8365 -0.4626
vn -0.7232 0.3266 -0.6086
vn -0.7978 0.1632 -0.5804
vn -0.4484 0.6090 -0.6543
vn 0.2458 0.7005 -0.6699
vn -0.5538 0.2459 -0.7955
vn -0.6199 0.1268 -0.7743
vn -0.3371 0.4488 -0.8276
vn 0.1789 0.5099 -0.8414
vn -0.4370 0.1811 -0.8811
vn -0.4889 0.1000 -0.8666
vn -0.2661 0.3327 -0.9047
vn 0.1375 0.3919 -0.9097
vt 0.565025 0.152365
vt 0.565025 0.092379
vt 0.600916 0.092379
vt 0.606819 0.152365
vt 0.629699 0.092379
vt 0.640336 0.152365
vt 0.325167 0.213135
vt 0.331125 0.146690
vt 0.342582 0.146690
vt 0.338507 0.213135
vt 0.355297 0.146690
vt 0.356343 0.213135
vt 0.366754 0.146690
vt 0.369684 0.213135
vt 0.606819 0.152365
vt 0.630020 0.152365
vt 0.276486 0.213135
vt 0.279805 0.146690
vt 0.299986 0.146690
vt 0.299986 0.213135
vt 0.320167 0.146690
vt 0.323486 0.213135
vt 0.523231 0.152365
vt 0.529134 0.092379
vt 0.500351 0.092379
vt 0.489714 0.152365
vt 0.290834 0.213135
vt 0.293764 0.146690
vt 0.305220 0.146690
vt 0.304174 0.213135
vt 0.317936 0.146690
vt 0.322010 0.213135
vt 0.329393 0.146690
vt 0.335351 0.213135
vt 0.523231 0.152365
vt 0.565025 0.812210
vt 0.565025 0.663745
vt 0.598947 0.663745
vt 0.593829 0.812210
vt 0.626150 0.663745
vt 0.616928 0.812210
vt 0.302839 0.025285
vt 0.850619 0.022369
vt 0.850589 0.031966
vt 0.302764 0.033220
vt 0.850589 0.046022
vt 0.302764 0.045903
vt 0.850532 0.055638
vt 0.302839 0.053837
vt 0.565025 0.812104
vt 0.577314 0.812104
vt 0.577314 0.663639
vt 0.565025 0.663639
vt 0.536221 0.812210
vt 0.547299 0.812210
vt 0.547299 0.663745
vt 0.531103 0.663745
vt 0.503900 0.663745
vt 0.513122 0.812210
vt 0.850619 0.022369
vt 0.367589 0.880211
vt 0.375517 0.896395
vt 0.378347 0.916576
vt 0.375517 0.936756
vt 0.367589 0.952940
vt 0.356132 0.961921
vt 0.343416 0.961921
vt 0.331960 0.952940
vt 0.324032 0.936756
vt 0.321202 0.916576
vt 0.324032 0.896395
vt 0.331960 0.880211
vt 0.343416 0.871230
vt 0.356132 0.871230
vt 0.378562 0.871007
vt 0.386664 0.879832
vt 0.388057 0.890837
vt 0.386664 0.901841
vt 0.378562 0.910666
vt 0.375620 0.915564
vt 0.372355 0.915564
vt 0.369413 0.910666
vt 0.361311 0.901841
vt 0.361180 0.900803
vt 0.359918 0.890837
vt 0.361180 0.880870
vt 0.361311 0.879832
vt 0.369413 0.871007
vt 0.375620 0.866109
vt 0.372355 0.866109
vt 0.870909 0.982357
vt 0.828437 0.982357
vt 0.828437 0.831482
vt 0.871089 0.831482
vt 0.904995 0.982273
vt 0.905271 0.831483
vt 0.861304 0.987603
vt 0.810718 0.987603
vt 0.800659 0.824509
vt 0.857973 0.824509
vt 0.888855 0.824509
vt 0.889780 0.987603
vt 0.523421 0.260339
vt 0.565025 0.260339
vt 0.565025 0.152365
vt 0.523252 0.164409
vt 0.523278 0.179402
vt 0.523289 0.185400
vt 0.523321 0.203392
vt 0.523331 0.209389
vt 0.523363 0.227381
vt 0.523373 0.233379
vt 0.523405 0.251371
vt 0.490041 0.255135
vt 0.490057 0.260298
vt 0.471529 0.257223
vt 0.471541 0.260298
vt 0.889780 0.987603
vt 0.751880 0.982273
vt 0.751604 0.831483
vt 0.785786 0.831482
vt 0.785966 0.982357
vt 0.565025 0.638251
vt 0.599766 0.638251
vt 0.627587 0.638251
vt 0.803441 0.020916
vt 0.803525 0.028976
vt 0.803525 0.049010
vt 0.803617 0.062757
vt 0.577314 0.638145
vt 0.565025 0.638145
vt 0.547299 0.638251
vt 0.530284 0.638251
vt 0.502463 0.638251
vt 0.803441 0.020916
vt 0.140951 0.401098
vt 0.169755 0.401098
vt 0.160523 0.584056
vt 0.140951 0.584056
vt 0.192854 0.401098
vt 0.176218 0.584056
vt 0.829151 0.035178
vt 0.829152 0.030843
vt 0.829151 0.043945
vt 0.829152 0.048280
vt 0.584597 0.995167
vt 0.600292 0.995167
vt 0.577314 0.995061
vt 0.565025 0.995061
vt 0.547299 0.995167
vt 0.545453 0.995167
vt 0.529758 0.995167
vt 0.089048 0.401098
vt 0.112147 0.401098
vt 0.121379 0.584056
vt 0.105684 0.584056
vt 0.565025 0.386310
vt 0.606407 0.386310
vt 0.606323 0.434299
vt 0.565025 0.434299
vt 0.639593 0.386310
vt 0.639080 0.434257
vt 0.649581 0.014243
vt 0.652737 0.028231
vt 0.512249 0.024379
vt 0.510103 0.010346
vt 0.652737 0.051189
vt 0.512249 0.048541
vt 0.649826 0.065710
vt 0.510102 0.065997
vt 0.639080 0.434257
vt 0.606407 0.386310
vt 0.606323 0.434299
vt 0.290019 0.348044
vt 0.276765 0.348044
vt 0.276718 0.294887
vt 0.299986 0.348044
vt 0.299986 0.294887
vt 0.309953 0.348044
vt 0.323206 0.348044
vt 0.323254 0.294887
vt 0.523643 0.386310
vt 0.490457 0.386310
vt 0.490970 0.434257
vt 0.523727 0.434299
vt 0.649581 0.014243
vt 0.510103 0.010346
vt 0.606629 0.260339
vt 0.639993 0.260298
vt 0.639955 0.272337
vt 0.639907 0.287333
vt 0.639860 0.302330
vt 0.639669 0.362316
vt 0.167702 0.545214
vt 0.134640 0.558576
vt 0.129396 0.589925
vt 0.138637 0.577936
vt 0.113894 0.558576
vt 0.119138 0.589925
vt 0.095203 0.545214
vt 0.109897 0.577936
vt 0.490095 0.272337
vt 0.490143 0.287333
vt 0.490190 0.302330
vt 0.490340 0.365846
vt 0.095203 0.437009
vt 0.113894 0.423646
vt 0.119138 0.392297
vt 0.109897 0.404286
vt 0.134640 0.423646
vt 0.129396 0.392297
vt 0.167702 0.437009
vt 0.138638 0.404286
vt 0.706224 0.386227
vt 0.715747 0.362316
vt 0.685335 0.272337
vt 0.423826 0.386227
vt 0.414303 0.362316
vt 0.444715 0.272337
vt 0.563853 0.014464
vt 0.565096 0.028914
vt 0.722680 0.028426
vt 0.721918 0.013022
vt 0.565096 0.050506
vt 0.722680 0.050994
vt 0.563853 0.064956
vt 0.721918 0.066399
vt 0.563853 0.014464
vt 0.721918 0.013022
vt 0.704918 0.287333
vt 0.715961 0.302330
vt 0.425132 0.287333
vt 0.414089 0.302330
vt 0.518154 0.015279
vt 0.485291 0.015656
vt 0.485405 0.027733
vt 0.521231 0.029036
vt 0.485405 0.051687
vt 0.521231 0.050384
vt 0.485291 0.063765
vt 0.518154 0.064141
vt 0.202174 0.115516
vt 0.215548 0.115707
vt 0.215547 0.215561
vt 0.202174 0.215460
vt 0.215550 0.273130
vt 0.202173 0.272733
vt 0.920787 0.592600
vt 0.891901 0.556378
vt 0.850159 0.536276
vt 0.803828 0.536276
vt 0.762086 0.556378
vt 0.733200 0.592600
vt 0.722890 0.637769
vt 0.733200 0.682937
vt 0.762086 0.719160
vt 0.803828 0.739262
vt 0.850159 0.739262
vt 0.891901 0.719160
vt 0.920787 0.682938
vt 0.931097 0.637769
vt 0.217295 0.377431
vt 0.200433 0.377308
vt 0.200432 0.361166
vt 0.217302 0.361427
vt 0.008261 0.007500
vt 0.072847 0.007900
vt 0.069347 0.022467
vt 0.011423 0.022144
vt 0.589221 0.013640
vt 0.587073 0.013640
vt 0.587073 0.016359
vt 0.589221 0.016359
vt 0.581055 0.013640
vt 0.581055 0.016359
vt 0.572358 0.013640
vt 0.572358 0.016359
vt 0.562706 0.013640
vt 0.562706 0.016359
vt 0.554009 0.013640
vt 0.554009 0.016359
vt 0.547991 0.013640
vt 0.547991 0.016359
vt 0.545843 0.013640
vt 0.545843 0.016359
vt 0.547991 0.013640
vt 0.554009 0.013640
vt 0.562706 0.013640
vt 0.572358 0.013640
vt 0.581055 0.013640
vt 0.217291 0.320199
vt 0.200433 0.320124
vt 0.217308 0.343052
vt 0.200433 0.343003
vt 0.215024 0.803510
vt 0.207268 0.803510
vt 0.197336 0.800927
vt 0.197336 0.799526
vt 0.116933 0.803510
vt 0.107001 0.803510
vt 0.116933 0.800927
vt 0.099246 0.803510
vt 0.116933 0.799526
vt 0.107001 0.803510
vt 0.116933 0.800927
vt 0.197336 0.803510
vt 0.221491 0.814294
vt 0.231447 0.814294
vt 0.258169 0.836537
vt 0.244633 0.836537
vt 0.207652 0.836537
vt 0.197336 0.819364
vt 0.197336 0.814294
vt 0.116933 0.836537
vt 0.106617 0.836537
vt 0.116933 0.819364
vt 0.092779 0.814294
vt 0.116933 0.814294
vt 0.069636 0.836537
vt 0.082823 0.814294
vt 0.056100 0.836537
vt 0.106617 0.836537
vt 0.116933 0.814294
vt 0.207652 0.836537
vt 0.197336 0.819525
vt 0.197336 0.836371
vt 0.197336 0.836537
vt 0.221491 0.814294
vt 0.197336 0.814566
vt 0.268603 0.871426
vt 0.285847 0.871426
vt 0.294094 0.902365
vt 0.277526 0.902592
vt 0.221491 0.871426
vt 0.226643 0.902592
vt 0.143792 0.902592
vt 0.087627 0.902592
vt 0.092779 0.871426
vt 0.118447 0.871426
vt 0.045667 0.871426
vt 0.036743 0.902592
vt 0.028423 0.871426
vt 0.020175 0.902365
vt 0.087627 0.902592
vt 0.170478 0.902592
vt 0.221491 0.871426
vt 0.195822 0.871426
vt 0.277526 0.902592
vt 0.295850 0.968647
vt 0.301805 0.968647
vt 0.302458 0.981858
vt 0.295850 0.981867
vt 0.231447 0.972625
vt 0.285847 0.968647
vt 0.286185 0.981876
vt 0.231780 0.982533
vt 0.157135 0.979347
vt 0.157135 0.985953
vt 0.082823 0.972625
vt 0.082490 0.982533
vt 0.028423 0.968647
vt 0.027754 0.981858
vt 0.018419 0.981858
vt 0.018419 0.968647
vt 0.012465 0.968647
vt 0.011811 0.981858
vt 0.082823 0.972625
vt 0.028423 0.968647
vt 0.027754 0.981858
vt 0.082490 0.982533
vt 0.285847 0.968647
vt 0.157135 0.902592
vt 0.157140 0.902592
vt 0.197336 0.869565
vt 0.116933 0.869565
vt 0.118447 0.871426
vt 0.116933 0.803510
vt 0.197336 0.814280
vt 0.876034 0.123850
vt 0.862500 0.136334
vt 0.889569 0.136334
vt 0.916167 0.393911
vt 0.835903 0.393911
vt 0.843106 0.254730
vt 0.908963 0.254730
vt 0.908962 0.255570
vt 0.843107 0.255570
vt 0.896093 0.153686
vt 0.855976 0.153686
vt 0.856135 0.152182
vt 0.895934 0.152182
vt 0.862377 0.135481
vt 0.889692 0.135481
vt 0.876034 0.122993
vt 0.297605 0.981867
vt 0.291132 0.981875
vt 0.282135 0.982056
vt 0.229308 0.982796
vt 0.157135 0.986116
vt 0.084970 0.982797
vt 0.031799 0.982035
vt 0.023139 0.981858
vt 0.016665 0.981858
vt 0.031799 0.982035
vt 0.084970 0.982797
vt 0.157135 0.986116
vt 0.297605 0.971959
vt 0.291132 0.971967
vt 0.282135 0.972148
vt 0.229308 0.976191
vt 0.157135 0.982814
vt 0.084970 0.976191
vt 0.031799 0.972127
vt 0.023139 0.971950
vt 0.016665 0.971950
vt 0.031799 0.972127
vt 0.157135 0.982814
vt 0.229308 0.976191
vt 0.116933 0.836371
vt 0.846682 0.316130
vt 0.845886 0.311487
vt 0.756954 0.311487
vt 0.756157 0.316130
vt 0.748536 0.393865
vt 0.854317 0.393865
vt 0.157127 0.902592
vt 0.777428 0.174495
vt 0.777338 0.173630
vt 0.786414 0.146731
vt 0.774391 0.187119
vt 0.774479 0.186932
vt 0.792751 0.140289
vt 0.801420 0.136795
vt 0.810088 0.140289
vt 0.816426 0.146731
vt 0.825501 0.173630
vt 0.825469 0.174733
vt 0.835599 0.228695
vt 0.767180 0.228394
vt 0.835558 0.229109
vt 0.767281 0.229109
vt 0.828406 0.186676
vt 0.825432 0.174308
vt 0.825489 0.173595
vt 0.816426 0.146730
vt 0.792751 0.140289
vt 0.777477 0.174985
vt 0.774483 0.187225
vt 0.774394 0.187415
vt 0.215694 0.826008
vt 0.215694 0.834567
vt 0.215694 0.823958
vt 0.067158 0.138911
vt 0.078275 0.138911
vt 0.078275 0.141545
vt 0.067158 0.141545
vt 0.087190 0.138911
vt 0.087190 0.141545
vt 0.092137 0.138911
vt 0.092137 0.141545
vt 0.056041 0.138911
vt 0.056041 0.141545
vt 0.047126 0.138911
vt 0.047126 0.141545
vt 0.042179 0.138911
vt 0.042179 0.141545
vt 0.067158 0.142326
vt 0.077809 0.142326
vt 0.077809 0.232849
vt 0.067158 0.232849
vt 0.086351 0.142326
vt 0.086351 0.232849
vt 0.091091 0.142326
vt 0.091091 0.232849
vt 0.091091 0.232849
vt 0.086351 0.227606
vt 0.077809 0.142326
vt 0.077809 0.224985
vt 0.067158 0.224664
vt 0.056507 0.142326
vt 0.056507 0.224985
vt 0.047965 0.142326
vt 0.047965 0.227606
vt 0.043225 0.142326
vt 0.043225 0.232849
vt 0.047965 0.232849
vt 0.056507 0.232849
vt 0.197287 0.645826
vt 0.167302 0.631386
vt 0.134022 0.631386
vt 0.083288 0.736737
vt 0.104038 0.762757
vt 0.218036 0.671846
vt 0.225442 0.704291
vt 0.134022 0.777196
vt 0.167302 0.777196
vt 0.197287 0.762757
vt 0.083288 0.671846
vt 0.075882 0.704291
vt 0.218036 0.736737
vt 0.228466 0.741760
vt 0.237018 0.704291
vt 0.204504 0.771807
vt 0.169878 0.788482
vt 0.131446 0.788482
vt 0.096820 0.771807
vt 0.072858 0.741760
vt 0.064306 0.704291
vt 0.072858 0.666823
vt 0.104038 0.645826
vt 0.096820 0.636776
vt 0.131446 0.620101
vt 0.169878 0.620101
vt 0.204504 0.636776
vt 0.228466 0.666823
vt 0.893669 0.335516
vt 0.866266 0.322320
vt 0.847303 0.298541
vt 0.840535 0.268889
vt 0.847303 0.239237
vt 0.866266 0.215458
vt 0.893669 0.202261
vt 0.894282 0.202261
vt 0.894282 0.335516
vt 0.949919 0.096911
vt 0.897249 0.096911
vt 0.897249 0.091594
vt 0.949919 0.091796
vt 0.949919 0.091594
vt 0.949919 0.101701
vt 0.897249 0.101701
vt 0.950494 0.100407
vt 0.898240 0.100407
vt 0.898240 0.104531
vt 0.950494 0.104531
vt 0.950494 0.095264
vt 0.898240 0.095264
vt 0.950494 0.090121
vt 0.898240 0.090121
vt 0.950494 0.085997
vt 0.898240 0.085997
vt 0.895077 0.096862
vt 0.895077 0.092014
vt 0.895077 0.101230
vt 0.896085 0.099953
vt 0.896085 0.103714
vt 0.896085 0.095264
vt 0.896085 0.090575
vt 0.896085 0.086814
vt 0.792036 0.096862
vt 0.792036 0.092014
vt 0.792036 0.101230
vt 0.793857 0.099953
vt 0.793857 0.103714
vt 0.793857 0.095264
vt 0.793857 0.090575
vt 0.793857 0.086814
vt 0.950494 0.083708
vt 0.950494 0.106820
vt 0.606766 0.182358
vt 0.565025 0.182358
vt 0.640240 0.182358
vt 0.339161 0.246358
vt 0.310003 0.246358
vt 0.356417 0.226139
vt 0.356454 0.232787
vt 0.356532 0.246358
vt 0.321357 0.246358
vt 0.304062 0.232982
vt 0.303986 0.246358
vt 0.350515 0.246358
vt 0.489810 0.182358
vt 0.523284 0.182358
vt 0.781092 0.991014
vt 0.774025 0.991014
vt 0.770845 0.987694
vt 0.777896 0.987694
vt 0.781092 0.991014
vt 0.813958 0.990924
vt 0.864569 0.990924
vt 0.896326 0.990924
vt 0.895400 0.827644
vt 0.895364 0.821303
vt 0.895474 0.840693
vt 0.895696 0.879840
vt 0.895770 0.892889
vt 0.895992 0.932035
vt 0.896066 0.945084
vt 0.896288 0.984231
vt 0.861235 0.821303
vt 0.803947 0.821303
vt 0.785346 0.821303
vt 0.782014 0.824508
vt 0.778707 0.821303
vt 0.775360 0.824508
vt 0.785346 0.821303
vt 0.896027 0.938305
vt 0.896326 0.990924
vt 0.895805 0.899124
vt 0.895731 0.886063
vt 0.895509 0.846881
vt 0.895435 0.833821
vt 0.864569 0.990924
vt 0.813958 0.990924
vt 0.928121 0.883966
vt 0.928150 0.848399
vt 0.969432 0.857571
vt 0.969554 0.893176
vt 0.992394 0.862668
vt 0.992333 0.891878
vt 0.992318 0.898240
vt 0.489812 0.183177
vt 0.489831 0.189174
vt 0.471244 0.185272
vt 0.471268 0.191268
vt 0.928037 0.883019
vt 0.928073 0.840037
vt 0.969322 0.849201
vt 0.969430 0.892220
vt 0.992267 0.854295
vt 0.992177 0.897281
vt 0.489888 0.207163
vt 0.489907 0.213159
vt 0.471339 0.209255
vt 0.471363 0.215251
vt 0.927953 0.884264
vt 0.927989 0.841282
vt 0.969199 0.850438
vt 0.969304 0.893456
vt 0.992125 0.855527
vt 0.992035 0.898513
vt 0.489965 0.231149
vt 0.489984 0.237145
vt 0.471434 0.233239
vt 0.471458 0.239235
vt 0.927868 0.883318
vt 0.927905 0.840335
vt 0.969076 0.849482
vt 0.969179 0.892500
vt 0.991983 0.854567
vt 0.991893 0.897554
vt 0.489765 0.168186
vt 0.471114 0.152365
vt 0.471185 0.170282
vt 0.352723 0.246358
vt 0.352716 0.249586
vt 0.351487 0.249226
vt 0.351494 0.246376
vt 0.342164 0.969306
vt 0.328488 0.958866
vt 0.329828 0.957880
vt 0.343209 0.968077
vt 0.319109 0.940049
vt 0.320569 0.939320
vt 0.280913 0.243084
vt 0.281295 0.226476
vt 0.282741 0.226900
vt 0.282372 0.242832
vt 0.343647 0.867349
vt 0.352908 0.848520
vt 0.354179 0.849587
vt 0.345094 0.868079
vt 0.366415 0.838073
vt 0.367455 0.839301
vt 0.352750 0.232982
vt 0.351521 0.233291
vt 0.280301 0.269657
vt 0.280760 0.249727
vt 0.282198 0.250150
vt 0.281754 0.269404
vt 0.343113 0.867369
vt 0.352539 0.848557
vt 0.353799 0.849636
vt 0.344551 0.868113
vt 0.366283 0.838120
vt 0.367311 0.839358
vt 0.352703 0.256227
vt 0.352663 0.276152
vt 0.351424 0.275792
vt 0.351464 0.256537
vt 0.342013 0.969253
vt 0.328065 0.958823
vt 0.329396 0.957824
vt 0.343047 0.968014
vt 0.318498 0.940025
vt 0.319950 0.939283
vt 0.279690 0.296229
vt 0.280149 0.276300
vt 0.281579 0.276723
vt 0.281134 0.295976
vt 0.342502 0.867393
vt 0.352116 0.848600
vt 0.353366 0.849692
vt 0.343932 0.868151
vt 0.366132 0.838173
vt 0.367148 0.839422
vt 0.352649 0.282793
vt 0.352609 0.302718
vt 0.351360 0.302359
vt 0.351401 0.283103
vt 0.341863 0.969199
vt 0.327643 0.958780
vt 0.328964 0.957768
vt 0.342884 0.967950
vt 0.317887 0.940001
vt 0.319331 0.939245
vt 0.279079 0.322802
vt 0.279537 0.302873
vt 0.280960 0.303295
vt 0.280515 0.322549
vt 0.341890 0.867417
vt 0.351694 0.848643
vt 0.352934 0.849746
vt 0.343313 0.868189
vt 0.365982 0.838226
vt 0.366985 0.839485
vt 0.352596 0.309359
vt 0.352556 0.329284
vt 0.351297 0.328926
vt 0.351337 0.309670
vt 0.341712 0.969146
vt 0.327221 0.958737
vt 0.328531 0.957712
vt 0.342721 0.967887
vt 0.317275 0.939978
vt 0.318712 0.939207
vt 0.606908 0.164469
vt 0.606929 0.152425
vt 0.565135 0.152425
vt 0.606882 0.179462
vt 0.606871 0.185459
vt 0.606839 0.203452
vt 0.606829 0.209449
vt 0.606797 0.227441
vt 0.606787 0.233439
vt 0.606755 0.251431
vt 0.606739 0.260399
vt 0.565135 0.260399
vt 0.640103 0.260358
vt 0.640119 0.255194
vt 0.658619 0.260358
vt 0.658631 0.257283
vt 0.928947 0.883966
vt 0.970381 0.893176
vt 0.970259 0.857571
vt 0.928977 0.848399
vt 0.993145 0.898240
vt 0.993160 0.891878
vt 0.993221 0.862668
vt 0.640329 0.189234
vt 0.640348 0.183237
vt 0.658892 0.191328
vt 0.658916 0.185332
vt 0.928864 0.883019
vt 0.970257 0.892220
vt 0.970149 0.849201
vt 0.928900 0.840037
vt 0.993004 0.897281
vt 0.993094 0.854295
vt 0.640253 0.213219
vt 0.640272 0.207223
vt 0.658797 0.215311
vt 0.658821 0.209315
vt 0.928779 0.884264
vt 0.970131 0.893456
vt 0.970026 0.850438
vt 0.928816 0.841282
vt 0.992862 0.898513
vt 0.992952 0.855527
vt 0.640176 0.237205
vt 0.640196 0.231209
vt 0.658702 0.239295
vt 0.658726 0.233299
vt 0.928695 0.883318
vt 0.970006 0.892500
vt 0.969903 0.849482
vt 0.928731 0.840335
vt 0.992720 0.897554
vt 0.992810 0.854567
vt 0.640395 0.168246
vt 0.640446 0.152425
vt 0.658975 0.170342
vt 0.659046 0.152425
vt 0.315246 0.246358
vt 0.316475 0.246376
vt 0.316482 0.249226
vt 0.315253 0.249586
vt 0.342164 0.863845
vt 0.343209 0.865074
vt 0.329828 0.875271
vt 0.328488 0.874285
vt 0.320569 0.893831
vt 0.319109 0.893103
vt 0.379605 0.243084
vt 0.378145 0.242832
vt 0.377777 0.226900
vt 0.379223 0.226476
vt 0.343647 0.914325
vt 0.345094 0.913594
vt 0.354179 0.932086
vt 0.352908 0.933154
vt 0.367455 0.942372
vt 0.366415 0.943600
vt 0.315219 0.232982
vt 0.316448 0.233291
vt 0.380216 0.269657
vt 0.378764 0.269404
vt 0.378319 0.250150
vt 0.379758 0.249727
vt 0.343113 0.914304
vt 0.344551 0.913560
vt 0.353799 0.932037
vt 0.352539 0.933116
vt 0.367311 0.942315
vt 0.366283 0.943554
vt 0.315266 0.256227
vt 0.316505 0.256537
vt 0.316545 0.275792
vt 0.315306 0.276152
vt 0.342013 0.863899
vt 0.343047 0.865138
vt 0.329396 0.875327
vt 0.328065 0.874328
vt 0.319950 0.893869
vt 0.318498 0.893126
vt 0.380827 0.296229
vt 0.379383 0.295976
vt 0.378938 0.276723
vt 0.380369 0.276300
vt 0.342502 0.914280
vt 0.343932 0.913522
vt 0.353366 0.931982
vt 0.352116 0.933073
vt 0.367148 0.942251
vt 0.366132 0.943500
vt 0.315319 0.282793
vt 0.316568 0.283103
vt 0.316609 0.302359
vt 0.315359 0.302718
vt 0.341863 0.863952
vt 0.342884 0.865201
vt 0.328964 0.875383
vt 0.327643 0.874371
vt 0.319331 0.893907
vt 0.317887 0.893150
vt 0.381438 0.322802
vt 0.380002 0.322549
vt 0.379557 0.303295
vt 0.380980 0.302873
vt 0.341890 0.914256
vt 0.343313 0.913484
vt 0.352934 0.931927
vt 0.351694 0.933030
vt 0.366985 0.942188
vt 0.365982 0.943447
vt 0.315373 0.309359
vt 0.316632 0.309670
vt 0.316672 0.328926
vt 0.315413 0.329284
vt 0.341712 0.864005
vt 0.342721 0.865265
vt 0.328531 0.875440
vt 0.327221 0.874414
vt 0.318712 0.893944
vt 0.317275 0.893174
vt 0.139099 0.400965
vt 0.180397 0.400965
vt 0.176829 0.511939
vt 0.139099 0.511939
vt 0.213154 0.400924
vt 0.206899 0.511939
vt 0.445477 0.048024
vt 0.443844 0.038932
vt 0.690937 0.036646
vt 0.690781 0.045592
vt 0.443844 0.023277
vt 0.690937 0.022419
vt 0.445478 0.011968
vt 0.690976 0.012398
vt 0.602755 0.545273
vt 0.632825 0.545273
vt 0.582751 0.434299
vt 0.582751 0.545273
vt 0.565025 0.434193
vt 0.552736 0.434193
vt 0.552736 0.545167
vt 0.565025 0.545167
vt 0.497225 0.545273
vt 0.527295 0.545273
vt 0.443844 0.023277
vt 0.443844 0.038932
vt 0.690937 0.036646
vt 0.445477 0.048024
vt 0.065044 0.400924
vt 0.097801 0.400965
vt 0.101369 0.511939
vt 0.071299 0.511939
vt 0.176251 0.529935
vt 0.139099 0.529935
vt 0.205885 0.529935
vt 0.584047 0.016411
vt 0.531358 0.014100
vt 0.531562 0.027907
vt 0.584200 0.024379
vt 0.531562 0.049867
vt 0.584200 0.054072
vt 0.531614 0.065333
vt 0.584265 0.074943
vt 0.620560 0.563268
vt 0.602177 0.563268
vt 0.582751 0.563268
vt 0.552736 0.563162
vt 0.565025 0.563162
vt 0.509490 0.563268
vt 0.527873 0.563268
vt 0.531614 0.065333
vt 0.584265 0.074943
vt 0.101947 0.529935
vt 0.072313 0.529935
vt 0.174033 0.598919
vt 0.139099 0.598919
vt 0.201999 0.598919
vt 0.785978 0.025635
vt 0.785845 0.020409
vt 0.785978 0.053105
vt 0.786045 0.071980
vt 0.599959 0.632252
vt 0.617329 0.632252
vt 0.582751 0.632252
vt 0.552736 0.632146
vt 0.565025 0.632146
vt 0.512721 0.632252
vt 0.530091 0.632252
vt 0.785978 0.025635
vt 0.104165 0.598919
vt 0.076200 0.598919
vt 0.565025 0.632252
vt 0.627925 0.632252
vt 0.582751 0.638251
vt 0.552736 0.638145
vt 0.502126 0.632252
vt 0.629836 0.663734
vt 0.620743 0.812235
vt 0.631163 0.638222
vt 0.631372 0.632206
vt 0.631811 0.563268
vt 0.635069 0.563216
vt 0.635855 0.545203
vt 0.641703 0.434991
vt 0.709923 0.387306
vt 0.720634 0.362576
vt 0.720825 0.301905
vt 0.709089 0.286281
vt 0.694332 0.275046
vt 0.701949 0.272337
vt 0.704582 0.275085
vt 0.710214 0.387223
vt 0.642498 0.434991
vt 0.636489 0.545290
vt 0.623624 0.563290
vt 0.620397 0.632275
vt 0.631272 0.638282
vt 0.629869 0.663764
vt 0.620743 0.812236
vt 0.604439 0.992171
vt 0.348153 0.969306
vt 0.343256 0.969306
vt 0.343100 0.965987
vt 0.345822 0.965988
vt 0.394862 0.969306
vt 0.391596 0.969306
vt 0.391569 0.965987
vt 0.394889 0.965987
vt 0.326015 0.969306
vt 0.321118 0.969306
vt 0.323449 0.965988
vt 0.326171 0.965987
vt 0.500181 0.663764
vt 0.509307 0.812236
vt 0.498778 0.638282
vt 0.509653 0.632275
vt 0.506426 0.563290
vt 0.493561 0.545290
vt 0.487552 0.434991
vt 0.419836 0.387223
vt 0.409417 0.362576
vt 0.409225 0.301905
vt 0.420961 0.286281
vt 0.435718 0.275046
vt 0.428101 0.272337
vt 0.425468 0.275085
vt 0.420127 0.387306
vt 0.488347 0.434991
vt 0.494195 0.545203
vt 0.498239 0.563268
vt 0.494981 0.563216
vt 0.498678 0.632206
vt 0.498887 0.638222
vt 0.500214 0.663734
vt 0.509307 0.812235
vt 0.525612 0.992171
vt 0.349455 0.969306
vt 0.344557 0.969306
vt 0.344401 0.965987
vt 0.347124 0.965988
vt 0.357613 0.969306
vt 0.354348 0.969306
vt 0.354321 0.965987
vt 0.357641 0.965987
vt 0.324713 0.969306
vt 0.319816 0.969306
vt 0.322147 0.965988
vt 0.324869 0.965987
vt 0.336654 0.766677
vt 0.331542 0.602185
vt 0.340605 0.602185
vt 0.341826 0.766677
vt 0.330796 0.573926
vt 0.340596 0.573926
vt 0.330678 0.567262
vt 0.340594 0.567262
vt 0.328599 0.490843
vt 0.340206 0.490843
vt 0.328157 0.470890
vt 0.340201 0.470890
vt 0.324869 0.348811
vt 0.330545 0.348811
vt 0.286511 0.295991
vt 0.293621 0.295991
vt 0.280488 0.268598
vt 0.284857 0.268598
vt 0.280381 0.201393
vt 0.284853 0.201393
vt 0.286980 0.184088
vt 0.291469 0.184088
vt 0.293908 0.171642
vt 0.295277 0.171642
vt 0.383040 0.963543
vt 0.378467 0.969306
vt 0.378467 0.965100
vt 0.383040 0.964911
vt 0.369395 0.969306
vt 0.369395 0.965100
vt 0.364822 0.964911
vt 0.364822 0.963543
vt 0.373994 0.171642
vt 0.382291 0.184088
vt 0.377801 0.184088
vt 0.375362 0.171642
vt 0.388890 0.201393
vt 0.384418 0.201393
vt 0.388782 0.268598
vt 0.384414 0.268598
vt 0.382924 0.295898
vt 0.375655 0.295898
vt 0.338734 0.348811
vt 0.344849 0.348811
vt 0.329074 0.470987
vt 0.341470 0.470987
vt 0.334236 0.490925
vt 0.329067 0.490925
vt 0.328678 0.567338
vt 0.332422 0.567338
vt 0.338537 0.573992
vt 0.328676 0.573992
vt 0.337748 0.602218
vt 0.328666 0.602218
vt 0.327445 0.766677
vt 0.332616 0.766677
vt 0.323116 0.965988
vt 0.346529 0.894414
vt 0.348171 0.891692
vt 0.348171 0.894721
vt 0.346529 0.894748
vt 0.351491 0.891692
vt 0.351491 0.894721
vt 0.353132 0.894414
vt 0.353132 0.894748
vt 0.346155 0.965988
vt 0.337956 0.766677
vt 0.332825 0.602218
vt 0.341906 0.602218
vt 0.343128 0.766677
vt 0.332036 0.573992
vt 0.341897 0.573992
vt 0.338151 0.567338
vt 0.341894 0.567338
vt 0.336336 0.490925
vt 0.341505 0.490925
vt 0.329103 0.470987
vt 0.341498 0.470987
vt 0.325724 0.348811
vt 0.331839 0.348811
vt 0.287649 0.295898
vt 0.294917 0.295898
vt 0.281790 0.268598
vt 0.286158 0.268598
vt 0.281683 0.201393
vt 0.286154 0.201393
vt 0.288281 0.184088
vt 0.292771 0.184088
vt 0.295210 0.171642
vt 0.296579 0.171642
vt 0.364822 0.818130
vt 0.369395 0.812367
vt 0.369395 0.816573
vt 0.364822 0.816762
vt 0.378467 0.812367
vt 0.378467 0.816573
vt 0.383040 0.816762
vt 0.383040 0.818130
vt 0.372692 0.171642
vt 0.380989 0.184088
vt 0.376500 0.184088
vt 0.374061 0.171642
vt 0.387588 0.201393
vt 0.383116 0.201393
vt 0.387480 0.268598
vt 0.383112 0.268598
vt 0.381458 0.295991
vt 0.374348 0.295991
vt 0.337424 0.348811
vt 0.343100 0.348811
vt 0.327768 0.470890
vt 0.339812 0.470890
vt 0.339370 0.490843
vt 0.327763 0.490843
vt 0.327375 0.567262
vt 0.337291 0.567262
vt 0.337173 0.573926
vt 0.327373 0.573926
vt 0.336427 0.602185
vt 0.327364 0.602185
vt 0.326143 0.766677
vt 0.331315 0.766677
vt 0.321814 0.965988
vt 0.353132 0.938737
vt 0.351491 0.941459
vt 0.351491 0.938431
vt 0.353132 0.938404
vt 0.348171 0.941459
vt 0.348171 0.938431
vt 0.346529 0.938737
vt 0.346529 0.938404
vt 0.347457 0.965988
vt 0.995348 0.423488
vt 0.989699 0.423488
vt 0.989699 0.643135
vt 0.995348 0.643135
vt 0.973872 0.423488
vt 0.973872 0.643135
vt 0.951000 0.423488
vt 0.951000 0.643135
vt 0.938307 0.423488
vt 0.938307 0.643135
vt 0.816857 0.811969
vt 0.800062 0.817465
vt 0.788439 0.827369
vt 0.784291 0.839719
vt 0.826178 0.839719
vt 0.826178 0.811969
vt 0.826178 0.839719
vt 0.826178 0.949236
vt 0.784291 0.949236
vt 0.788439 0.961586
vt 0.800062 0.971490
vt 0.816857 0.976986
vt 0.826178 0.976986
vt 0.371502 0.483843
vt 0.357355 0.481482
vt 0.357355 0.384000
vt 0.371776 0.384000
vt 0.357118 0.389340
vt 0.370497 0.389340
vt 0.370497 0.476561
vt 0.357118 0.476561
vt 0.380505 0.384000
vt 0.380505 0.481482
vt 0.188983 0.544383
vt 0.182325 0.559911
vt 0.182325 0.508605
vt 0.188983 0.523606
vt 0.350905 0.481482
vt 0.350905 0.384000
vt 0.176346 0.499213
vt 0.273828 0.499213
vt 0.273828 0.515931
vt 0.176346 0.515931
vt 0.371017 0.389340
vt 0.371017 0.476561
vt 0.357112 0.476561
vt 0.357112 0.389340
vt 0.375866 0.481796
vt 0.375866 0.384315
vt 0.380997 0.389446
vt 0.380997 0.476666
vt 0.168461 0.503474
vt 0.168461 0.525636
vt 0.163330 0.521983
vt 0.163330 0.508605
vt 0.040776 0.550669
vt 0.138257 0.550669
vt 0.133126 0.555800
vt 0.045906 0.555800
vt 0.273828 0.538092
vt 0.268697 0.532962
vt 0.268697 0.519583
vt 0.380350 0.383923
vt 0.380350 0.481404
vt 0.375220 0.476274
vt 0.375220 0.389053
vt 0.210000 0.528822
vt 0.210000 0.551509
vt 0.204869 0.547857
vt 0.204869 0.533952
vt 0.168461 0.542354
vt 0.168461 0.565042
vt 0.163330 0.559911
vt 0.163330 0.546006
vt 0.371165 0.383694
vt 0.371165 0.481175
vt 0.355773 0.481175
vt 0.355773 0.383694
vt 0.820293 0.922805
vt 0.817283 0.922805
vt 0.817283 0.912721
vt 0.817283 0.901849
vt 0.817283 0.892108
vt 0.820293 0.892108
vt 0.355870 0.481373
vt 0.355870 0.383892
vt 0.371261 0.383892
vt 0.371261 0.481373
vt 0.194114 0.521630
vt 0.194114 0.551626
vt 0.183853 0.565042
vt 0.173592 0.559911
vt 0.176346 0.476525
vt 0.171216 0.499213
vt 0.171216 0.481656
vt 0.173592 0.525636
vt 0.173592 0.542354
vt 0.173592 0.508605
vt 0.183853 0.503474
vt 0.103642 0.477159
vt 0.103642 0.528465
vt 0.101077 0.527439
vt 0.101077 0.478185
vt 0.035645 0.536806
vt 0.035645 0.545539
vt 0.033080 0.544513
vt 0.033080 0.537832
vt 0.168650 0.499213
vt 0.168650 0.482682
vt 0.171216 0.515931
vt 0.168650 0.515931
vt 0.171216 0.532962
vt 0.168650 0.531936
vt 0.021981 0.554968
vt 0.021981 0.563702
vt 0.019415 0.562675
vt 0.019415 0.555995
vt 0.181299 0.509631
vt 0.181299 0.558885
vt 0.180272 0.557859
vt 0.180272 0.510657
vt 0.174618 0.558885
vt 0.175644 0.557859
vt 0.174618 0.542354
vt 0.175644 0.542354
vt 0.174618 0.525636
vt 0.175644 0.525636
vt 0.174618 0.509631
vt 0.175644 0.510657
vt 0.231743 0.555649
vt 0.231743 0.508448
vt 0.234309 0.508448
vt 0.234309 0.555649
vt 0.019415 0.561650
vt 0.019415 0.557021
vt 0.021981 0.557021
vt 0.021981 0.561650
vt 0.081340 0.599289
vt 0.081340 0.583784
vt 0.083905 0.583784
vt 0.083905 0.599289
vt 0.081340 0.567066
vt 0.083905 0.567066
vt 0.081340 0.552088
vt 0.083905 0.552088
vt 0.033080 0.543486
vt 0.033080 0.538858
vt 0.035645 0.538858
vt 0.035645 0.543486
vt 0.029022 0.498486
vt 0.270160 0.501189
vt 0.270160 0.506319
vt 0.218854 0.506836
vt 0.116242 0.507869
vt 0.029022 0.508748
vt 0.022949 0.510627
vt 0.022949 0.500366
vt 0.110169 0.501244
vt 0.212781 0.502277
vt 0.264087 0.502794
vt 0.264087 0.507924
vt 0.065633 0.534143
vt 0.065633 0.523881
vt 0.306771 0.526855
vt 0.306771 0.531169
vt 0.243486 0.561762
vt 0.243486 0.557448
vt 0.248616 0.557448
vt 0.248616 0.561762
vt 0.192719 0.567309
vt 0.244026 0.567309
vt 0.244026 0.571623
vt 0.192719 0.571623
vt 0.106703 0.567872
vt 0.146374 0.567872
vt 0.146374 0.571060
vt 0.106703 0.571060
vt 0.141048 0.562817
vt 0.228269 0.564361
vt 0.228269 0.571534
vt 0.141048 0.573079
vt 0.126764 0.465332
vt 0.166435 0.466366
vt 0.172508 0.542748
vt 0.132837 0.543781
vt 0.070466 0.532190
vt 0.106378 0.534182
vt 0.106378 0.537370
vt 0.070466 0.539363
vt 0.009284 0.499534
vt 0.009284 0.489273
vt 0.096505 0.490151
vt 0.199117 0.491184
vt 0.250423 0.491701
vt 0.250423 0.496832
vt 0.042686 0.509579
vt 0.283824 0.512282
vt 0.283824 0.517412
vt 0.232518 0.517929
vt 0.129906 0.518962
vt 0.042686 0.519840
vt 0.071209 0.561299
vt 0.312347 0.564273
vt 0.312347 0.568587
vt 0.071209 0.571560
vt 0.166252 0.561762
vt 0.161122 0.561762
vt 0.161122 0.557448
vt 0.166252 0.557448
vt 0.187144 0.534205
vt 0.187144 0.529892
vt 0.238450 0.529892
vt 0.238450 0.534205
vt 0.101127 0.533643
vt 0.101127 0.530454
vt 0.140798 0.530454
vt 0.140798 0.533643
vt 0.135473 0.535661
vt 0.135473 0.525400
vt 0.222693 0.526944
vt 0.222693 0.534117
vt 0.186173 0.553841
vt 0.146501 0.554874
vt 0.113100 0.454239
vt 0.152771 0.455273
vt 0.118033 0.530671
vt 0.118033 0.537844
vt 0.082121 0.535852
vt 0.082121 0.532664
vt 0.103413 0.549578
vt 0.103413 0.532273
vt 0.114736 0.534785
vt 0.114736 0.549578
vt 0.163330 0.574289
vt 0.163330 0.572235
vt 0.179808 0.568474
vt 0.180699 0.570325
vt 0.089749 0.538485
vt 0.089749 0.554901
vt 0.078475 0.554962
vt 0.078475 0.538485
vt 0.204869 0.527261
vt 0.204869 0.525512
vt 0.219662 0.528888
vt 0.218902 0.530464
vt 0.103413 0.518396
vt 0.114736 0.522922
vt 0.193022 0.557936
vt 0.194628 0.559217
vt 0.089749 0.568066
vt 0.078475 0.568176
vt 0.231524 0.538348
vt 0.230156 0.539439
vt 0.151673 0.594333
vt 0.151673 0.578341
vt 0.162996 0.577052
vt 0.162996 0.590723
vt 0.200355 0.542709
vt 0.202357 0.543166
vt 0.146097 0.508458
vt 0.146097 0.523629
vt 0.134823 0.523598
vt 0.134823 0.508371
vt 0.238108 0.552019
vt 0.236402 0.552408
vt 0.151673 0.560591
vt 0.162996 0.561879
vt 0.200355 0.525807
vt 0.202357 0.525350
vt 0.146097 0.540468
vt 0.134823 0.540499
vt 0.238108 0.567192
vt 0.236402 0.566802
vt 0.151673 0.544599
vt 0.162996 0.548209
vt 0.193022 0.510580
vt 0.194628 0.509299
vt 0.146097 0.555639
vt 0.134823 0.555727
vt 0.231524 0.580862
vt 0.230156 0.579771
vt 0.089749 0.569667
vt 0.089749 0.555789
vt 0.101071 0.553277
vt 0.101071 0.565140
vt 0.179808 0.500042
vt 0.180699 0.498191
vt 0.103413 0.519996
vt 0.103413 0.533161
vt 0.092139 0.533100
vt 0.092139 0.519886
vt 0.219662 0.590322
vt 0.218902 0.588746
vt 0.101071 0.538485
vt 0.163330 0.496281
vt 0.163330 0.494227
vt 0.092139 0.549578
vt 0.204869 0.593699
vt 0.204869 0.591949
vt 0.089749 0.521180
vt 0.101071 0.523692
vt 0.146853 0.500042
vt 0.145961 0.498191
vt 0.103413 0.565994
vt 0.092139 0.566055
vt 0.190076 0.590322
vt 0.190835 0.588746
vt 0.089749 0.507303
vt 0.101071 0.511829
vt 0.133639 0.510580
vt 0.132033 0.509299
vt 0.103413 0.579159
vt 0.092139 0.579269
vt 0.178214 0.580862
vt 0.179581 0.579771
vt 0.146097 0.556915
vt 0.146097 0.540923
vt 0.157420 0.539635
vt 0.157420 0.553306
vt 0.126306 0.525807
vt 0.124303 0.525350
vt 0.151673 0.545875
vt 0.151673 0.561047
vt 0.140399 0.561015
vt 0.140399 0.545788
vt 0.171630 0.567192
vt 0.173336 0.566802
vt 0.146097 0.523174
vt 0.157420 0.524462
vt 0.126306 0.542709
vt 0.124303 0.543166
vt 0.151673 0.577886
vt 0.140399 0.577917
vt 0.171630 0.552019
vt 0.173336 0.552408
vt 0.146097 0.507182
vt 0.157420 0.510792
vt 0.133639 0.557936
vt 0.132033 0.559217
vt 0.151673 0.593057
vt 0.140399 0.593144
vt 0.178214 0.538348
vt 0.179581 0.539439
vt 0.103413 0.580760
vt 0.103413 0.566882
vt 0.114736 0.564370
vt 0.114736 0.576233
vt 0.146853 0.568474
vt 0.145961 0.570325
vt 0.089749 0.508903
vt 0.089749 0.522068
vt 0.078475 0.522007
vt 0.078475 0.508793
vt 0.190076 0.528888
vt 0.190835 0.530464
vt 0.092139 0.532209
vt 0.101071 0.552518
vt 0.092139 0.518280
vt 0.101071 0.563772
vt 0.140399 0.594425
vt 0.140399 0.578374
vt 0.157420 0.511882
vt 0.157420 0.524851
vt 0.140399 0.560558
vt 0.157420 0.539246
vt 0.140399 0.544507
vt 0.157420 0.552215
vt 0.078475 0.569782
vt 0.078475 0.555853
vt 0.114736 0.524290
vt 0.114736 0.535544
vt 0.078475 0.521116
vt 0.114736 0.563611
vt 0.078475 0.507187
vt 0.114736 0.574865
vt 0.134823 0.557007
vt 0.134823 0.540956
vt 0.162996 0.549300
vt 0.162996 0.562269
vt 0.134823 0.523141
vt 0.162996 0.576663
vt 0.134823 0.507090
vt 0.162996 0.589632
vt 0.092139 0.580875
vt 0.092139 0.566946
vt 0.101071 0.513197
vt 0.101071 0.524451
vt 0.068476 0.549578
vt 0.059181 0.549578
vt 0.059181 0.529652
vt 0.068476 0.529652
vt 0.158775 0.552854
vt 0.158775 0.550497
vt 0.177679 0.546182
vt 0.178701 0.548306
vt 0.045517 0.538485
vt 0.054812 0.538485
vt 0.054812 0.557388
vt 0.045517 0.557388
vt 0.224606 0.443161
vt 0.224606 0.440805
vt 0.244532 0.445353
vt 0.243510 0.447476
vt 0.059181 0.513673
vt 0.068476 0.513673
vt 0.192838 0.534093
vt 0.194680 0.535563
vt 0.054812 0.572547
vt 0.045517 0.572547
vt 0.260511 0.458096
vt 0.258669 0.459565
vt 0.116736 0.598100
vt 0.107441 0.598100
vt 0.107441 0.579685
vt 0.116736 0.579685
vt 0.201251 0.516624
vt 0.203548 0.517148
vt 0.101866 0.504884
vt 0.111161 0.504884
vt 0.111161 0.522354
vt 0.101866 0.522354
vt 0.269379 0.476510
vt 0.267082 0.477034
vt 0.107441 0.559247
vt 0.116736 0.559247
vt 0.201251 0.497234
vt 0.203548 0.496710
vt 0.111161 0.541743
vt 0.101866 0.541743
vt 0.269379 0.496948
vt 0.267082 0.496424
vt 0.107441 0.540833
vt 0.116736 0.540833
vt 0.192838 0.479765
vt 0.194680 0.478296
vt 0.111161 0.559213
vt 0.101866 0.559213
vt 0.260511 0.515362
vt 0.258669 0.513893
vt 0.054812 0.574390
vt 0.045517 0.574390
vt 0.045517 0.558410
vt 0.054812 0.558410
vt 0.177679 0.467676
vt 0.178701 0.465553
vt 0.059181 0.515515
vt 0.068476 0.515515
vt 0.068476 0.530675
vt 0.059181 0.530675
vt 0.244532 0.528105
vt 0.243510 0.525982
vt 0.158775 0.463362
vt 0.158775 0.461005
vt 0.224606 0.532653
vt 0.224606 0.530297
vt 0.045517 0.518559
vt 0.054812 0.518559
vt 0.139872 0.467676
vt 0.138850 0.465553
vt 0.068476 0.568481
vt 0.059181 0.568481
vt 0.204680 0.528105
vt 0.205703 0.525982
vt 0.045517 0.502580
vt 0.054812 0.502580
vt 0.124713 0.479765
vt 0.122870 0.478296
vt 0.068476 0.583640
vt 0.059181 0.583640
vt 0.188701 0.515362
vt 0.190544 0.513893
vt 0.111161 0.560682
vt 0.101866 0.560682
vt 0.101866 0.542268
vt 0.111161 0.542268
vt 0.116300 0.497234
vt 0.114003 0.496710
vt 0.107441 0.542302
vt 0.116736 0.542302
vt 0.116736 0.559771
vt 0.107441 0.559771
vt 0.179833 0.496948
vt 0.182131 0.496424
vt 0.101866 0.521829
vt 0.111161 0.521829
vt 0.116300 0.516624
vt 0.114003 0.517148
vt 0.116736 0.579161
vt 0.107441 0.579161
vt 0.179833 0.476510
vt 0.182131 0.477034
vt 0.101866 0.503415
vt 0.111161 0.503415
vt 0.124713 0.534093
vt 0.122870 0.535563
vt 0.116736 0.596630
vt 0.107441 0.596630
vt 0.188701 0.458096
vt 0.190544 0.459565
vt 0.068476 0.585483
vt 0.059181 0.585483
vt 0.059181 0.569503
vt 0.068476 0.569503
vt 0.139872 0.546182
vt 0.138850 0.548306
vt 0.045517 0.504422
vt 0.054812 0.504422
vt 0.054812 0.519581
vt 0.045517 0.519581
vt 0.204680 0.445353
vt 0.205703 0.447476
vt 0.079124 0.539099
vt 0.079124 0.534834
vt 0.227912 0.534834
vt 0.227912 0.539099
vt 0.092788 0.545927
vt 0.241576 0.545927
vt 0.241576 0.550192
vt 0.092788 0.550192
vt 0.090946 0.534116
vt 0.239733 0.534116
vt 0.239733 0.536551
vt 0.090946 0.536551
vt 0.207002 0.519042
vt 0.202736 0.519042
vt 0.202736 0.516608
vt 0.207002 0.516608
vt 0.264523 0.562844
vt 0.115735 0.562844
vt 0.115735 0.560409
vt 0.264523 0.560409
vt 0.071209 0.524092
vt 0.219996 0.524092
vt 0.219996 0.526526
vt 0.071209 0.526526
vt 0.226739 0.529066
vt 0.222474 0.529066
vt 0.222474 0.526632
vt 0.226739 0.526632
vt 0.284260 0.572868
vt 0.135473 0.572868
vt 0.135473 0.570434
vt 0.284260 0.570434
vt 0.916853 0.190090
vt 0.916853 0.220874
vt 0.901461 0.218810
vt 0.901461 0.192153
vt 0.808386 0.286042
vt 0.792994 0.283979
vt 0.792994 0.257322
vt 0.808386 0.255258
vt 0.902219 0.215858
vt 0.902219 0.242515
vt 0.875562 0.242515
vt 0.875562 0.215858
vt 0.909377 0.286763
vt 0.924768 0.284700
vt 0.924768 0.315484
vt 0.909377 0.313421
vt 0.919932 0.236266
vt 0.919932 0.261918
vt 0.909670 0.261918
vt 0.909670 0.236266
vt 0.811464 0.239867
vt 0.801203 0.239867
vt 0.801203 0.214214
vt 0.811464 0.214214
vt 0.914183 0.345436
vt 0.903921 0.345436
vt 0.903921 0.314652
vt 0.914183 0.314652
vt 0.904283 0.259971
vt 0.904283 0.285623
vt 0.873499 0.285623
vt 0.873499 0.259971
vt 0.917586 0.284700
vt 0.927847 0.284700
vt 0.927847 0.315484
vt 0.917586 0.315484
vt 0.878630 0.254840
vt 0.883760 0.254840
vt 0.883760 0.290754
vt 0.878630 0.290754
vt 0.911104 0.319783
vt 0.911104 0.324913
vt 0.900843 0.324913
vt 0.900843 0.319783
vt 0.916853 0.231135
vt 0.916853 0.267049
vt 0.906592 0.267049
vt 0.906592 0.231135
vt 0.924768 0.305223
vt 0.924768 0.310353
vt 0.914507 0.310353
vt 0.914507 0.305223
vt 0.808386 0.209083
vt 0.808386 0.244997
vt 0.798124 0.244997
vt 0.798124 0.209083
vt 0.755860 0.256358
vt 0.760991 0.256358
vt 0.760991 0.292273
vt 0.755860 0.292273
vt 0.911104 0.335174
vt 0.911104 0.340305
vt 0.900843 0.340305
vt 0.900843 0.335174
vt 0.924768 0.289831
vt 0.924768 0.294961
vt 0.914507 0.294961
vt 0.914507 0.289831
vt 0.916853 0.292702
vt 0.916853 0.298734
vt 0.911723 0.298734
vt 0.911723 0.292702
vt 0.924768 0.291790
vt 0.924768 0.296921
vt 0.919638 0.296921
vt 0.919638 0.291790
vt 0.924768 0.303263
vt 0.919638 0.303263
vt 0.924768 0.308394
vt 0.919638 0.308394
vt 0.808386 0.177399
vt 0.808386 0.183430
vt 0.803255 0.183430
vt 0.803255 0.177399
vt 0.808386 0.189461
vt 0.803255 0.189461
vt 0.911104 0.321742
vt 0.911104 0.326873
vt 0.905974 0.326873
vt 0.905974 0.321742
vt 0.911104 0.333215
vt 0.905974 0.333215
vt 0.911104 0.338346
vt 0.905974 0.338346
vt 0.916853 0.286671
vt 0.911723 0.286671
vt 0.897192 0.322439
vt 0.892062 0.326166
vt 0.885720 0.326166
vt 0.880589 0.322439
vt 0.878630 0.316407
vt 0.880589 0.310376
vt 0.885720 0.306648
vt 0.892062 0.306648
vt 0.897192 0.310376
vt 0.899152 0.316407
vt 0.973029 0.273805
vt 0.957637 0.271742
vt 0.957637 0.245085
vt 0.973029 0.243021
vt 0.802107 0.195298
vt 0.802107 0.226082
vt 0.786715 0.224019
vt 0.786715 0.197361
vt 0.888555 0.293929
vt 0.861898 0.293929
vt 0.861898 0.267272
vt 0.888555 0.267272
vt 0.895712 0.343373
vt 0.895712 0.316715
vt 0.911104 0.314652
vt 0.911104 0.345436
vt 0.878069 0.293384
vt 0.867807 0.293384
vt 0.867807 0.267731
vt 0.878069 0.267731
vt 0.825128 0.250021
vt 0.825128 0.275674
vt 0.814867 0.275674
vt 0.814867 0.250021
vt 0.890618 0.249816
vt 0.859835 0.249816
vt 0.859835 0.224164
vt 0.890618 0.224164
vt 0.864965 0.254947
vt 0.864965 0.219033
vt 0.870096 0.219033
vt 0.870096 0.254947
vt 0.874990 0.298514
vt 0.864729 0.298514
vt 0.864729 0.262600
vt 0.874990 0.262600
vt 0.822050 0.280804
vt 0.811789 0.280804
vt 0.811789 0.244890
vt 0.822050 0.244890
vt 0.880357 0.254947
vt 0.880357 0.219033
vt 0.885488 0.219033
vt 0.885488 0.254947
vt 0.882581 0.300714
vt 0.877451 0.300714
vt 0.877451 0.294683
vt 0.882581 0.294683
vt 0.905974 0.333215
vt 0.911104 0.333215
vt 0.905974 0.321743
vt 0.911104 0.321743
vt 0.822050 0.312489
vt 0.816919 0.312489
vt 0.816919 0.306457
vt 0.822050 0.306457
vt 0.816919 0.300426
vt 0.822050 0.300426
vt 0.924768 0.308393
vt 0.919638 0.308393
vt 0.919638 0.296921
vt 0.924768 0.296921
vt 0.882581 0.306745
vt 0.877451 0.306745
vt 0.883528 0.199411
vt 0.878397 0.203139
vt 0.872056 0.203139
vt 0.866925 0.199411
vt 0.864965 0.193380
vt 0.866925 0.187348
vt 0.872056 0.183621
vt 0.878397 0.183621
vt 0.883528 0.187348
vt 0.885488 0.193380
vt 0.869362 0.921483
vt 0.869362 0.922456
vt 0.853940 0.922034
vt 0.853940 0.921483
vt 0.094392 0.505211
vt 0.096337 0.505211
vt 0.096857 0.541453
vt 0.095755 0.541453
vt 0.098740 0.505211
vt 0.098220 0.541453
vt 0.100685 0.505211
vt 0.099322 0.541453
vt 0.833032 0.913420
vt 0.833032 0.914393
vt 0.817610 0.914393
vt 0.817610 0.913841
vt 0.833032 0.915365
vt 0.817610 0.914944
vt 0.819327 0.890481
vt 0.818500 0.890481
vt 0.818278 0.875059
vt 0.818747 0.875059
vt 0.817477 0.890481
vt 0.817698 0.875059
vt 0.816649 0.890481
vt 0.817229 0.875059
vt 0.869362 0.920510
vt 0.853940 0.920932
vt 0.832809 0.950881
vt 0.833278 0.950540
vt 0.833857 0.950540
vt 0.834326 0.950881
vt 0.834505 0.951432
vt 0.834326 0.951983
vt 0.833857 0.952324
vt 0.833278 0.952324
vt 0.832809 0.951983
vt 0.832629 0.951432
vt 0.047613 0.477007
vt 0.061140 0.477007
vt 0.056336 0.507791
vt 0.035814 0.507791
vt 0.089738 0.538358
vt 0.094541 0.569142
vt 0.081015 0.569142
vt 0.069216 0.538358
vt 0.188475 0.527054
vt 0.138151 0.525295
vt 0.138151 0.520285
vt 0.188475 0.518525
vt 0.129846 0.528817
vt 0.129846 0.516763
vt 0.086371 0.531304
vt 0.117155 0.529229
vt 0.117155 0.539287
vt 0.086371 0.537212
vt 0.082971 0.477007
vt 0.133295 0.507791
vt 0.076859 0.507791
vt 0.074666 0.477007
vt 0.166697 0.538358
vt 0.116373 0.569142
vt 0.108068 0.569142
vt 0.110260 0.538358
vt 0.116319 0.528817
vt 0.116319 0.516763
vt 0.102793 0.525743
vt 0.102793 0.519836
vt 0.811439 0.890411
vt 0.812057 0.864213
vt 0.813003 0.864213
vt 0.813622 0.890411
vt 0.082147 0.505375
vt 0.087277 0.505375
vt 0.085824 0.566942
vt 0.083600 0.566942
vt 0.832962 0.915702
vt 0.806764 0.915084
vt 0.806764 0.914137
vt 0.832962 0.913519
vt 0.828583 0.952124
vt 0.827636 0.952124
vt 0.827636 0.951177
vt 0.828583 0.951177
vt 0.843093 0.920791
vt 0.869292 0.920173
vt 0.869292 0.922356
vt 0.843093 0.921738
vt 0.943082 0.791426
vt 0.943082 0.747510
vt 0.889031 0.751855
vt 0.889031 0.782258
vt 0.144005 0.577282
vt 0.097829 0.577282
vt 0.097829 0.574095
vt 0.144005 0.574095
vt 0.095966 0.539446
vt 0.095966 0.533322
vt 0.178055 0.534790
vt 0.178055 0.537977
vt 0.852818 0.271306
vt 0.852818 0.286168
vt 0.775770 0.299740
vt 0.775770 0.257734
vt 0.990376 0.788048
vt 0.990376 0.652922
vt 0.973485 0.652922
vt 0.970501 0.714102
vt 0.966729 0.791426
vt 0.225392 0.571062
vt 0.225392 0.548148
vt 0.251045 0.554475
vt 0.251045 0.564736
vt 0.185842 0.529678
vt 0.185842 0.535802
vt 0.149927 0.537870
vt 0.149927 0.527609
vt 0.957878 0.716274
vt 0.128203 0.569765
vt 0.128203 0.578575
vt 0.080763 0.577233
vt 0.080763 0.571108
vt 0.267931 0.531146
vt 0.267931 0.534333
vt 0.224420 0.569040
vt 0.224420 0.579301
vt 0.424675 0.821008
vt 0.434112 0.819293
vt 0.432848 0.819293
vt 0.429394 0.819293
vt 0.424675 0.819293
vt 0.419957 0.819293
vt 0.416503 0.819293
vt 0.415238 0.819293
vt 0.440464 0.802903
vt 0.442906 0.802903
vt 0.433791 0.802903
vt 0.620823 0.012750
vt 0.620823 0.006789
vt 0.624651 0.005932
vt 0.628219 0.011094
vt 0.613427 0.011094
vt 0.616994 0.005932
vt 0.408887 0.802903
vt 0.415560 0.802903
vt 0.406444 0.802903
vt 0.447003 0.808795
vt 0.450458 0.808795
vt 0.631282 0.015527
vt 0.633633 0.006571
vt 0.638939 0.009131
vt 0.620823 0.017869
vt 0.610363 0.015527
vt 0.602707 0.009131
vt 0.608013 0.006571
vt 0.398893 0.808795
vt 0.402347 0.808795
vt 0.452022 0.802163
vt 0.456252 0.802163
vt 0.440464 0.802163
vt 0.437566 0.808795
vt 0.424675 0.802163
vt 0.424675 0.808795
vt 0.408887 0.802163
vt 0.411784 0.808795
vt 0.397329 0.802163
vt 0.393099 0.802163
vt 0.455176 0.790028
vt 0.459895 0.790028
vt 0.442285 0.790028
vt 0.424675 0.790028
vt 0.407066 0.790028
vt 0.394175 0.790028
vt 0.389456 0.790028
vt 0.456252 0.777005
vt 0.461137 0.777005
vt 0.442906 0.777005
vt 0.424675 0.777005
vt 0.406444 0.777005
vt 0.393099 0.777005
vt 0.388214 0.777005
vt 0.461353 0.512482
vt 0.467027 0.512482
vt 0.445851 0.512482
vt 0.424675 0.512482
vt 0.403500 0.512482
vt 0.387998 0.512482
vt 0.382324 0.512482
vt 0.460103 0.501521
vt 0.465584 0.501521
vt 0.445129 0.501521
vt 0.424675 0.501521
vt 0.404221 0.501521
vt 0.389248 0.501521
vt 0.383767 0.501521
vt 0.456439 0.491306
vt 0.461353 0.491306
vt 0.443014 0.491306
vt 0.424675 0.491306
vt 0.406337 0.491306
vt 0.392912 0.491306
vt 0.387998 0.491306
vt 0.450610 0.482535
vt 0.454622 0.482535
vt 0.439649 0.482535
vt 0.424675 0.482535
vt 0.409702 0.482535
vt 0.398740 0.482535
vt 0.394728 0.482535
vt 0.443014 0.475805
vt 0.445851 0.475805
vt 0.435263 0.475805
vt 0.424675 0.475805
vt 0.414087 0.475805
vt 0.406337 0.475805
vt 0.403500 0.475805
vt 0.434168 0.471574
vt 0.435637 0.471574
vt 0.430156 0.471574
vt 0.424675 0.471574
vt 0.419195 0.471574
vt 0.415183 0.471574
vt 0.413714 0.471574
vt 0.424675 0.470131
vt 0.424675 0.753947
vt 0.428582 0.751691
vt 0.428058 0.751691
vt 0.426628 0.751691
vt 0.424675 0.751691
vt 0.422722 0.751691
vt 0.421292 0.751691
vt 0.420769 0.751691
vt 0.431211 0.745079
vt 0.432222 0.745079
vt 0.428448 0.745334
vt 0.424675 0.745334
vt 0.420902 0.745334
vt 0.418140 0.745079
vt 0.417129 0.745079
vt 0.434454 0.734561
vt 0.435967 0.734561
vt 0.430321 0.734561
vt 0.424675 0.734561
vt 0.419029 0.734561
vt 0.414896 0.734561
vt 0.413384 0.734561
vt 0.437309 0.720854
vt 0.439264 0.720854
vt 0.431969 0.720854
vt 0.424675 0.720854
vt 0.417381 0.720854
vt 0.412041 0.720854
vt 0.410087 0.720854
vt 0.438889 0.704891
vt 0.441088 0.704891
vt 0.432881 0.704891
vt 0.424675 0.704891
vt 0.416469 0.704891
vt 0.410462 0.704891
vt 0.408263 0.704891
vt 0.439769 0.687761
vt 0.442105 0.687761
vt 0.433390 0.687761
vt 0.424675 0.687761
vt 0.415961 0.687761
vt 0.409581 0.687761
vt 0.407246 0.687761
vt 0.445188 0.524011
vt 0.448361 0.524011
vt 0.436518 0.524011
vt 0.424675 0.524011
vt 0.412832 0.524011
vt 0.404163 0.524011
vt 0.400989 0.524011
vt 0.444489 0.511471
vt 0.447554 0.511471
vt 0.436115 0.511471
vt 0.424675 0.511471
vt 0.413236 0.511471
vt 0.404862 0.511471
vt 0.401796 0.511471
vt 0.442440 0.499785
vt 0.445188 0.499785
vt 0.434932 0.499785
vt 0.424675 0.499785
vt 0.414419 0.499785
vt 0.406911 0.499785
vt 0.404163 0.499785
vt 0.439180 0.489750
vt 0.441424 0.489750
vt 0.433050 0.489750
vt 0.424675 0.489750
vt 0.416301 0.489750
vt 0.410171 0.489750
vt 0.407927 0.489750
vt 0.434932 0.482050
vt 0.436518 0.482050
vt 0.430597 0.482050
vt 0.424675 0.482050
vt 0.418754 0.482050
vt 0.414419 0.482050
vt 0.412832 0.482050
vt 0.429984 0.477210
vt 0.430806 0.477210
vt 0.427741 0.477210
vt 0.424675 0.477210
vt 0.421610 0.477210
vt 0.419366 0.477210
vt 0.418545 0.477210
vt 0.424675 0.475559
vt 0.582751 0.663745
vt 0.582751 0.812210
vt 0.582751 0.995167
vt 0.577314 0.545167
vt 0.577314 0.434193
vt 0.577314 0.563162
vt 0.577314 0.632146
vt 0.552736 0.663639
vt 0.552736 0.812104
vt 0.552736 0.995061
vt 0.547299 0.545273
vt 0.547299 0.434299
vt 0.547299 0.563268
vt 0.547299 0.632252
vt 0.337023 0.926542
vt 0.335761 0.916576
vt 0.339082 0.916576
vt 0.340343 0.923485
vt 0.337023 0.906609
vt 0.340343 0.909666
vt 0.339383 0.900803
vt 0.337835 0.890837
vt 0.341155 0.890837
vt 0.342703 0.897746
vt 0.339383 0.880870
vt 0.342703 0.883927
vt 0.206196 0.590317
vt 0.178427 0.590317
vt 0.178427 0.570053
vt 0.206196 0.570053
vt 0.148285 0.550782
vt 0.117022 0.550782
vt 0.118769 0.541801
vt 0.146538 0.541801
vt 0.167887 0.521325
vt 0.167887 0.547190
vt 0.158906 0.544390
vt 0.158906 0.524126
vt 0.130687 0.552761
vt 0.161949 0.552761
vt 0.160203 0.561742
vt 0.132433 0.561742
vt 0.209426 0.546673
vt 0.209426 0.572538
vt 0.200445 0.569737
vt 0.200445 0.549473
vt 0.150401 0.572251
vt 0.122632 0.572251
vt 0.122632 0.560193
vt 0.150401 0.560193
vt 0.254866 0.514795
vt 0.223604 0.514795
vt 0.225351 0.504534
vt 0.253120 0.504534
vt 0.155121 0.526562
vt 0.155121 0.541954
vt 0.144860 0.540287
vt 0.144860 0.528229
vt 0.237268 0.542305
vt 0.268531 0.542305
vt 0.266784 0.552567
vt 0.239015 0.552567
vt 0.196660 0.551909
vt 0.196660 0.567301
vt 0.186399 0.565635
vt 0.186399 0.553576
vt 0.160669 0.442763
vt 0.083193 0.442763
vt 0.083193 0.430704
vt 0.160669 0.430704
vt 0.208152 0.492665
vt 0.120932 0.492665
vt 0.125804 0.482404
vt 0.203280 0.482404
vt 0.130253 0.581481
vt 0.130253 0.596873
vt 0.119992 0.595206
vt 0.119992 0.583148
vt 0.134596 0.530437
vt 0.221816 0.530437
vt 0.216944 0.540698
vt 0.139468 0.540698
vt 0.191530 0.569866
vt 0.191530 0.585258
vt 0.181268 0.583592
vt 0.181268 0.571533
vt 0.166742 0.549564
vt 0.089266 0.549564
vt 0.089266 0.537506
vt 0.166742 0.537506
vt 0.149991 0.544519
vt 0.149991 0.559911
vt 0.139730 0.558244
vt 0.139730 0.546186
vt 0.191530 0.533952
vt 0.191530 0.549344
vt 0.181268 0.547677
vt 0.181268 0.535619
vt 0.114013 0.544197
vt 0.116553 0.541145
vt 0.147388 0.535714
vt 0.114013 0.521283
vt 0.116553 0.524334
vt 0.147388 0.529766
vt 0.022343 0.598604
vt 0.026749 0.567769
vt 0.031828 0.568495
vt 0.027422 0.599330
vt 0.088673 0.584094
vt 0.088673 0.567283
vt 0.093752 0.567283
vt 0.093752 0.584094
vt 0.040413 0.532738
vt 0.036008 0.501903
vt 0.041087 0.501177
vt 0.045492 0.532012
vt 0.234671 0.535022
vt 0.234671 0.529074
vt 0.239751 0.529074
vt 0.239751 0.535022
vt 0.144352 0.498710
vt 0.159744 0.496512
vt 0.159744 0.519233
vt 0.103308 0.519233
vt 0.115715 0.505037
vt 0.115715 0.527759
vt 0.100323 0.525560
vt 0.059278 0.505037
vt 0.122779 0.563858
vt 0.122779 0.555352
vt 0.148432 0.552123
vt 0.148432 0.567087
vt 0.139222 0.498710
vt 0.128961 0.452535
vt 0.134091 0.452535
vt 0.205920 0.452535
vt 0.236703 0.493580
vt 0.180267 0.493580
vt 0.180267 0.452535
vt 0.208066 0.505037
vt 0.192674 0.530691
vt 0.136237 0.530691
vt 0.136237 0.505037
vt 0.159744 0.452535
vt 0.136237 0.571735
vt 0.115715 0.571735
vt 0.081735 0.561260
vt 0.081735 0.557951
vt 0.155426 0.544190
vt 0.114381 0.547531
vt 0.109251 0.539789
vt 0.150296 0.539789
vt 0.252095 0.519233
vt 0.180267 0.519233
vt 0.161890 0.571735
vt 0.090062 0.571735
vt 0.084931 0.571735
vt 0.095192 0.525560
vt 0.114381 0.532047
vt 0.155426 0.535388
vt 0.663972 0.912383
vt 0.663972 0.935508
vt 0.659542 0.931092
vt 0.651141 0.919529
vt 0.651141 0.905237
vt 0.659542 0.893675
vt 0.663972 0.889259
vt 0.668401 0.893675
vt 0.676802 0.905237
vt 0.676802 0.919529
vt 0.668401 0.931092
vt 0.673550 0.924700
vt 0.654280 0.980947
vt 0.651086 0.980947
vt 0.657692 0.924700
vt 0.680519 0.662904
vt 0.677865 0.709790
vt 0.684814 0.709790
vt 0.691764 0.662904
vt 0.666621 0.662904
vt 0.669275 0.709790
vt 0.655376 0.662904
vt 0.662326 0.709790
vt 0.657692 0.924700
vt 0.648441 0.924700
vt 0.647892 0.980947
vt 0.673550 0.855175
vt 0.657692 0.855175
vt 0.680519 0.604950
vt 0.691764 0.604950
vt 0.666621 0.604950
vt 0.655376 0.604950
vt 0.648441 0.855175
vt 0.660886 0.772502
vt 0.651086 0.772502
vt 0.677865 0.536036
vt 0.684814 0.536036
vt 0.669275 0.536036
vt 0.662326 0.536036
vt 0.647892 0.772502
vt 0.662326 0.536036
vt 0.644479 0.757624
vt 0.666944 0.772502
vt 0.673570 0.523635
vt 0.831485 0.961752
vt 0.831640 0.951827
vt 0.832140 0.951827
vt 0.832295 0.961752
vt 0.172697 0.533270
vt 0.174602 0.533270
vt 0.174238 0.556593
vt 0.173062 0.556593
vt 0.802993 0.914829
vt 0.793068 0.914674
vt 0.793068 0.914173
vt 0.802993 0.914019
vt 0.864013 0.948420
vt 0.863513 0.948420
vt 0.863513 0.947919
vt 0.864013 0.947919
vt 0.829398 0.921201
vt 0.839323 0.921046
vt 0.839323 0.921857
vt 0.829398 0.921702
vt 0.109318 0.537988
vt 0.113602 0.527726
vt 0.151209 0.527726
vt 0.155493 0.543118
vt 0.145432 0.529540
vt 0.191607 0.524409
vt 0.187323 0.539801
vt 0.149716 0.539801
vt 0.066343 0.564736
vt 0.050951 0.563520
vt 0.050951 0.555691
vt 0.066343 0.554475
vt 0.212709 0.543704
vt 0.175102 0.543704
vt 0.175102 0.535875
vt 0.212709 0.535875
vt 0.009412 0.530343
vt 0.019673 0.529127
vt 0.019673 0.539389
vt 0.009412 0.538172
vt 0.833668 0.961752
vt 0.833823 0.949644
vt 0.834324 0.949644
vt 0.834478 0.961752
vt 0.177828 0.533270
vt 0.179733 0.533270
vt 0.179369 0.561724
vt 0.178192 0.561724
vt 0.802993 0.915266
vt 0.790885 0.915111
vt 0.790885 0.914610
vt 0.802993 0.914455
vt 0.866197 0.948857
vt 0.865696 0.948857
vt 0.865696 0.948356
vt 0.866197 0.948356
vt 0.827215 0.920765
vt 0.839323 0.920610
vt 0.839323 0.921420
vt 0.827215 0.921265
vt 0.827118 0.959569
vt 0.827273 0.945278
vt 0.827774 0.945278
vt 0.827929 0.959569
vt 0.162436 0.538401
vt 0.164341 0.538401
vt 0.163977 0.571985
vt 0.162800 0.571985
vt 0.800810 0.914393
vt 0.786519 0.914237
vt 0.786519 0.913737
vt 0.800810 0.913582
vt 0.859647 0.947983
vt 0.859146 0.947983
vt 0.859146 0.947483
vt 0.859647 0.947483
vt 0.822848 0.921638
vt 0.837139 0.921483
vt 0.837139 0.922294
vt 0.822848 0.922139
vt 0.131558 0.490041
vt 0.146950 0.479780
vt 0.146950 0.502102
vt 0.131558 0.502102
vt 0.160614 0.524036
vt 0.160614 0.546358
vt 0.145222 0.536097
vt 0.145222 0.524036
vt 0.110412 0.543514
vt 0.110412 0.541346
vt 0.120673 0.541346
vt 0.120673 0.543514
vt 0.145849 0.553754
vt 0.157910 0.553754
vt 0.157910 0.555923
vt 0.145849 0.555923
vt 0.157211 0.479780
vt 0.157211 0.502102
vt 0.170875 0.524036
vt 0.170875 0.546358
vt 0.095020 0.543514
vt 0.095020 0.541346
vt 0.131558 0.487420
vt 0.146950 0.477159
vt 0.146950 0.499481
vt 0.131558 0.499481
vt 0.160614 0.526657
vt 0.160614 0.548980
vt 0.145222 0.538719
vt 0.145222 0.526657
vt 0.110412 0.548645
vt 0.110412 0.546477
vt 0.120673 0.546477
vt 0.120673 0.548645
vt 0.143227 0.548624
vt 0.155289 0.548624
vt 0.155289 0.550792
vt 0.143227 0.550792
vt 0.157211 0.477159
vt 0.157211 0.499481
vt 0.170875 0.526657
vt 0.170875 0.548980
vt 0.095020 0.548645
vt 0.095020 0.546477
vt 0.131558 0.486501
vt 0.146950 0.476240
vt 0.146950 0.498563
vt 0.131558 0.498563
vt 0.160614 0.527576
vt 0.160614 0.549898
vt 0.145222 0.539637
vt 0.145222 0.527575
vt 0.110412 0.553776
vt 0.110412 0.551607
vt 0.120673 0.551607
vt 0.120673 0.553776
vt 0.142309 0.543493
vt 0.154370 0.543493
vt 0.154370 0.545661
vt 0.142309 0.545661
vt 0.157211 0.476240
vt 0.157211 0.498563
vt 0.170875 0.527576
vt 0.170875 0.549898
vt 0.095020 0.553776
vt 0.095020 0.551607
vt 0.131558 0.485200
vt 0.146950 0.474939
vt 0.146950 0.497262
vt 0.131558 0.497262
vt 0.160614 0.528877
vt 0.160614 0.551199
vt 0.145222 0.540938
vt 0.145222 0.528877
vt 0.110412 0.558906
vt 0.110412 0.556738
vt 0.120673 0.556738
vt 0.120673 0.558906
vt 0.141008 0.538362
vt 0.153069 0.538362
vt 0.153069 0.540531
vt 0.141008 0.540531
vt 0.157211 0.474939
vt 0.157211 0.497262
vt 0.170875 0.528877
vt 0.170875 0.551199
vt 0.095020 0.558906
vt 0.095020 0.556738
vt 0.208874 0.537478
vt 0.208874 0.539646
vt 0.193482 0.539646
vt 0.193482 0.537478
vt 0.194608 0.560631
vt 0.172285 0.560631
vt 0.172285 0.558463
vt 0.194608 0.558463
vt 0.110412 0.564037
vt 0.110412 0.561869
vt 0.120673 0.561869
vt 0.120673 0.564037
vt 0.141008 0.533232
vt 0.153069 0.533232
vt 0.153069 0.535400
vt 0.141008 0.535400
vt 0.219135 0.537478
vt 0.219135 0.539646
vt 0.095020 0.564037
vt 0.095020 0.561869
vt 0.110412 0.574298
vt 0.110412 0.572130
vt 0.120673 0.572130
vt 0.120673 0.574298
vt 0.122572 0.595847
vt 0.134633 0.595847
vt 0.134633 0.598015
vt 0.122572 0.598015
vt 0.095020 0.574298
vt 0.095020 0.572130
vt 0.104339 0.436712
vt 0.104339 0.434544
vt 0.114600 0.434544
vt 0.114600 0.436712
vt 0.123490 0.590716
vt 0.135551 0.590716
vt 0.135551 0.592885
vt 0.123490 0.592885
vt 0.088947 0.436712
vt 0.088947 0.434544
vt 0.110412 0.569167
vt 0.110412 0.566999
vt 0.120673 0.566999
vt 0.120673 0.569167
vt 0.141008 0.528101
vt 0.153069 0.528101
vt 0.153069 0.530269
vt 0.141008 0.530269
vt 0.095020 0.569167
vt 0.095020 0.566999
vt 0.104339 0.441843
vt 0.104339 0.439675
vt 0.114600 0.439675
vt 0.114600 0.441843
vt 0.126112 0.585586
vt 0.138173 0.585586
vt 0.138173 0.587754
vt 0.126112 0.587754
vt 0.088947 0.441843
vt 0.088947 0.439675
vt 0.184601 0.533863
vt 0.199993 0.523602
vt 0.199993 0.545924
vt 0.184601 0.545924
vt 0.213657 0.573101
vt 0.213657 0.595423
vt 0.198265 0.585162
vt 0.198265 0.573101
vt 0.097274 0.562296
vt 0.097274 0.560128
vt 0.107536 0.560128
vt 0.107536 0.562296
vt 0.143227 0.569146
vt 0.155288 0.569146
vt 0.155288 0.571314
vt 0.143227 0.571314
vt 0.210254 0.523602
vt 0.210254 0.545924
vt 0.223919 0.573101
vt 0.223919 0.595423
vt 0.081883 0.562296
vt 0.081883 0.560128
vt 0.184601 0.530037
vt 0.199993 0.519776
vt 0.199993 0.542098
vt 0.184601 0.542098
vt 0.213657 0.576927
vt 0.213657 0.599249
vt 0.198265 0.588988
vt 0.198265 0.576927
vt 0.097274 0.567427
vt 0.097274 0.565259
vt 0.107536 0.565259
vt 0.107536 0.567427
vt 0.139401 0.564015
vt 0.151462 0.564015
vt 0.151462 0.566184
vt 0.139401 0.566184
vt 0.210254 0.519776
vt 0.210254 0.542098
vt 0.223919 0.576927
vt 0.223919 0.599249
vt 0.081883 0.567427
vt 0.081883 0.565259
vt 0.184601 0.526345
vt 0.199993 0.516084
vt 0.199993 0.538407
vt 0.184601 0.538407
vt 0.233395 0.507742
vt 0.233395 0.530064
vt 0.218003 0.519803
vt 0.218003 0.507742
vt 0.097274 0.572557
vt 0.097274 0.570389
vt 0.107536 0.570389
vt 0.107536 0.572557
vt 0.135710 0.558885
vt 0.147771 0.558885
vt 0.147771 0.561053
vt 0.135710 0.561053
vt 0.210254 0.516084
vt 0.210254 0.538407
vt 0.243656 0.507742
vt 0.243656 0.530064
vt 0.081883 0.572557
vt 0.081883 0.570389
vt 0.184601 0.522155
vt 0.199993 0.511894
vt 0.199993 0.534216
vt 0.184601 0.534216
vt 0.233395 0.511932
vt 0.233395 0.534255
vt 0.218003 0.523994
vt 0.218003 0.511932
vt 0.281655 0.531567
vt 0.281655 0.533735
vt 0.266263 0.533735
vt 0.266263 0.531567
vt 0.185119 0.540109
vt 0.162797 0.540109
vt 0.162797 0.537941
vt 0.185119 0.537941
vt 0.097274 0.577688
vt 0.097274 0.575520
vt 0.107536 0.575520
vt 0.107536 0.577688
vt 0.131519 0.553754
vt 0.143580 0.553754
vt 0.143580 0.555922
vt 0.131519 0.555922
vt 0.210254 0.511894
vt 0.210254 0.534216
vt 0.243656 0.511932
vt 0.243656 0.534255
vt 0.291916 0.531567
vt 0.291916 0.533735
vt 0.081883 0.577688
vt 0.081883 0.575520
vt 0.184601 0.526439
vt 0.199993 0.516178
vt 0.199993 0.538500
vt 0.184601 0.538500
vt 0.233395 0.507648
vt 0.233395 0.529971
vt 0.218003 0.519710
vt 0.218003 0.507648
vt 0.117012 0.550987
vt 0.117012 0.548819
vt 0.127273 0.548819
vt 0.127273 0.550987
vt 0.116066 0.580455
vt 0.128127 0.580455
vt 0.128127 0.582623
vt 0.116066 0.582623
vt 0.210254 0.516178
vt 0.210254 0.538500
vt 0.243656 0.507648
vt 0.243656 0.529971
vt 0.101620 0.550987
vt 0.101620 0.548819
vt 0.184601 0.530010
vt 0.199993 0.519748
vt 0.199993 0.542071
vt 0.184601 0.542071
vt 0.213657 0.576954
vt 0.213657 0.599276
vt 0.198265 0.589015
vt 0.198265 0.576954
vt 0.117012 0.556118
vt 0.117012 0.553950
vt 0.127273 0.553950
vt 0.127273 0.556118
vt 0.119637 0.575324
vt 0.131698 0.575324
vt 0.131698 0.577493
vt 0.119637 0.577493
vt 0.210254 0.519748
vt 0.210254 0.542071
vt 0.223919 0.576954
vt 0.223919 0.599276
vt 0.101620 0.556118
vt 0.101620 0.553950
vt 0.117012 0.545857
vt 0.117012 0.543688
vt 0.127273 0.543688
vt 0.127273 0.545857
vt 0.111782 0.585585
vt 0.123843 0.585585
vt 0.123843 0.587754
vt 0.111782 0.587754
vt 0.101620 0.545857
vt 0.101620 0.543688
vt 0.184601 0.533963
vt 0.199993 0.523702
vt 0.199993 0.546024
vt 0.184601 0.546024
vt 0.213657 0.573001
vt 0.213657 0.595323
vt 0.198265 0.585062
vt 0.198265 0.573001
vt 0.117012 0.561248
vt 0.117012 0.559080
vt 0.127273 0.559080
vt 0.127273 0.561248
vt 0.123590 0.570194
vt 0.135651 0.570194
vt 0.135651 0.572362
vt 0.123590 0.572362
vt 0.210254 0.523702
vt 0.210254 0.546024
vt 0.223919 0.573001
vt 0.223919 0.595323
vt 0.101620 0.561248
vt 0.101620 0.559080
s 1
f 44/1/1 1/2/2 2/3/3
f 2/3/3 43/4/4 44/1/1
f 43/4/4 2/3/3 3/5/5
f 3/5/5 45/6/6 43/4/4
f 45/7/6 3/8/5 4/9/7
f 4/9/7 46/10/8 45/7/6
f 46/10/8 4/9/7 5/11/9
f 5/11/9 47/12/10 46/10/8
f 47/12/10 5/11/9 6/13/11
f 6/13/11 48/14/12 47/12/10
f 7/3/13 49/15/14 629/16/15
f 7/3/13 629/16/15 48/6/12
f 7/3/13 48/6/12 6/5/11
f 49/17/14 7/18/13 8/19/16
f 8/19/16 50/20/17 49/17/14
f 50/20/17 8/19/16 9/21/18
f 9/21/18 51/22/19 50/20/17
f 51/23/19 9/24/18 10/25/20
f 10/25/20 52/26/21 51/23/19
f 52/27/21 10/28/20 11/29/22
f 11/29/22 53/30/23 52/27/21
f 53/30/23 11/29/22 12/31/24
f 12/31/24 54/32/25 53/30/23
f 54/32/25 12/31/24 13/33/26
f 13/33/26 55/34/27 54/32/25
f 55/26/27 13/25/26 14/24/28
f 14/24/28 56/35/29 55/26/27
f 56/35/29 14/24/28 1/2/2
f 1/2/2 44/1/1 56/35/29
f 72/36/30 15/37/31 16/38/32
f 16/38/32 71/39/33 72/36/30
f 71/39/33 16/38/32 17/40/34
f 17/40/34 73/41/35 71/39/33
f 832/42/36 833/43/37 18/44/38
f 18/44/38 74/45/39 832/42/36
f 74/45/39 18/44/38 19/46/40
f 19/46/40 75/47/41 74/45/39
f 75/47/41 19/46/40 856/48/42
f 856/48/42 857/49/43 75/47/41
f 76/41/44 20/40/45 21/38/46
f 21/38/46 77/39/47 76/41/44
f 78/50/48 1513/51/49 1514/52/50
f 1514/52/50 22/53/51 78/50/48
f 79/54/52 1502/55/53 1503/56/54
f 1503/56/54 23/57/55 79/54/52
f 79/54/52 23/57/55 24/58/56
f 24/58/56 80/59/57 79/54/52
f 862/49/58 863/48/59 25/46/60
f 25/46/60 81/47/61 862/49/58
f 81/47/61 25/46/60 26/44/62
f 26/44/62 82/45/63 81/47/61
f 82/45/63 26/44/62 886/60/64
f 886/60/64 887/42/65 82/45/63
f 83/59/66 27/58/67 28/57/68
f 28/57/68 84/54/69 83/59/66
f 84/54/69 28/57/68 15/37/31
f 15/37/31 72/36/30 84/54/69
f 3/61/70 2/62/70 1/63/70
f 1/63/70 14/64/70 13/65/70
f 13/65/70 12/66/70 11/67/70
f 1/63/70 13/65/70 11/67/70
f 11/67/70 10/68/70 9/69/70
f 9/69/70 8/70/70 7/71/70
f 11/67/70 9/69/70 7/71/70
f 1/63/70 11/67/70 7/71/70
f 3/61/70 1/63/70 7/71/70
f 7/71/70 6/72/70 5/73/70
f 3/61/70 7/71/70 5/73/70
f 3/61/70 5/73/70 4/74/70
f 41/75/71 42/76/71 29/77/71
f 29/77/71 30/78/71 31/79/71
f 41/75/71 29/77/71 31/79/71
f 31/79/71 32/80/71 33/81/71
f 31/79/71 33/81/71 34/82/71
f 34/82/71 35/83/71 1496/84/71
f 34/82/71 1496/84/71 36/85/71
f 1504/86/71 37/87/71 38/88/71
f 36/85/71 1504/86/71 38/88/71
f 34/82/71 36/85/71 38/88/71
f 31/79/71 34/82/71 38/88/71
f 41/75/71 31/79/71 38/88/71
f 40/89/71 41/75/71 38/88/71
f 40/89/71 38/88/71 39/90/71
f 583/91/72 584/92/73 593/93/74
f 593/93/74 594/94/75 583/91/72
f 600/95/76 583/91/72 594/94/75
f 594/94/75 595/96/77 600/95/76
f 599/97/78 600/98/76 595/99/77
f 595/99/77 596/100/79 599/97/78
f 599/97/78 596/100/79 597/101/80
f 597/101/80 598/102/80 599/97/78
f 106/103/81 105/104/82 50/105/17
f 50/105/17 51/23/19 630/106/83
f 50/105/17 630/106/83 602/107/84
f 50/105/17 602/107/84 607/108/85
f 50/105/17 607/108/85 611/109/86
f 50/105/17 611/109/86 615/110/87
f 50/105/17 615/110/87 619/111/88
f 50/105/17 619/111/88 623/112/89
f 50/105/17 623/112/89 627/113/90
f 106/103/81 50/105/17 627/113/90
f 106/103/81 627/113/90 628/114/91
f 628/114/91 107/115/92 106/103/81
f 107/115/92 628/114/91 625/116/93
f 625/116/93 108/117/94 107/115/92
f 588/118/95 589/101/95 590/100/96
f 590/100/96 587/97/97 588/118/95
f 587/97/97 590/100/96 591/99/98
f 591/99/98 586/98/99 587/97/97
f 586/119/99 591/120/98 592/121/100
f 592/121/100 585/122/101 586/119/99
f 585/122/101 592/121/100 593/93/74
f 593/93/74 584/92/73 585/122/101
f 15/37/31 758/123/102 759/124/103
f 759/124/103 16/38/32 15/37/31
f 16/38/32 759/124/103 760/125/104
f 760/125/104 17/40/34 16/38/32
f 833/43/37 834/126/105 761/127/106
f 761/127/106 18/44/38 833/43/37
f 18/44/38 761/127/106 762/128/107
f 762/128/107 19/46/40 18/44/38
f 19/46/40 762/128/107 855/129/108
f 855/129/108 856/48/42 19/46/40
f 20/40/45 763/125/109 764/124/110
f 764/124/110 21/38/46 20/40/45
f 1514/52/50 1515/130/111 765/131/112
f 765/131/112 22/53/51 1514/52/50
f 1503/56/54 1509/132/113 766/133/114
f 766/133/114 23/57/55 1503/56/54
f 24/58/56 23/57/55 766/133/114
f 766/133/114 767/134/115 24/58/56
f 25/46/60 863/48/59 864/129/116
f 864/129/116 768/128/117 25/46/60
f 25/46/60 768/128/117 769/127/118
f 769/127/118 26/44/62 25/46/60
f 26/44/62 769/127/118 885/135/119
f 885/135/119 886/60/64 26/44/62
f 28/57/68 27/58/67 770/134/120
f 770/134/120 771/133/121 28/57/68
f 28/57/68 771/133/121 758/123/102
f 758/123/102 15/37/31 28/57/68
f 72/136/30 71/137/33 30/138/122
f 30/138/122 29/139/123 72/136/30
f 71/137/33 73/140/35 31/141/124
f 31/141/124 30/138/122 71/137/33
f 832/42/36 74/45/39 860/142/125
f 860/142/125 861/143/126 832/42/36
f 74/45/39 75/47/41 859/144/127
f 859/144/127 860/142/125 74/45/39
f 75/47/41 857/49/43 858/145/128
f 858/145/128 859/144/127 75/47/41
f 76/41/44 77/39/47 35/146/129
f 35/146/129 34/147/130 76/41/44
f 1512/148/131 1513/51/49 78/50/48
f 78/50/48 1511/149/132 1512/148/131
f 1504/150/133 1502/55/53 79/54/52
f 79/54/52 37/151/134 1504/150/133
f 79/54/52 80/59/57 38/152/135
f 38/152/135 37/151/134 79/54/52
f 862/49/58 81/47/61 890/144/136
f 890/144/136 891/145/137 862/49/58
f 81/47/61 82/45/63 889/142/138
f 889/142/138 890/144/136 81/47/61
f 82/45/63 887/42/65 888/143/139
f 888/143/139 889/142/138 82/45/63
f 83/153/66 84/154/69 42/155/140
f 42/155/140 41/156/141 83/153/66
f 84/154/69 72/136/30 29/139/123
f 29/139/123 42/155/140 84/154/69
f 98/157/142 85/158/143 58/159/144
f 58/159/144 57/160/145 98/157/142
f 85/158/143 86/161/146 59/162/147
f 59/162/147 58/159/144 85/158/143
f 839/163/148 87/164/149 60/165/150
f 60/165/150 838/166/151 839/163/148
f 87/164/149 88/167/152 61/168/153
f 61/168/153 60/165/150 87/164/149
f 61/168/153 88/167/152 850/169/154
f 850/169/154 851/170/155 61/168/153
f 62/171/156 89/161/157 90/172/158
f 90/172/158 63/173/159 62/171/156
f 1497/174/160 63/175/159 90/176/158
f 64/177/161 1497/174/160 90/176/158
f 64/177/161 90/176/158 91/178/162
f 1505/179/163 64/177/161 91/178/162
f 65/180/164 1505/179/163 91/178/162
f 65/180/164 91/178/162 92/181/165
f 92/182/165 93/183/166 66/184/167
f 66/184/167 65/185/164 92/182/165
f 869/169/168 94/167/169 67/168/170
f 67/168/170 868/170/171 869/169/168
f 94/167/169 95/164/172 68/165/173
f 68/165/173 67/168/170 94/167/169
f 68/165/173 95/164/172 880/186/174
f 880/186/174 881/187/175 68/165/173
f 69/184/176 96/183/177 97/182/178
f 97/182/178 70/185/179 69/184/176
f 97/182/178 98/157/142 57/160/145
f 57/160/145 70/185/179 97/182/178
f 112/104/180 99/188/181 85/158/143
f 85/158/143 98/157/142 112/104/180
f 86/161/146 85/158/143 99/188/181
f 99/188/181 100/189/182 149/190/183
f 99/188/181 149/190/183 153/191/184
f 99/188/181 153/191/184 117/192/185
f 99/188/181 117/192/185 129/193/186
f 86/161/146 99/188/181 129/193/186
f 100/194/187 101/195/188 141/196/189
f 141/196/190 151/197/191 100/194/182
f 101/195/188 102/198/192 142/199/193
f 142/199/193 141/196/189 101/195/188
f 102/198/192 103/200/194 147/201/195
f 147/201/195 142/199/193 102/198/192
f 90/172/158 89/161/157 135/193/196
f 90/172/158 135/193/196 120/192/197
f 90/172/158 120/192/197 159/191/198
f 90/172/158 159/191/198 143/190/199
f 90/172/158 143/190/199 103/189/194
f 90/172/158 103/189/194 104/188/200
f 104/188/200 105/104/82 91/157/162
f 91/157/162 90/172/158 104/188/200
f 105/104/82 106/103/81 92/182/165
f 92/182/165 91/157/162 105/104/82
f 93/183/166 92/182/165 106/103/81
f 106/103/81 107/115/92 150/202/201
f 106/103/81 150/202/201 154/203/202
f 106/103/81 154/203/202 121/204/203
f 106/103/81 121/204/203 130/205/204
f 93/183/166 106/103/81 130/205/204
f 107/206/92 108/207/94 144/208/205
f 144/208/205 152/209/206 107/206/92
f 108/207/94 109/210/207 145/211/208
f 145/211/208 144/208/205 108/207/94
f 109/210/207 110/212/209 148/213/210
f 148/213/210 145/211/208 109/210/207
f 97/182/178 96/183/177 138/205/211
f 97/182/178 138/205/211 124/204/212
f 97/182/178 124/204/212 162/203/213
f 97/182/178 162/203/213 146/202/214
f 97/182/178 146/202/214 110/115/215
f 97/182/178 110/115/215 111/103/216
f 111/103/216 112/104/180 98/157/142
f 98/157/142 97/182/178 111/103/216
f 59/162/147 86/161/146 113/214/217
f 113/214/217 86/161/146 129/193/186
f 129/193/186 131/215/218 113/214/217
f 103/189/194 143/190/199 147/216/195
f 89/161/157 62/171/156 114/214/219
f 66/184/167 93/183/166 115/217/220
f 115/217/220 93/183/166 130/205/204
f 130/205/204 132/218/221 115/217/220
f 110/115/215 146/202/214 148/219/222
f 96/183/177 69/184/176 116/217/223
f 841/220/224 118/221/225 133/222/226
f 133/222/226 840/223/227 841/220/224
f 118/221/225 119/224/228 134/225/229
f 134/225/229 133/222/226 118/221/225
f 119/224/228 848/226/230 849/227/231
f 849/227/231 134/225/229 119/224/228
f 871/226/232 122/224/233 136/225/234
f 136/225/234 870/227/235 871/226/232
f 122/224/233 123/221/236 137/222/237
f 137/222/237 136/225/234 122/224/233
f 123/221/236 878/228/238 879/229/239
f 879/229/239 137/222/237 123/221/236
f 155/230/240 125/231/241 117/192/185
f 117/192/185 153/191/184 155/230/240
f 126/231/242 120/192/197 135/193/196
f 135/193/196 139/215/243 126/231/242
f 156/232/244 127/233/245 121/204/203
f 121/204/203 154/203/202 156/232/244
f 128/233/246 124/204/212 138/205/211
f 138/205/211 140/218/247 128/233/246
f 131/215/218 129/193/186 117/192/185
f 117/192/185 125/231/241 131/215/218
f 132/218/221 130/205/204 121/204/203
f 121/204/203 127/233/245 132/218/221
f 840/223/227 133/222/226 87/164/149
f 87/164/149 839/163/148 840/223/227
f 133/222/226 134/225/229 88/167/152
f 88/167/152 87/164/149 133/222/226
f 134/225/229 849/227/231 850/169/154
f 850/169/154 88/167/152 134/225/229
f 870/227/235 136/225/234 94/167/169
f 94/167/169 869/169/168 870/227/235
f 136/225/234 137/222/237 95/164/172
f 95/164/172 94/167/169 136/225/234
f 137/222/237 879/229/239 880/186/174
f 880/186/174 95/164/172 137/222/237
f 114/214/219 139/215/243 135/193/196
f 135/193/196 89/161/157 114/214/219
f 116/217/223 140/218/247 138/205/211
f 138/205/211 96/183/177 116/217/223
f 842/234/248 843/235/249 844/236/250
f 844/236/250 157/237/251 842/234/248
f 844/236/250 845/238/252 158/239/253
f 158/239/253 157/237/251 844/236/250
f 845/238/252 846/240/254 847/241/255
f 847/241/255 158/239/253 845/238/252
f 872/241/256 873/240/257 874/238/258
f 874/238/258 160/239/259 872/241/256
f 874/238/258 875/236/260 161/237/261
f 161/237/261 160/239/259 874/238/258
f 875/236/260 876/235/262 877/234/263
f 877/234/263 161/237/261 875/236/260
f 147/216/195 143/190/199 159/191/198
f 159/191/198 163/230/264 147/216/195
f 148/219/222 146/202/214 162/203/213
f 162/203/213 164/232/265 148/219/222
f 149/190/183 100/189/182 151/216/191
f 150/202/201 107/115/92 152/219/206
f 151/216/191 155/230/240 153/191/184
f 153/191/184 149/190/183 151/216/191
f 152/219/206 156/232/244 154/203/202
f 154/203/202 150/202/201 152/219/206
f 841/220/224 842/234/248 157/237/251
f 157/237/251 118/221/225 841/220/224
f 157/237/251 158/239/253 119/224/228
f 119/224/228 118/221/225 157/237/251
f 158/239/253 847/241/255 848/226/230
f 848/226/230 119/224/228 158/239/253
f 871/226/232 872/241/256 160/239/259
f 160/239/259 122/224/233 871/226/232
f 160/239/259 161/237/261 123/221/236
f 123/221/236 122/224/233 160/239/259
f 161/237/261 877/234/263 878/228/238
f 878/228/238 123/221/236 161/237/261
f 163/230/264 159/191/198 120/192/197
f 120/192/197 126/231/242 163/230/264
f 164/232/265 162/203/213 124/204/212
f 124/204/212 128/233/246 164/232/265
f 165/242/266 166/243/267 180/244/268
f 180/244/268 179/245/269 165/242/266
f 166/242/267 167/243/270 181/244/271
f 181/244/271 180/245/268 166/242/267
f 167/242/270 168/243/272 182/244/273
f 182/244/273 181/245/271 167/242/270
f 168/242/272 169/243/274 183/244/275
f 183/244/275 182/245/273 168/242/272
f 169/242/274 170/243/276 184/244/277
f 184/244/277 183/245/275 169/242/274
f 170/242/276 171/243/278 185/244/279
f 185/244/279 184/245/277 170/242/276
f 171/242/278 172/243/280 186/244/281
f 186/244/281 185/245/279 171/242/278
f 172/242/280 173/243/282 187/244/283
f 187/244/283 186/245/281 172/242/280
f 173/242/282 174/243/284 188/244/285
f 188/244/285 187/245/283 173/242/282
f 174/242/284 175/243/286 189/244/287
f 189/244/287 188/245/285 174/242/284
f 175/242/286 176/243/288 190/244/289
f 190/244/289 189/245/287 175/242/286
f 176/242/288 177/243/290 191/244/291
f 191/244/291 190/245/289 176/242/288
f 177/242/290 178/243/292 192/244/293
f 192/244/293 191/245/291 177/242/290
f 178/242/292 165/243/266 179/244/269
f 179/244/269 192/245/293 178/242/292
f 180/244/268 249/246/294 262/247/295
f 262/247/295 179/245/269 180/244/268
f 181/244/271 250/246/296 249/247/294
f 249/247/294 180/245/268 181/244/271
f 182/244/273 251/246/297 250/247/296
f 250/247/296 181/245/271 182/244/273
f 183/244/275 252/246/298 251/247/297
f 251/247/297 182/245/273 183/244/275
f 184/244/277 253/246/299 252/247/298
f 252/247/298 183/245/275 184/244/277
f 185/244/279 254/246/300 253/247/299
f 253/247/299 184/245/277 185/244/279
f 186/244/281 255/246/301 254/247/300
f 254/247/300 185/245/279 186/244/281
f 187/244/283 256/246/302 255/247/301
f 255/247/301 186/245/281 187/244/283
f 188/244/285 257/246/303 256/247/302
f 256/247/302 187/245/283 188/244/285
f 189/244/287 258/246/304 257/247/303
f 257/247/303 188/245/285 189/244/287
f 190/244/289 259/246/305 258/247/304
f 258/247/304 189/245/287 190/244/289
f 191/244/291 260/246/306 259/247/305
f 259/247/305 190/245/289 191/244/291
f 192/244/293 261/246/307 260/247/306
f 260/247/306 191/245/291 192/244/293
f 179/244/269 262/246/295 261/247/307
f 261/247/307 192/245/293 179/244/269
f 236/248/308 237/249/308 238/250/308
f 238/250/308 239/251/308 240/252/308
f 240/252/308 241/253/308 242/254/308
f 238/250/308 240/252/308 242/254/308
f 242/254/308 243/255/308 244/256/308
f 244/256/308 245/257/308 246/258/308
f 242/254/308 244/256/308 246/258/308
f 246/258/308 247/259/308 248/260/308
f 242/254/308 246/258/308 248/260/308
f 238/250/308 242/254/308 248/260/308
f 236/248/308 238/250/308 248/260/308
f 235/261/308 236/248/308 248/260/308
f 194/262/309 193/263/310 208/264/311
f 208/264/311 207/265/312 194/262/309
f 195/262/313 194/263/309 207/264/312
f 207/264/312 209/265/314 195/262/313
f 196/262/315 195/263/313 209/264/314
f 209/264/314 210/265/316 196/262/315
f 197/262/317 196/263/315 210/264/316
f 210/264/316 211/265/318 197/262/317
f 198/262/319 197/263/317 211/264/318
f 211/264/318 212/265/320 198/262/319
f 199/262/321 198/263/319 212/264/320
f 212/264/320 213/265/322 199/262/321
f 200/262/323 199/263/321 213/264/322
f 213/264/322 214/265/324 200/262/323
f 201/262/325 200/263/323 214/264/324
f 214/264/324 215/265/326 201/262/325
f 202/262/327 201/263/325 215/264/326
f 215/264/326 216/265/328 202/262/327
f 203/262/329 202/263/327 216/264/328
f 216/264/328 217/265/330 203/262/329
f 204/262/331 203/263/329 217/264/330
f 217/264/330 218/265/332 204/262/331
f 205/262/333 204/263/331 218/264/332
f 218/264/332 219/265/334 205/262/333
f 206/262/335 205/263/333 219/264/334
f 219/264/334 220/265/336 206/262/335
f 193/262/310 206/263/335 220/264/336
f 220/264/336 208/265/311 193/262/310
s 0
f 193/266/308 194/267/308 222/268/308
f 222/268/308 221/269/308 193/266/308
f 194/267/308 195/266/308 223/269/308
f 223/269/308 222/268/308 194/267/308
f 195/266/308 196/267/308 224/268/308
f 224/268/308 223/269/308 195/266/308
f 196/267/308 197/266/308 225/269/308
f 225/269/308 224/268/308 196/267/308
f 197/266/308 198/267/308 226/268/308
f 226/268/308 225/269/308 197/266/308
f 198/267/308 199/266/308 227/269/308
f 227/269/308 226/268/308 198/267/308
f 199/266/308 200/267/308 228/268/308
f 228/268/308 227/269/308 199/266/308
f 200/267/308 201/266/308 229/269/308
f 229/269/308 228/268/308 200/267/308
f 201/266/308 202/267/308 230/268/308
f 230/268/308 229/269/308 201/266/308
f 202/267/308 203/266/308 231/269/308
f 231/269/308 230/268/308 202/267/308
f 203/266/308 204/267/308 232/268/308
f 232/268/308 231/269/308 203/266/308
f 204/267/308 205/266/308 233/269/308
f 233/269/308 232/268/308 204/267/308
f 205/266/308 206/267/308 234/268/308
f 234/268/308 233/269/308 205/266/308
f 206/267/308 193/266/308 221/269/308
f 221/269/308 234/268/308 206/267/308
f 221/270/337 222/271/337 236/272/337
f 236/272/337 235/273/337 221/270/337
f 222/271/338 223/274/338 237/275/338
f 237/275/338 236/272/338 222/271/338
f 223/274/339 224/276/339 238/277/339
f 238/277/339 237/275/339 223/274/339
f 224/276/340 225/278/340 239/279/340
f 239/279/340 238/277/340 224/276/340
f 225/278/341 226/280/341 240/281/341
f 240/281/341 239/279/341 225/278/341
f 226/280/342 227/282/342 241/283/342
f 241/283/342 240/281/342 226/280/342
f 227/282/343 228/284/343 242/285/343
f 242/285/343 241/283/343 227/282/343
f 228/284/344 229/286/344 243/283/344
f 243/283/344 242/285/344 228/284/344
f 229/286/345 230/287/345 244/281/345
f 244/281/345 243/283/345 229/286/345
f 230/287/346 231/288/346 245/279/346
f 245/279/346 244/281/346 230/287/346
f 231/288/347 232/289/347 246/277/347
f 246/277/347 245/279/347 231/288/347
f 232/289/348 233/290/348 247/275/348
f 247/275/348 246/277/348 232/289/348
f 233/290/349 234/271/349 248/272/349
f 248/272/349 247/275/349 233/290/349
f 234/271/350 221/270/350 235/273/350
f 235/273/350 248/272/350 234/271/350
s 1
f 264/291/351 263/292/352 262/247/295
f 262/247/295 249/246/294 264/291/351
f 265/291/353 264/292/351 249/247/294
f 249/247/294 250/246/296 265/291/353
f 266/291/354 265/292/353 250/247/296
f 250/247/296 251/246/297 266/291/354
f 267/291/355 266/292/354 251/247/297
f 251/247/297 252/246/298 267/291/355
f 268/291/356 267/292/355 252/247/298
f 252/247/298 253/246/299 268/291/356
f 269/291/357 268/292/356 253/247/299
f 253/247/299 254/246/300 269/291/357
f 270/291/358 269/292/357 254/247/300
f 254/247/300 255/246/301 270/291/358
f 271/291/359 270/292/358 255/247/301
f 255/247/301 256/246/302 271/291/359
f 272/291/360 271/292/359 256/247/302
f 256/247/302 257/246/303 272/291/360
f 273/291/361 272/292/360 257/247/303
f 257/247/303 258/246/304 273/291/361
f 274/291/362 273/292/361 258/247/304
f 258/247/304 259/246/305 274/291/362
f 275/291/363 274/292/362 259/247/305
f 259/247/305 260/246/306 275/291/363
f 276/291/364 275/292/363 260/247/306
f 260/247/306 261/246/307 276/291/364
f 263/291/352 276/292/364 261/247/307
f 261/247/307 262/246/295 263/291/352
f 278/293/365 277/294/366 263/292/352
f 263/292/352 264/291/351 278/293/365
f 279/294/367 278/293/365 264/265/351
f 264/265/351 265/264/353 279/294/367
f 280/293/368 279/294/367 265/292/353
f 265/292/353 266/291/354 280/293/368
f 281/293/369 280/294/368 266/292/354
f 266/292/354 267/291/355 281/293/369
f 282/293/370 281/294/369 267/292/355
f 267/292/355 268/291/356 282/293/370
f 283/293/371 282/294/370 268/292/356
f 268/292/356 269/291/357 283/293/371
f 284/293/372 283/294/371 269/292/357
f 269/292/357 270/291/358 284/293/372
f 285/293/373 284/294/372 270/292/358
f 270/292/358 271/291/359 285/293/373
f 286/293/374 285/294/373 271/292/359
f 271/292/359 272/291/360 286/293/374
f 287/293/375 286/294/374 272/292/360
f 272/292/360 273/291/361 287/293/375
f 288/293/376 287/294/375 273/292/361
f 273/292/361 274/291/362 288/293/376
f 289/293/377 288/294/376 274/292/362
f 274/292/362 275/291/363 289/293/377
f 290/293/378 289/294/377 275/292/363
f 275/292/363 276/291/364 290/293/378
f 277/293/366 290/294/378 276/292/364
f 276/292/364 263/291/352 277/293/366
f 207/265/312 208/264/311 277/294/366
f 277/294/366 278/293/365 207/265/312
f 209/265/314 207/264/312 278/294/365
f 278/294/365 279/293/367 209/265/314
f 210/265/316 209/264/314 279/294/367
f 279/294/367 280/293/368 210/265/316
f 211/265/318 210/264/316 280/294/368
f 280/294/368 281/293/369 211/265/318
f 212/265/320 211/264/318 281/294/369
f 281/294/369 282/293/370 212/265/320
f 213/265/322 212/264/320 282/294/370
f 282/294/370 283/293/371 213/265/322
f 214/265/324 213/264/322 283/294/371
f 283/294/371 284/293/372 214/265/324
f 215/265/326 214/264/324 284/294/372
f 284/294/372 285/293/373 215/265/326
f 216/265/328 215/264/326 285/294/373
f 285/294/373 286/293/374 216/265/328
f 217/265/330 216/264/328 286/294/374
f 286/294/374 287/293/375 217/265/330
f 218/265/332 217/264/330 287/294/375
f 287/294/375 288/293/376 218/265/332
f 219/265/334 218/264/332 288/294/376
f 288/294/376 289/293/377 219/265/334
f 220/265/336 219/264/334 289/294/377
f 289/294/377 290/293/378 220/265/336
f 208/265/311 220/264/336 290/294/378
f 290/294/378 277/293/366 208/265/311
f 346/295/379 347/296/380 422/297/381
f 422/297/381 421/298/382 346/295/379
f 399/299/383 348/300/384 398/301/385
f 398/301/385 348/300/384 349/302/386
f 349/302/386 400/303/387 398/301/385
f 400/303/387 349/302/386 350/304/388
f 350/304/388 401/305/389 400/303/387
f 429/306/390 351/296/391 430/297/392
f 421/298/382 430/297/392 351/296/391
f 351/296/391 346/295/379 421/298/382
f 292/307/393 291/308/394 336/309/395
f 336/309/395 337/310/396 292/307/393
f 338/311/397 417/312/398 418/313/399
f 338/311/397 418/313/399 292/307/393
f 337/310/396 338/311/397 292/307/393
f 403/314/400 339/315/401 402/316/402
f 293/317/403 404/318/404 402/316/402
f 293/317/403 402/316/402 339/315/401
f 293/317/403 339/315/401 340/319/405
f 294/320/406 293/317/403 340/319/405
f 340/319/405 341/321/407 294/320/406
f 295/317/408 294/320/406 341/321/407
f 341/321/407 342/319/409 295/317/408
f 343/322/410 405/316/411 406/323/412
f 343/322/410 406/323/412 295/317/408
f 342/319/409 343/322/410 295/317/408
f 344/324/413 440/325/414 441/326/415
f 441/326/415 457/327/416 344/324/413
f 296/328/417 442/329/418 440/325/414
f 296/328/417 440/325/414 344/324/413
f 296/328/417 344/324/413 345/310/419
f 291/308/394 296/328/417 345/310/419
f 345/310/419 336/309/395 291/308/394
f 298/330/420 297/331/421 361/332/422
f 361/332/422 327/333/423 298/330/420
f 299/334/424 298/330/420 327/333/423
f 327/333/423 328/335/425 299/334/424
f 412/336/426 330/337/427 300/338/428
f 300/338/428 415/339/429 412/336/426
f 301/340/430 300/338/428 330/337/427
f 330/337/427 331/341/431 301/340/430
f 302/342/432 301/340/430 331/341/431
f 331/341/431 359/343/433 302/342/432
f 303/340/434 302/342/432 359/343/433
f 359/343/433 332/341/435 303/340/434
f 304/338/436 303/340/434 332/341/435
f 332/341/435 333/344/437 304/338/436
f 451/345/438 334/335/439 305/346/440
f 305/346/440 447/347/441 451/345/438
f 306/330/442 305/346/440 334/335/439
f 334/335/439 335/348/443 306/330/442
f 297/331/421 306/330/442 335/348/443
f 335/348/443 361/332/422 297/331/421
f 362/349/444 307/350/445 319/351/446
f 319/351/446 364/352/447 362/349/444
f 309/353/448 308/354/449 320/355/450
f 320/355/450 321/356/451 309/353/448
f 310/357/452 309/353/448 321/356/451
f 321/356/451 322/358/453 310/357/452
f 311/359/454 310/357/452 322/358/453
f 322/358/453 354/360/455 311/359/454
f 312/361/456 311/359/454 354/360/455
f 354/360/455 323/362/457 312/361/456
f 360/363/458 356/364/459 312/361/456
f 312/361/456 323/362/457 360/363/458
f 357/364/460 313/365/461 324/366/462
f 324/366/462 358/363/463 357/364/460
f 315/367/464 314/368/465 355/369/466
f 355/369/466 325/370/467 315/367/464
f 316/357/468 315/367/464 325/370/467
f 325/370/467 326/358/469 316/357/468
f 317/353/470 316/357/468 326/358/469
f 326/358/469 352/356/471 317/353/470
f 318/371/472 317/353/470 352/356/471
f 352/356/471 353/355/473 318/371/472
f 365/352/474 363/349/475 318/371/472
f 318/371/472 353/355/473 365/352/474
f 361/332/422 307/350/445 362/349/444
f 328/335/425 327/333/423 308/354/449
f 308/354/449 309/353/448 328/335/425
f 309/353/448 310/357/452 329/372/476
f 309/353/448 329/372/476 411/345/477
f 309/353/448 411/345/477 328/335/425
f 331/341/431 330/337/427 311/359/454
f 311/359/454 312/361/456 331/341/431
f 356/364/459 359/343/433 331/341/431
f 331/341/431 312/361/456 356/364/459
f 359/343/433 313/365/461 357/364/460
f 333/344/437 332/341/435 314/368/465
f 314/368/465 315/367/464 333/344/437
f 315/367/464 316/357/468 450/373/478
f 315/367/464 450/373/478 446/336/479
f 315/367/464 446/336/479 333/344/437
f 335/348/443 334/335/439 317/353/470
f 317/353/470 318/371/472 335/348/443
f 363/349/475 361/332/422 335/348/443
f 335/348/443 318/371/472 363/349/475
f 337/310/396 336/309/395 297/331/421
f 297/331/421 298/330/420 337/310/396
f 338/311/397 337/310/396 298/330/420
f 298/330/420 299/334/424 338/311/397
f 299/334/424 413/347/480 414/374/481
f 414/374/481 420/327/482 338/311/397
f 299/334/424 414/374/481 338/311/397
f 300/338/428 339/315/401 403/314/400
f 300/338/428 403/314/400 410/375/483
f 300/338/428 410/375/483 415/339/429
f 340/319/405 339/315/401 300/338/428
f 300/338/428 301/340/430 340/319/405
f 341/321/407 340/319/405 301/340/430
f 301/340/430 302/342/432 341/321/407
f 342/319/409 341/321/407 302/342/432
f 302/342/432 303/340/434 342/319/409
f 343/322/410 342/319/409 303/340/434
f 303/340/434 304/338/436 343/322/410
f 304/338/436 416/376/484 407/375/485
f 407/375/485 408/314/486 343/322/410
f 304/338/436 407/375/485 343/322/410
f 456/374/487 447/347/441 305/346/440
f 456/374/487 305/346/440 344/324/413
f 456/374/487 344/324/413 457/327/416
f 345/310/419 344/324/413 305/346/440
f 305/346/440 306/330/442 345/310/419
f 336/309/395 345/310/419 306/330/442
f 306/330/442 297/331/421 336/309/395
f 346/295/379 291/308/394 292/307/393
f 292/307/393 347/296/380 346/295/379
f 292/307/393 418/313/399 419/306/488
f 419/306/488 347/296/380 292/307/393
f 399/299/383 404/318/404 293/317/403
f 293/317/403 348/300/384 399/299/383
f 294/320/406 349/302/386 348/300/384
f 348/300/384 293/317/403 294/320/406
f 295/317/408 350/304/388 349/302/386
f 349/302/386 294/320/406 295/317/408
f 295/317/408 406/323/412 409/377/489
f 409/377/489 350/304/388 295/317/408
f 296/328/417 351/296/391 429/306/390
f 296/328/417 429/306/390 461/378/490
f 296/328/417 461/378/490 442/329/418
f 296/328/417 291/308/394 346/295/379
f 346/295/379 351/296/391 296/328/417
f 383/379/491 384/380/492 382/381/492
f 395/382/71 387/383/71 388/384/493
f 388/384/493 394/385/493 395/382/71
f 396/386/494 386/387/494 387/383/71
f 387/383/71 395/382/71 396/386/494
f 397/388/495 385/389/495 386/387/494
f 386/387/494 396/386/494 397/388/495
f 394/385/493 388/384/493 389/390/496
f 389/390/496 393/391/496 394/385/493
f 393/391/496 389/390/496 390/392/497
f 390/392/497 392/393/497 393/391/496
f 356/364/459 360/363/458 324/366/462
f 324/366/462 313/365/461 356/364/459
f 314/368/465 357/364/460 358/363/463
f 358/363/463 355/369/466 314/368/465
f 356/364/459 313/365/461 359/343/433
f 332/341/435 359/343/433 357/364/460
f 357/364/460 314/368/465 332/341/435
f 390/392/497 391/394/71 392/393/497
f 308/354/449 362/349/444 364/352/447
f 364/352/447 320/355/450 308/354/449
f 363/349/475 365/352/474 319/351/446
f 319/351/446 307/350/445 363/349/475
f 327/333/423 361/332/422 362/349/444
f 362/349/444 308/354/449 327/333/423
f 363/349/475 307/350/445 361/332/422
f 385/389/495 397/388/495 382/381/492
f 382/381/492 384/380/492 385/389/495
f 367/395/498 366/396/499 364/352/500
f 364/352/500 319/351/501 367/395/498
f 368/396/502 367/395/498 319/351/501
f 319/351/501 365/352/503 368/396/502
f 369/397/504 368/396/502 365/352/503
f 365/352/503 353/355/505 369/397/504
f 370/398/506 369/397/504 353/355/505
f 353/355/505 352/356/507 370/398/506
f 371/399/508 370/398/506 352/356/507
f 352/356/507 326/358/509 371/399/508
f 372/400/510 371/399/508 326/358/509
f 326/358/509 325/370/511 372/400/510
f 373/401/512 372/400/510 325/370/511
f 325/370/511 355/369/513 373/401/512
f 374/402/514 373/401/512 355/369/513
f 355/369/513 358/363/71 374/402/514
f 375/403/71 374/402/514 358/363/71
f 358/363/71 324/366/71 375/403/71
f 376/402/515 375/403/71 324/366/71
f 324/366/71 360/363/516 376/402/515
f 377/404/517 376/402/515 360/363/516
f 360/363/516 323/362/518 377/404/517
f 378/405/519 377/404/517 323/362/518
f 323/362/518 354/360/520 378/405/519
f 379/406/521 378/405/519 354/360/520
f 354/360/520 322/358/522 379/406/521
f 380/398/523 379/406/521 322/358/522
f 322/358/522 321/356/524 380/398/523
f 381/397/525 380/398/523 321/356/524
f 321/356/524 320/355/526 381/397/525
f 366/396/499 381/397/525 320/355/526
f 320/355/526 364/352/500 366/396/499
f 383/407/527 382/408/528 366/396/529
f 366/396/529 367/395/527 383/407/527
f 384/408/530 383/407/531 367/395/531
f 367/395/531 368/396/532 384/408/530
f 385/409/533 384/408/530 368/396/532
f 368/396/532 369/397/534 385/409/533
f 386/410/535 385/409/533 369/397/534
f 369/397/534 370/398/536 386/410/535
f 387/411/347 386/410/535 370/398/536
f 370/398/536 371/399/347 387/411/347
f 388/412/537 387/411/347 371/399/347
f 371/399/347 372/400/538 388/412/537
f 389/413/539 388/412/537 372/400/538
f 372/400/538 373/401/540 389/413/539
f 390/414/541 389/413/539 373/401/540
f 373/401/540 374/402/542 390/414/541
f 391/415/543 390/414/541 374/402/542
f 374/402/542 375/403/543 391/415/543
f 392/414/544 391/415/545 375/403/545
f 375/403/545 376/402/546 392/414/544
f 393/416/547 392/414/544 376/402/546
f 376/402/546 377/404/548 393/416/547
f 394/412/549 393/416/547 377/404/548
f 377/404/548 378/405/550 394/412/549
f 395/417/340 394/412/549 378/405/550
f 378/405/550 379/406/340 395/417/340
f 396/418/551 395/417/340 379/406/340
f 379/406/340 380/398/552 396/418/551
f 397/409/553 396/418/551 380/398/552
f 380/398/552 381/397/554 397/409/553
f 382/408/528 397/409/553 381/397/554
f 381/397/554 366/396/529 382/408/528
f 401/305/389 350/304/388 409/377/489
f 343/322/410 408/314/486 463/419/555
f 463/419/555 405/316/411 343/322/410
f 411/345/477 413/347/480 299/334/424
f 299/334/424 328/335/425 411/345/477
f 412/336/426 329/372/476 310/357/452
f 412/336/426 310/357/452 311/359/454
f 330/337/427 412/336/426 311/359/454
f 446/336/479 416/376/484 304/338/436
f 304/338/436 333/344/437 446/336/479
f 451/345/438 450/373/478 316/357/468
f 451/345/438 316/357/468 317/353/470
f 334/335/439 451/345/438 317/353/470
f 422/297/381 347/296/380 419/306/488
f 417/312/398 338/311/397 420/327/482
f 447/420/556 456/421/557 453/422/558
f 447/420/556 453/422/558 444/423/556
f 447/420/556 444/423/556 443/424/559
f 451/425/560 447/420/556 443/424/559
f 445/423/561 454/422/562 407/421/563
f 445/423/561 407/421/563 416/420/561
f 445/423/561 416/420/561 446/425/564
f 449/424/565 445/423/561 446/425/564
f 451/345/560 443/345/559 448/426/70
f 451/345/560 448/426/70 449/336/565
f 451/345/560 449/336/565 446/336/564
f 450/373/70 451/345/560 446/336/564
f 438/427/566 459/428/566 424/429/566
f 437/430/566 438/427/566 424/429/566
f 436/431/566 437/430/566 424/429/566
f 436/431/566 424/429/566 425/432/566
f 425/432/566 426/433/566 427/434/566
f 436/431/566 425/432/566 427/434/566
f 428/435/566 460/436/566 439/437/566
f 427/434/566 428/435/566 439/437/566
f 427/434/566 439/437/566 463/438/566
f 436/431/566 427/434/566 463/438/566
f 435/439/566 436/431/566 463/438/566
f 435/439/566 463/438/566 408/440/566
f 455/441/566 435/439/566 408/440/566
f 455/441/566 408/440/566 407/421/563
f 454/422/562 455/441/566 407/421/563
f 441/438/308 440/442/308 442/443/308
f 442/443/308 461/444/308 429/445/308
f 442/443/308 429/445/308 430/434/308
f 430/434/308 421/433/308 422/446/308
f 442/443/308 430/434/308 422/446/308
f 422/446/308 431/447/308 432/448/308
f 442/443/308 422/446/308 432/448/308
f 441/438/308 442/443/308 432/448/308
f 457/440/308 441/438/308 432/448/308
f 432/448/308 433/449/308 434/439/308
f 432/448/308 434/439/308 452/441/308
f 432/448/308 452/441/308 456/421/557
f 457/440/308 432/448/308 456/421/557
f 423/450/308 458/451/308 462/452/308
f 452/441/308 453/422/558 456/421/557
f 506/453/347 507/454/567 520/455/567
f 520/455/567 521/456/347 506/453/347
f 507/454/567 508/457/568 533/458/568
f 533/458/568 520/455/567 507/454/567
f 508/457/568 509/459/569 532/460/569
f 532/460/569 533/458/568 508/457/568
f 509/459/569 510/459/570 531/460/570
f 531/460/570 532/460/569 509/459/569
f 510/459/570 511/457/571 530/458/571
f 530/458/571 531/460/570 510/459/570
f 511/457/571 512/454/572 529/455/572
f 529/455/572 530/458/571 511/457/571
f 512/454/572 513/453/340 528/456/340
f 528/456/340 529/455/572 512/454/572
f 513/453/340 514/461/573 527/462/573
f 527/462/573 528/456/340 513/453/340
f 514/461/573 515/463/574 526/464/574
f 526/464/574 527/462/573 514/461/573
f 515/463/574 516/465/575 525/466/575
f 525/466/575 526/464/574 515/463/574
f 516/465/575 517/465/576 524/466/576
f 524/466/576 525/466/575 516/465/575
f 517/465/576 518/463/577 523/464/577
f 523/464/577 524/466/576 517/465/576
f 518/463/577 519/461/578 522/462/578
f 522/462/578 523/464/577 518/463/577
f 519/461/578 506/453/347 521/456/347
f 521/456/347 522/462/578 519/461/578
f 478/467/347 479/468/567 493/469/567
f 493/469/567 492/470/347 478/467/347
f 479/468/567 480/471/568 494/472/568
f 494/472/568 493/469/567 479/468/567
f 480/471/568 481/473/569 495/474/569
f 495/474/569 494/472/568 480/471/568
f 481/473/569 482/473/570 496/474/579
f 481/473/569 496/474/579 534/475/566
f 481/473/569 534/475/566 495/474/569
f 482/473/570 483/471/571 497/476/580
f 497/476/580 496/474/579 482/473/570
f 483/471/571 484/477/572 498/478/581
f 498/478/581 497/476/580 483/471/571
f 484/477/572 485/467/340 499/479/340
f 499/479/340 498/478/581 484/477/572
f 485/467/340 486/480/573 500/481/582
f 500/481/582 499/479/340 485/467/340
f 486/480/573 487/482/574 501/483/583
f 501/483/583 500/481/582 486/480/573
f 487/482/574 488/484/575 502/485/584
f 502/485/584 501/483/583 487/482/574
f 488/484/575 489/484/576 503/485/576
f 488/484/575 503/485/576 535/485/308
f 488/484/575 535/485/308 502/485/584
f 489/484/576 490/482/577 504/486/577
f 504/486/577 503/485/576 489/484/576
f 490/482/577 491/480/578 505/487/578
f 505/487/578 504/486/577 490/482/577
f 491/480/578 478/467/347 492/470/347
f 492/470/347 505/487/578 491/480/578
f 476/488/70 475/489/70 474/490/70
s 0
f 470/491/70 469/492/70 2189/492/70 2188/491/70
f 477/493/70 476/488/70 2185/488/70 2190/493/70
f 464/494/70 477/493/70 2190/493/70 2193/494/70
f 469/492/70 468/495/70 2186/495/70 2189/492/70
f 467/496/70 466/497/70 2184/497/70 2187/496/70
f 472/498/70 471/499/70 2192/499/70 2191/498/70
f 471/499/70 470/491/70 2188/491/70 2192/499/70
f 465/500/70 464/494/70 2193/494/70 2183/500/70
s 1
f 476/488/70 474/490/70 2182/490/70 2185/488/70
s 0
f 466/497/70 465/500/70 2183/500/70 2184/497/70
f 468/495/70 467/496/70 2187/496/70 2186/495/70
s 1
f 493/469/71 494/472/71 495/474/71
f 495/474/71 534/475/585 535/485/71
f 535/485/71 503/485/71 504/486/71
f 495/474/71 535/485/71 504/486/71
f 493/469/71 495/474/71 504/486/71
f 493/469/71 504/486/71 505/487/71
f 492/470/71 493/469/71 505/487/71
s 0
f 464/494/586 465/500/586 507/501/586
f 507/501/586 506/502/586 464/494/586
f 465/500/587 466/497/587 508/503/587
f 508/503/588 507/501/588 465/500/588
f 466/497/589 467/496/589 509/504/589
f 509/504/589 508/503/589 466/497/589
f 467/496/590 468/495/590 510/505/590
f 510/505/590 509/504/590 467/496/590
f 468/495/591 469/492/591 511/506/591
f 511/506/591 510/505/591 468/495/591
f 469/492/592 470/491/592 512/507/592
f 512/507/593 511/506/593 469/492/593
f 470/491/594 471/499/594 513/508/594
f 513/508/594 512/507/594 470/491/594
f 471/499/595 472/498/595 514/509/595
f 514/509/595 513/508/595 471/499/595
f 472/498/596 473/510/596 515/511/596
f 515/511/597 514/509/597 472/498/597
f 473/510/598 474/490/598 516/512/598
f 516/512/598 515/511/598 473/510/598
f 474/490/599 475/489/599 517/513/599
f 517/513/599 516/512/599 474/490/599
f 475/489/600 476/488/600 518/514/600
f 518/514/600 517/513/600 475/489/600
f 476/488/601 477/493/601 519/515/601
f 519/515/602 518/514/602 476/488/602
f 477/493/603 464/494/603 506/502/603
f 506/502/603 519/515/603 477/493/603
f 479/468/604 478/467/604 521/456/604
f 521/456/604 520/455/604 479/468/604
f 478/467/605 491/480/605 522/462/605
f 522/462/605 521/456/605 478/467/605
f 491/480/606 490/482/606 523/464/606
f 523/464/607 522/462/607 491/480/607
f 490/482/608 489/484/608 524/466/608
f 524/466/609 523/464/609 490/482/609
f 489/484/610 488/484/610 525/466/610
f 525/466/610 524/466/610 489/484/610
f 488/484/611 487/482/611 526/464/611
f 526/464/612 525/466/612 488/484/612
f 487/482/613 486/480/613 527/462/613
f 527/462/613 526/464/613 487/482/613
f 486/480/614 485/467/614 528/456/614
f 528/456/614 527/462/614 486/480/614
f 485/467/615 484/477/615 529/455/615
f 529/455/615 528/456/615 485/467/615
f 484/477/616 483/471/616 530/458/616
f 530/458/616 529/455/616 484/477/616
f 483/471/617 482/473/617 531/460/617
f 531/460/618 530/458/618 483/471/618
f 482/473/619 481/473/619 532/460/619
f 532/460/619 531/460/619 482/473/619
f 481/473/620 480/471/620 533/458/620
f 533/458/621 532/460/621 481/473/621
f 480/471/622 479/468/622 520/455/622
f 520/455/623 533/458/623 480/471/623
s 1
f 496/516/624 497/517/580 498/518/581
f 498/518/581 499/519/625 500/520/582
f 500/520/582 501/521/583 502/522/626
f 498/518/581 500/520/582 502/522/626
f 496/516/624 498/518/581 502/522/626
f 496/516/624 502/522/626 535/523/71
f 534/524/585 496/516/624 535/523/71
f 537/525/570 555/526/570 554/527/566
f 572/528/566 537/525/570 554/527/566
f 536/529/566 572/528/566 554/527/566
f 538/530/571 556/531/571 555/526/570
f 555/526/570 537/525/570 538/530/571
f 539/532/572 557/533/572 556/534/571
f 556/534/571 538/535/571 539/532/572
f 540/536/340 558/537/340 557/533/572
f 557/533/572 539/532/572 540/536/340
f 541/538/573 559/539/573 558/537/340
f 558/537/340 540/536/340 541/538/573
f 542/540/574 560/541/574 559/539/573
f 559/539/573 541/538/573 542/540/574
f 543/525/575 561/526/575 560/531/574
f 560/531/574 542/530/574 543/525/575
f 544/529/308 562/527/308 561/526/575
f 573/528/308 544/529/308 561/526/575
f 543/525/575 573/528/308 561/526/575
f 564/542/627 563/543/628 554/527/628
f 554/527/628 555/526/629 564/542/627
f 565/544/630 564/542/627 555/526/629
f 555/526/629 556/531/631 565/544/630
f 566/545/632 565/546/630 556/534/631
f 556/534/631 557/533/633 566/545/632
f 567/547/634 566/545/632 557/533/633
f 557/533/633 558/537/634 567/547/634
f 568/548/635 567/547/634 558/537/634
f 558/537/634 559/539/636 568/548/635
f 569/549/637 568/548/635 559/539/636
f 559/539/636 560/541/638 569/549/637
f 570/542/639 569/544/637 560/531/638
f 560/531/638 561/526/640 570/542/639
f 571/543/641 570/542/639 561/526/640
f 561/526/640 562/527/641 571/543/641
f 546/550/570 545/551/566 563/543/566
f 563/543/566 564/542/570 546/550/570
f 547/552/571 546/550/570 564/542/570
f 564/542/570 565/544/571 547/552/571
f 548/553/572 547/554/571 565/546/571
f 565/546/571 566/545/572 548/553/572
f 549/555/340 548/553/572 566/545/572
f 566/545/572 567/547/340 549/555/340
f 550/556/573 549/555/340 567/547/340
f 567/547/340 568/548/573 550/556/573
f 551/557/574 550/556/573 568/548/573
f 568/548/573 569/549/574 551/557/574
f 552/550/575 551/552/574 569/544/574
f 569/544/574 570/542/575 552/550/575
f 553/551/308 552/550/575 570/542/575
f 570/542/575 571/543/308 553/551/308
f 543/558/70 542/540/70 541/538/70
f 541/538/70 540/536/70 539/532/70
f 539/532/70 538/535/70 537/559/70
f 541/538/70 539/532/70 537/559/70
f 543/558/70 541/538/70 537/559/70
f 543/558/70 537/559/70 572/559/70
f 573/558/70 543/558/70 572/559/70
f 44/1/1 43/4/4 575/560/642
f 575/560/642 574/561/643 44/1/1
f 43/4/4 45/6/6 576/562/644
f 576/562/644 575/560/642 43/4/4
f 45/7/6 46/10/8 577/563/645
f 577/563/645 576/564/644 45/7/6
f 577/563/645 46/10/8 47/12/10
f 577/563/645 47/12/10 601/565/80
f 577/563/645 601/565/80 606/566/80
f 577/563/645 606/566/80 578/567/80
f 53/30/23 54/32/25 580/568/646
f 632/569/647 53/30/23 580/568/646
f 579/570/95 632/569/647 580/568/646
f 580/568/646 54/32/25 55/34/27
f 55/34/27 581/571/648 580/568/646
f 581/572/648 55/26/27 56/35/29
f 56/35/29 582/573/649 581/572/648
f 582/573/649 56/35/29 44/1/1
f 44/1/1 574/561/643 582/573/649
s 0
f 99/574/650 112/575/650 584/576/650
f 584/576/651 583/577/651 99/574/651
f 112/575/652 111/578/652 585/577/652
f 585/577/653 584/576/653 112/575/653
f 111/578/654 110/579/654 586/98/654
f 586/98/655 585/577/655 111/578/655
f 110/579/656 109/580/656 587/97/656
f 587/97/657 586/98/657 110/579/657
f 109/580/95 108/581/95 588/118/95
f 588/118/658 587/97/658 109/580/658
f 604/582/95 579/583/95 589/101/95
f 605/584/95 604/582/95 589/101/95
f 610/585/95 605/584/95 589/101/95
f 613/586/95 610/585/95 589/101/95
f 617/587/95 613/586/95 589/101/95
f 621/588/95 617/587/95 589/101/95
f 625/589/95 621/588/95 589/101/95
f 108/581/95 625/589/95 589/101/95
f 108/581/95 589/101/95 588/118/95
f 579/583/658 580/590/658 590/100/658
f 590/100/659 589/101/659 579/583/659
f 580/590/660 581/591/660 591/99/660
f 591/99/661 590/100/661 580/590/661
f 581/591/662 582/592/662 592/593/662
f 592/593/663 591/99/663 581/591/663
f 582/592/664 574/594/664 593/595/664
f 593/595/665 592/593/665 582/592/665
f 574/594/666 575/596/666 594/593/666
f 594/593/667 593/595/667 574/594/667
f 575/596/668 576/591/668 595/99/668
f 595/99/669 594/593/669 575/596/669
f 576/591/670 577/590/670 596/100/670
f 596/100/671 595/99/671 576/591/671
f 577/590/80 578/583/80 597/101/80
f 597/101/672 596/100/672 577/590/672
f 626/597/80 102/598/80 598/102/80
f 622/599/80 626/597/80 598/102/80
f 618/600/80 622/599/80 598/102/80
f 614/601/80 618/600/80 598/102/80
f 609/602/80 614/601/80 598/102/80
f 578/583/80 609/602/80 598/102/80
f 578/583/80 598/102/80 597/101/80
f 102/598/672 101/603/672 599/97/672
f 599/97/80 598/102/80 102/598/80
f 101/603/673 100/604/673 600/98/673
f 600/98/674 599/97/674 101/603/674
f 100/604/675 99/574/675 583/577/675
f 583/577/676 600/98/676 100/604/676
s 1
f 636/605/677 637/606/678 638/607/679
f 638/607/679 635/608/680 636/605/677
f 635/608/680 638/607/679 639/609/681
f 635/608/680 639/609/681 633/610/682
f 635/608/680 633/610/682 634/611/683
f 607/108/85 602/107/84 603/612/684
f 603/612/684 608/613/685 607/108/85
f 608/613/685 603/612/684 604/614/686
f 604/614/686 605/615/687 608/613/685
f 640/616/688 641/617/689 642/618/690
f 642/618/690 645/619/691 640/616/688
f 645/619/691 642/618/690 643/620/692
f 643/620/692 644/621/693 645/619/691
f 615/110/87 611/109/86 612/622/694
f 612/622/694 616/623/695 615/110/87
f 616/623/695 612/622/694 610/624/696
f 610/624/696 613/625/697 616/623/695
f 646/626/698 647/627/699 648/628/700
f 648/628/700 651/629/701 646/626/698
f 651/629/701 648/628/700 649/630/702
f 649/630/702 650/631/703 651/629/701
f 623/112/89 619/111/88 620/632/704
f 620/632/704 624/633/705 623/112/89
f 624/633/705 620/632/704 617/634/706
f 617/634/706 621/635/707 624/633/705
f 652/636/708 653/637/709 654/638/710
f 654/638/710 657/639/711 652/636/708
f 657/639/711 654/638/710 655/640/712
f 655/640/712 656/641/713 657/639/711
f 630/106/83 51/23/19 52/26/21
f 52/26/21 631/642/714 630/106/83
f 631/642/714 52/26/21 53/643/23
f 53/643/23 632/644/647 631/642/714
s 0
f 579/645/715 604/646/715 634/647/715
f 634/647/716 633/648/716 579/645/716
f 604/649/717 603/650/717 635/651/717
f 635/651/718 634/652/718 604/649/718
f 603/650/719 602/653/719 636/654/719
f 636/654/720 635/651/720 603/650/720
f 602/655/721 630/656/721 637/657/721
f 637/657/721 636/658/721 602/655/721
f 630/659/722 631/660/722 638/661/722
f 638/661/723 637/662/723 630/659/723
f 631/660/724 632/663/724 639/664/724
f 639/664/725 638/661/725 631/660/725
f 632/665/715 579/645/715 633/648/715
f 633/648/716 639/666/716 632/665/716
f 611/667/726 607/668/726 641/669/726
f 641/669/727 640/670/727 611/667/727
f 607/671/728 608/672/728 642/673/728
f 642/673/729 641/674/729 607/671/729
f 608/672/730 605/675/730 643/676/730
f 643/676/731 642/673/731 608/672/731
f 605/677/732 610/678/732 644/679/732
f 644/679/733 643/680/733 605/677/733
f 610/681/734 612/682/734 645/683/734
f 645/683/735 644/684/735 610/681/735
f 612/682/736 611/685/736 640/686/736
f 640/686/737 645/683/737 612/682/737
f 619/687/738 615/688/738 647/689/738
f 647/689/738 646/690/738 619/687/738
f 615/691/739 616/692/739 648/693/739
f 648/693/740 647/694/740 615/691/740
f 616/692/741 613/695/741 649/696/741
f 649/696/742 648/693/742 616/692/742
f 613/697/743 617/698/743 650/699/743
f 650/699/744 649/700/744 613/697/744
f 617/701/745 620/702/745 651/703/745
f 651/703/746 650/704/746 617/701/746
f 620/702/747 619/705/747 646/706/747
f 646/706/748 651/703/748 620/702/748
f 627/707/749 623/708/749 653/709/749
f 653/709/749 652/710/749 627/707/749
f 623/711/750 624/712/750 654/713/750
f 654/713/751 653/714/751 623/711/751
f 624/712/752 621/715/752 655/716/752
f 655/716/753 654/713/753 624/712/753
f 621/717/754 625/718/754 656/719/754
f 656/719/755 655/720/755 621/717/755
f 625/721/756 628/722/756 657/723/756
f 657/723/757 656/724/757 625/721/757
f 628/722/758 627/725/758 652/726/758
f 652/726/759 657/723/759 628/722/759
s 1
f 662/727/760 661/728/761 660/729/762
f 663/730/763 662/727/760 660/729/762
f 664/731/764 663/730/763 660/729/762
f 665/732/765 664/731/764 660/729/762
f 666/733/766 665/732/765 660/729/762
f 667/734/767 666/733/766 660/729/762
f 668/735/768 667/734/767 660/729/762
f 669/736/769 668/735/768 660/729/762
f 658/737/770 669/736/769 660/729/762
f 658/737/770 660/729/762 659/738/771
f 658/737/770 670/739/772 671/740/773
f 671/740/773 669/736/769 658/737/770
f 670/739/772 672/741/774 673/742/775
f 673/742/775 671/740/773 670/739/772
f 674/743/776 677/744/777 676/745/778
f 676/745/778 675/746/779 674/743/776
f 677/744/777 680/747/780 679/748/781
f 677/744/777 679/748/781 678/749/782
f 677/744/777 678/749/782 676/745/778
f 664/731/764 682/750/783 681/751/784
f 681/751/784 663/730/763 664/731/764
f 682/750/783 684/752/785 683/753/786
f 683/753/786 681/751/784 682/750/783
f 685/754/787 688/755/788 687/756/789
f 687/756/789 686/757/790 685/754/787
f 688/755/788 690/758/791 689/759/792
f 689/759/792 687/756/789 688/755/788
f 666/733/766 692/760/793 691/761/794
f 691/761/794 665/732/765 666/733/766
f 692/760/793 694/762/795 693/763/796
f 693/763/796 691/761/794 692/760/793
f 695/764/797 698/765/798 697/766/799
f 697/766/799 696/767/800 695/764/797
f 698/765/798 700/768/801 699/769/802
f 699/769/802 697/766/799 698/765/798
f 668/735/768 702/770/803 701/771/804
f 701/771/804 667/734/767 668/735/768
f 702/770/803 704/772/805 703/773/806
f 703/773/806 701/771/804 702/770/803
f 705/774/807 708/775/808 707/776/809
f 707/776/809 706/777/810 705/774/807
f 708/775/808 710/778/811 709/779/812
f 709/779/812 707/776/809 708/775/808
f 662/727/760 712/780/813 711/781/814
f 711/781/814 661/728/761 662/727/760
f 712/780/813 714/782/815 713/783/816
f 713/783/816 711/781/814 712/780/813
s 0
f 715/784/817 679/785/817 680/786/817
f 680/786/818 683/787/818 715/784/818
f 683/788/819 680/789/819 677/790/819
f 677/790/820 681/791/820 683/788/820
f 681/791/821 677/790/821 674/792/821
f 674/792/822 663/793/822 681/791/822
f 663/794/823 674/795/823 675/796/823
f 675/796/823 662/797/823 663/794/823
f 662/798/824 675/799/824 676/800/824
f 676/800/825 712/801/825 662/798/825
f 712/801/826 676/800/826 678/802/826
f 678/802/827 714/803/827 712/801/827
f 714/804/817 678/805/817 679/785/817
f 679/785/817 715/784/817 714/804/817
f 665/806/828 685/807/828 686/808/828
f 686/808/828 664/809/828 665/806/828
f 664/810/829 686/811/829 687/812/829
f 687/812/830 682/813/830 664/810/830
f 682/813/831 687/812/831 689/814/831
f 689/814/832 684/815/832 682/813/832
f 684/816/833 689/817/833 690/818/833
f 690/818/834 693/819/834 684/816/834
f 693/820/835 690/821/835 688/822/835
f 688/822/836 691/823/836 693/820/836
f 691/823/837 688/822/837 685/824/837
f 685/824/838 665/825/838 691/823/838
f 667/826/839 695/827/839 696/828/839
f 696/828/839 666/829/839 667/826/839
f 666/830/840 696/831/840 697/832/840
f 697/832/841 692/833/841 666/830/841
f 692/833/842 697/832/842 699/834/842
f 699/834/843 694/835/843 692/833/843
f 694/836/844 699/837/844 700/838/844
f 700/838/845 703/839/845 694/836/845
f 703/840/846 700/841/846 698/842/846
f 698/842/847 701/843/847 703/840/847
f 701/843/848 698/842/848 695/844/848
f 695/844/849 667/845/849 701/843/849
f 669/846/850 705/847/850 706/848/850
f 706/848/850 668/849/850 669/846/850
f 668/850/851 706/851/851 707/852/851
f 707/852/852 702/853/852 668/850/852
f 702/853/853 707/852/853 709/854/853
f 709/854/854 704/855/854 702/853/854
f 704/856/855 709/857/855 710/858/855
f 710/858/856 673/859/856 704/856/856
f 673/860/857 710/861/857 708/862/857
f 708/862/858 671/863/858 673/860/858
f 671/863/859 708/862/859 705/864/859
f 705/864/860 669/865/860 671/863/860
s 1
f 57/866/145 58/867/144 717/868/861
f 717/868/861 716/869/862 57/866/145
f 58/867/144 59/870/147 718/871/863
f 718/871/863 717/868/861 58/867/144
f 838/872/151 60/873/150 719/874/864
f 719/874/864 837/875/865 838/872/151
f 60/873/150 61/876/153 720/877/866
f 720/877/866 719/874/864 60/873/150
f 61/876/153 851/878/155 852/879/867
f 852/879/867 720/877/866 61/876/153
f 62/171/156 63/173/159 722/880/868
f 722/880/868 721/881/869 62/171/156
f 63/173/159 1497/882/160 1498/883/870
f 1498/883/870 722/880/868 63/173/159
f 1520/884/871 1521/885/872 1522/886/873
f 1522/886/873 723/887/874 1520/884/871
f 65/185/164 66/184/167 725/888/875
f 725/888/875 724/889/876 65/185/164
f 868/878/171 67/890/170 726/877/877
f 726/877/877 867/879/878 868/878/171
f 67/890/170 68/891/173 727/892/879
f 727/892/879 726/877/877 67/890/170
f 68/891/173 881/893/175 882/875/880
f 882/875/880 727/892/879 68/891/173
f 69/894/176 70/895/179 729/896/881
f 729/896/881 728/897/882 69/894/176
f 70/895/179 57/866/145 716/869/862
f 716/869/862 729/896/881 70/895/179
f 716/869/862 717/868/861 731/898/883
f 731/898/883 730/899/884 716/869/862
f 731/898/883 717/868/861 718/871/863
f 718/871/863 732/900/885 731/898/883
f 836/901/886 837/902/865 719/903/864
f 719/903/864 733/904/887 836/901/886
f 719/903/864 720/905/866 734/906/888
f 734/906/888 733/904/887 719/903/864
f 734/906/888 720/905/866 852/907/867
f 852/907/867 853/908/889 734/906/888
f 735/909/890 721/881/869 722/880/868
f 722/880/868 736/910/891 735/909/890
f 722/880/868 1498/883/870 1499/911/892
f 1499/911/892 736/910/891 722/880/868
f 723/887/874 1522/886/873 1523/912/893
f 1523/912/893 737/913/894 723/887/874
f 724/889/876 725/888/875 739/914/895
f 739/914/895 738/915/896 724/889/876
f 867/916/878 726/905/877 740/906/897
f 740/906/897 866/917/898 867/916/878
f 726/905/877 727/903/879 741/904/899
f 741/904/899 740/906/897 726/905/877
f 727/903/879 882/902/880 883/901/900
f 883/901/900 741/904/899 727/903/879
f 728/897/882 729/896/881 743/918/901
f 743/918/901 742/919/902 728/897/882
f 729/896/881 716/869/862 730/899/884
f 730/899/884 743/918/901 729/896/881
f 730/899/884 731/898/883 745/920/903
f 745/920/903 744/921/904 730/899/884
f 731/898/883 732/900/885 746/922/905
f 746/922/905 745/920/903 731/898/883
f 836/901/886 733/904/887 747/923/906
f 747/923/906 835/924/907 836/901/886
f 733/904/887 734/906/888 748/925/908
f 748/925/908 747/923/906 733/904/887
f 734/906/888 853/908/889 854/926/909
f 854/926/909 748/925/908 734/906/888
f 735/909/890 736/910/891 750/927/910
f 750/927/910 749/928/911 735/909/890
f 736/910/891 1499/911/892 1500/929/912
f 1500/929/912 750/927/910 736/910/891
f 737/913/894 1523/912/893 1524/930/913
f 1524/930/913 751/931/51 737/913/894
f 738/915/896 739/914/895 753/932/914
f 753/932/914 752/933/915 738/915/896
f 866/917/898 740/906/897 754/925/916
f 754/925/916 865/926/917 866/917/898
f 740/906/897 741/904/899 755/934/918
f 755/934/918 754/925/916 740/906/897
f 741/904/899 883/901/900 884/924/919
f 884/924/919 755/934/918 741/904/899
f 742/919/902 743/918/901 757/935/920
f 757/935/920 756/936/921 742/919/902
f 743/918/901 730/899/884 744/921/904
f 744/921/904 757/935/920 743/918/901
f 744/937/904 745/927/903 759/124/103
f 759/124/103 758/123/102 744/937/904
f 745/927/903 746/938/905 760/125/104
f 760/125/104 759/124/103 745/927/903
f 835/924/907 747/923/906 761/127/106
f 761/127/106 834/126/105 835/924/907
f 747/923/906 748/925/908 762/128/107
f 762/128/107 761/127/106 747/923/906
f 762/128/107 748/925/908 854/926/909
f 854/926/909 855/129/108 762/128/107
f 763/125/109 749/928/911 750/927/910
f 750/927/910 764/124/110 763/125/109
f 750/927/910 1500/929/912 1501/939/922
f 1501/939/922 764/124/110 750/927/910
f 751/931/51 1524/930/913 1525/940/923
f 1525/940/923 765/131/112 751/931/51
f 752/933/915 753/932/914 767/134/115
f 767/134/115 766/133/114 752/933/915
f 865/926/917 754/925/916 768/128/117
f 768/128/117 864/129/116 865/926/917
f 754/925/916 755/934/918 769/127/118
f 769/127/118 768/128/117 754/925/916
f 755/934/918 884/924/919 885/135/119
f 885/135/119 769/127/118 755/934/918
f 756/941/921 757/933/920 771/133/121
f 771/133/121 770/134/120 756/941/921
f 757/933/920 744/937/904 758/123/102
f 758/123/102 771/133/121 757/933/920
s 0
f 73/41/924 17/40/924 773/942/924
f 773/942/925 772/943/925 73/41/925
f 17/40/926 760/125/926 774/944/926
f 774/944/927 773/942/927 17/40/927
f 760/125/928 746/938/928 775/945/928
f 775/945/929 774/944/929 760/125/929
f 746/938/930 732/946/930 776/947/930
f 776/947/931 775/945/931 746/938/931
f 732/946/932 718/881/932 777/948/932
f 777/948/933 776/947/933 732/946/933
f 718/881/934 59/162/934 778/949/934
f 778/949/935 777/948/935 718/881/935
f 59/162/936 113/214/936 779/950/936
f 779/950/937 778/949/937 59/162/937
f 113/214/938 131/215/938 780/951/938
f 780/951/939 779/950/939 113/214/939
f 131/215/940 125/231/940 781/952/940
f 781/952/941 780/951/941 131/215/941
f 125/231/942 155/230/942 782/953/942
f 782/953/943 781/952/943 125/231/943
f 155/230/944 151/216/944 783/954/944
f 783/954/945 782/953/945 155/230/945
f 151/216/946 141/955/946 784/956/946
f 784/956/947 783/954/947 151/216/947
f 141/955/948 142/955/948 785/956/948
f 785/956/948 784/956/948 141/955/948
f 142/955/949 147/216/949 786/954/949
f 786/954/950 785/956/950 142/955/950
f 147/216/951 163/230/951 787/953/951
f 787/953/952 786/954/952 147/216/952
f 163/230/953 126/231/953 788/952/953
f 788/952/954 787/953/954 163/230/954
f 126/231/955 139/215/955 789/951/955
f 789/951/956 788/952/956 126/231/956
f 139/215/957 114/214/957 790/957/957
f 790/957/958 789/951/958 139/215/958
f 114/214/959 62/171/959 791/958/959
f 791/958/960 790/957/960 114/214/960
f 62/171/961 721/881/961 792/959/961
f 792/959/962 791/958/962 62/171/962
f 721/881/963 735/909/963 793/960/963
f 793/960/964 792/959/964 721/881/964
f 735/909/965 749/928/965 794/961/965
f 794/961/966 793/960/966 735/909/966
f 749/928/967 763/125/967 795/962/967
f 795/962/968 794/961/968 749/928/968
f 763/125/969 20/40/969 796/963/969
f 796/963/970 795/962/970 763/125/970
f 20/40/971 76/41/971 797/964/971
f 797/964/972 796/963/972 20/40/972
f 76/41/973 34/147/973 798/965/973
f 798/965/974 797/964/974 76/41/974
f 34/966/975 33/967/975 799/968/975
f 799/968/976 798/969/976 34/966/976
f 33/970/977 32/971/977 800/972/977
f 800/972/977 799/973/977 33/970/977
f 32/974/978 31/975/978 801/976/978
f 801/976/979 800/977/979 32/974/979
f 31/147/980 73/41/980 772/943/980
f 772/943/981 801/965/981 31/147/981
f 80/59/982 24/58/982 803/978/982
f 803/978/983 802/979/983 80/59/983
f 24/58/984 767/134/984 804/980/984
f 804/980/985 803/978/985 24/58/985
f 767/134/986 753/932/986 805/981/986
f 805/981/987 804/980/987 767/134/987
f 753/932/988 739/914/988 806/982/988
f 806/982/989 805/981/989 753/932/989
f 739/914/990 725/888/990 807/983/990
f 807/983/991 806/982/991 739/914/991
f 725/888/992 66/184/992 808/984/992
f 808/984/993 807/983/993 725/888/993
f 66/184/994 115/217/994 809/985/994
f 809/985/995 808/984/995 66/184/995
f 115/217/996 132/218/996 810/986/996
f 810/986/997 809/985/997 115/217/997
f 132/218/998 127/233/998 811/987/998
f 811/987/999 810/986/999 132/218/999
f 127/233/1000 156/232/1000 812/988/1000
f 812/988/1001 811/987/1001 127/233/1001
f 156/232/1002 152/219/1002 813/989/1002
f 813/989/1003 812/988/1003 156/232/1003
f 152/219/1004 144/990/1004 814/991/1004
f 814/991/1005 813/989/1005 152/219/1005
f 144/990/1006 145/990/1006 815/991/1006
f 815/991/1007 814/991/1007 144/990/1007
f 145/990/1008 148/219/1008 816/989/1008
f 816/989/1009 815/991/1009 145/990/1009
f 148/219/1010 164/232/1010 817/988/1010
f 817/988/1011 816/989/1011 148/219/1011
f 164/232/1012 128/233/1012 818/987/1012
f 818/987/1013 817/988/1013 164/232/1013
f 128/233/1014 140/218/1014 819/986/1014
f 819/986/1015 818/987/1015 128/233/1015
f 140/218/1016 116/217/1016 820/992/1016
f 820/992/1017 819/986/1017 140/218/1017
f 116/217/1018 69/184/1018 821/993/1018
f 821/993/1019 820/992/1019 116/217/1019
f 69/184/1020 728/888/1020 822/994/1020
f 822/994/1021 821/993/1021 69/184/1021
f 728/888/1022 742/995/1022 823/996/1022
f 823/996/1023 822/994/1023 728/888/1023
f 742/995/1024 756/941/1024 824/997/1024
f 824/997/1025 823/996/1025 742/995/1025
f 756/941/1026 770/134/1026 825/998/1026
f 825/998/1027 824/997/1027 756/941/1027
f 770/134/1028 27/58/1028 826/999/1028
f 826/999/1029 825/998/1029 770/134/1029
f 27/58/1030 83/59/1030 827/1000/1030
f 827/1000/1031 826/999/1031 27/58/1031
f 83/59/1032 41/152/1032 828/1001/1032
f 828/1001/1033 827/1000/1033 83/59/1033
f 41/1002/1034 40/1003/1034 829/1004/1034
f 829/1004/1035 828/1005/1035 41/1002/1035
f 40/1006/1036 39/1007/1036 830/1008/1036
f 830/1008/1036 829/1009/1036 40/1006/1036
f 39/1010/1037 38/1011/1037 831/1012/1037
f 831/1012/1038 830/1013/1038 39/1010/1038
f 38/152/1039 80/59/1039 802/979/1039
f 802/979/1040 831/1001/1040 38/152/1040
f 772/1014/1041 773/1015/1041 833/1016/1041
f 833/1016/1041 832/1017/1041 772/1014/1041
f 773/1015/1042 774/1018/1042 834/1019/1042
f 834/1019/1042 833/1016/1042 773/1015/1042
f 774/1018/1043 775/1020/1043 835/1021/1043
f 835/1021/1043 834/1019/1043 774/1018/1043
f 775/1020/1044 776/1022/1044 836/1023/1044
f 836/1023/1044 835/1021/1044 775/1020/1044
f 776/1022/1045 777/1024/1045 837/1025/1045
f 837/1025/1045 836/1023/1045 776/1022/1045
f 777/1024/1046 778/1026/1046 838/1027/1046
f 838/1027/1046 837/1025/1046 777/1024/1046
f 778/1026/1047 779/1028/1047 839/1029/1047
f 839/1029/1047 838/1027/1047 778/1026/1047
f 779/1028/1048 780/1030/1048 840/1031/1048
f 840/1031/1048 839/1029/1048 779/1028/1048
f 780/1030/1049 781/1032/1049 841/1033/1049
f 841/1033/1049 840/1031/1049 780/1030/1049
f 781/1032/1050 782/1034/1050 842/1035/1050
f 842/1035/1050 841/1033/1050 781/1032/1050
f 843/1036/1051 842/1035/1051 782/1034/1051
f 782/1034/1052 783/1037/1052 843/1036/1052
f 783/1038/1053 784/1039/1053 844/1040/1053
f 844/1040/1054 843/1041/1054 783/1038/1054
f 784/1039/71 785/1042/71 845/1043/71
f 845/1043/71 844/1040/71 784/1039/71
f 846/1044/1055 845/1043/1055 785/1042/1055
f 785/1042/1056 786/1045/1056 846/1044/1056
f 786/1046/1057 787/1047/1057 847/1048/1057
f 847/1048/1058 846/1049/1058 786/1046/1058
f 787/1047/1059 788/1050/1059 848/1051/1059
f 848/1051/1059 847/1048/1059 787/1047/1059
f 788/1050/1060 789/1052/1060 849/1053/1060
f 849/1053/1060 848/1051/1060 788/1050/1060
f 789/1052/1061 790/1054/1061 850/1055/1061
f 850/1055/1061 849/1053/1061 789/1052/1061
f 851/1056/1062 850/1055/1062 790/1054/1062
f 790/1054/1062 791/1057/1062 851/1056/1062
f 852/1058/1063 851/1056/1063 791/1057/1063
f 791/1057/1063 792/1059/1063 852/1058/1063
f 792/1059/1064 793/1060/1064 853/1061/1064
f 853/1061/1064 852/1058/1064 792/1059/1064
f 854/1062/1065 853/1061/1065 793/1060/1065
f 793/1060/1065 794/1063/1065 854/1062/1065
f 794/1063/1066 795/1064/1066 855/1065/1066
f 855/1065/1066 854/1062/1066 794/1063/1066
f 795/1064/1067 796/1066/1067 856/1067/1067
f 856/1067/1067 855/1065/1067 795/1064/1067
f 857/1068/1068 856/1067/1068 796/1066/1068
f 796/1066/1068 797/1069/1068 857/1068/1068
f 858/1070/1069 857/1068/1069 797/1069/1069
f 797/1069/1069 798/976/1069 858/1070/1069
f 798/1071/1070 799/1072/1070 859/1073/1070
f 859/1073/1070 858/1074/1070 798/1071/1070
f 799/1072/70 800/1075/70 860/1076/70
f 860/1076/70 859/1073/70 799/1072/70
f 800/1075/1071 801/1077/1071 861/1078/1071
f 861/1078/1071 860/1076/1071 800/1075/1071
f 801/969/1072 772/1014/1072 832/1017/1072
f 832/1017/1072 861/1079/1072 801/969/1072
f 802/1080/1068 803/1081/1068 863/1082/1068
f 863/1082/1068 862/1083/1068 802/1080/1068
f 803/1081/1067 804/1084/1067 864/1085/1067
f 864/1085/1067 863/1082/1067 803/1081/1067
f 804/1084/1066 805/1086/1066 865/1087/1066
f 865/1087/1066 864/1085/1066 804/1084/1066
f 805/1086/1065 806/1088/1065 866/1089/1065
f 866/1089/1065 865/1087/1065 805/1086/1065
f 806/1088/1064 807/1090/1064 867/1091/1064
f 867/1091/1064 866/1089/1064 806/1088/1064
f 807/1090/1063 808/1092/1063 868/1093/1063
f 868/1093/1063 867/1091/1063 807/1090/1063
f 808/1092/1062 809/1094/1062 869/1095/1062
f 869/1095/1062 868/1093/1062 808/1092/1062
f 809/1094/1061 810/1096/1061 870/1097/1061
f 870/1097/1061 869/1095/1061 809/1094/1061
f 810/1096/1060 811/1098/1060 871/1099/1060
f 871/1099/1060 870/1097/1060 810/1096/1060
f 811/1098/1059 812/1100/1059 872/1101/1059
f 872/1101/1059 871/1099/1059 811/1098/1059
f 873/1102/1057 872/1101/1057 812/1100/1057
f 812/1100/1058 813/1103/1058 873/1102/1058
f 813/1104/1055 814/1105/1055 874/1106/1055
f 874/1106/1056 873/1107/1056 813/1104/1056
f 814/1105/71 815/1108/71 875/1109/71
f 875/1109/71 874/1106/71 814/1105/71
f 876/1110/1053 875/1109/1053 815/1108/1053
f 815/1108/1054 816/1111/1054 876/1110/1054
f 816/1112/1051 817/1113/1051 877/1114/1051
f 877/1114/1052 876/1115/1052 816/1112/1052
f 817/1113/1050 818/1116/1050 878/1117/1050
f 878/1117/1050 877/1114/1050 817/1113/1050
f 818/1116/1049 819/1118/1049 879/1119/1049
f 879/1119/1049 878/1117/1049 818/1116/1049
f 819/1118/1048 820/1120/1048 880/1121/1048
f 880/1121/1048 879/1119/1048 819/1118/1048
f 881/1122/1047 880/1121/1047 820/1120/1047
f 820/1120/1047 821/1123/1047 881/1122/1047
f 882/1124/1046 881/1122/1046 821/1123/1046
f 821/1123/1046 822/1125/1046 882/1124/1046
f 822/1125/1045 823/1126/1045 883/1127/1045
f 883/1127/1045 882/1124/1045 822/1125/1045
f 884/1128/1044 883/1127/1044 823/1126/1044
f 823/1126/1044 824/1129/1044 884/1128/1044
f 824/1129/1043 825/1130/1043 885/1131/1043
f 885/1131/1043 884/1128/1043 824/1129/1043
f 825/1130/1042 826/1132/1042 886/1133/1042
f 886/1133/1042 885/1131/1042 825/1130/1042
f 887/1134/1041 886/1133/1041 826/1132/1041
f 826/1132/1041 827/1135/1041 887/1134/1041
f 888/1136/1072 887/1134/1072 827/1135/1072
f 827/1135/1072 828/1012/1072 888/1136/1072
f 828/1137/1071 829/1138/1071 889/1139/1071
f 889/1139/1071 888/1140/1071 828/1137/1071
f 829/1138/70 830/1141/70 890/1142/70
f 890/1142/70 889/1139/70 829/1138/70
f 830/1141/1070 831/1143/1070 891/1144/1070
f 891/1144/1070 890/1142/1070 830/1141/1070
f 831/1005/1069 802/1080/1069 862/1083/1069
f 862/1083/1069 891/1145/1069 831/1005/1069
s 1
f 892/1146/1073 893/1147/1074 897/1148/1075
f 897/1148/1075 896/1149/1073 892/1146/1073
f 893/1147/1074 894/1150/1076 898/1151/1076
f 898/1151/1076 897/1148/1075 893/1147/1074
f 894/1150/1076 895/1152/1077 899/1153/1077
f 899/1153/1077 898/1151/1076 894/1150/1076
f 900/1154/308 901/1155/308 899/1153/1077
f 899/1153/1077 895/1152/1077 900/1154/308
f 895/1156/70 894/1157/70 893/1158/70
f 893/1158/70 892/1159/70 902/1160/70
f 895/1156/70 893/1158/70 902/1160/70
f 900/1161/70 895/1156/70 902/1160/70
f 897/1158/71 898/1157/71 899/1156/71
f 899/1156/71 901/1161/71 903/1162/71
f 897/1158/71 899/1156/71 903/1162/71
f 896/1159/71 897/1158/71 903/1162/71
f 904/1146/1078 908/1149/1078 909/1148/1079
f 909/1148/1079 905/1147/1080 904/1146/1078
f 905/1147/1080 909/1148/1079 910/1151/1081
f 910/1151/1081 906/1150/1081 905/1147/1080
f 906/1150/1081 910/1151/1081 911/1153/1082
f 911/1153/1082 907/1152/1082 906/1150/1081
f 912/1154/566 907/1152/1082 911/1153/1082
f 911/1153/1082 913/1155/566 912/1154/566
f 914/1163/70 904/1164/70 905/1165/70
f 905/1165/70 906/1166/70 907/1167/70
f 914/1163/70 905/1165/70 907/1167/70
f 912/1168/70 914/1163/70 907/1167/70
f 915/1163/71 913/1168/71 911/1167/71
f 911/1167/71 910/1166/71 909/1165/71
f 915/1163/71 911/1167/71 909/1165/71
f 908/1164/71 915/1163/71 909/1165/71
f 916/1169/1083 918/1170/1084 919/1171/1084
f 919/1171/1084 917/1172/1085 916/1169/1083
f 929/1173/340 930/1174/340 931/1175/340
f 931/1175/340 928/1176/340 929/1173/340
f 917/1172/1085 936/1177/1086 937/1178/1087
f 937/1178/1087 916/1169/1083 917/1172/1085
f 941/1179/71 942/1180/71 947/1181/71
f 947/1181/71 940/1182/71 941/1179/71
f 918/1170/1084 939/1183/1088 938/1184/1088
f 938/1184/1088 919/1171/1084 918/1170/1084
f 927/1185/340 926/1186/340 925/1187/340
f 925/1187/340 924/1188/340 927/1185/340
f 932/1189/340 933/1190/340 934/1191/340
f 934/1191/340 935/1192/340 932/1189/340
s 0
f 920/1193/1089 921/1194/1089 929/1195/1089
f 929/1195/1089 928/1196/1089 920/1193/1089
f 921/1197/1090 924/1198/1090 930/1199/1090
f 930/1199/1090 929/1200/1090 921/1197/1090
f 924/1201/1091 925/1202/1091 931/1203/1091
f 931/1203/1091 930/1204/1091 924/1201/1091
f 925/1187/1092 920/1205/1092 928/1206/1092
f 928/1206/1092 931/1207/1092 925/1187/1092
f 923/1208/1093 922/1209/1093 933/1210/1093
f 933/1210/1093 932/1211/1093 923/1208/1093
f 922/1212/1092 926/1213/1092 934/1214/1092
f 934/1214/1092 933/1215/1092 922/1212/1092
f 926/1193/1094 927/1194/1094 935/1195/1094
f 935/1195/1094 934/1196/1094 926/1193/1094
f 927/1216/1090 923/1217/1090 932/1218/1090
f 932/1218/1090 935/1219/1090 927/1216/1090
s 1
f 921/1220/308 920/1221/308 937/1222/308
f 937/1222/308 936/1223/308 921/1220/308
f 961/1224/71 962/1225/71 963/1226/71
f 961/1224/71 963/1226/71 964/1227/71
f 961/1224/71 964/1227/71 965/1228/71
f 961/1224/71 965/1228/71 960/1229/71
f 922/1230/566 923/1231/566 938/1232/1088
f 938/1232/1088 939/1233/1088 922/1230/566
s 0
f 917/1234/1095 919/1235/1095 941/1179/1095
f 941/1179/1095 940/1182/1095 917/1234/1095
f 919/1235/1096 938/1236/1096 942/1180/1096
f 942/1180/1097 941/1179/1097 919/1235/1097
f 938/1236/1098 923/1217/1098 943/1237/1098
f 943/1237/1098 942/1180/1098 938/1236/1098
f 923/1238/1090 927/1185/1090 944/1239/1090
f 944/1239/1090 943/1240/1090 923/1238/1090
f 927/1216/1090 924/1198/1090 945/1241/1090
f 945/1241/1090 944/1242/1090 927/1216/1090
f 924/1198/1090 921/1197/1090 946/1243/1090
f 946/1243/1090 945/1241/1090 924/1198/1090
f 921/1197/1099 936/1244/1099 947/1181/1099
f 947/1181/1099 946/1243/1099 921/1197/1099
f 936/1244/1100 917/1234/1100 940/1182/1100
f 940/1182/1101 947/1181/1101 936/1244/1101
f 947/1245/1102 942/1246/1102 949/1247/1102
f 949/1247/1102 948/1248/1102 947/1245/1102
f 942/1249/1103 943/1250/1103 950/1251/1103
f 950/1251/1103 949/1252/1103 942/1249/1103
f 943/1240/1104 944/1239/1104 951/1253/1104
f 951/1253/1104 950/1254/1104 943/1240/1104
f 944/1239/1104 945/1255/1104 952/1256/1104
f 952/1256/1104 951/1253/1104 944/1239/1104
f 945/1255/1104 946/1257/1104 953/1258/1104
f 953/1258/1104 952/1256/1104 945/1255/1104
f 946/1259/1105 947/1260/1105 948/1261/1105
f 948/1261/1105 953/1262/1105 946/1259/1105
f 948/1263/71 949/1264/71 955/1265/71
f 955/1265/71 954/1266/71 948/1263/71
f 949/1264/71 950/1267/71 956/1268/71
f 956/1268/71 955/1265/71 949/1264/71
f 950/1267/71 951/1269/71 957/1270/71
f 957/1270/71 956/1268/71 950/1267/71
f 951/1269/71 952/1271/71 958/1272/71
f 958/1272/71 957/1270/71 951/1269/71
f 952/1271/71 953/1273/71 959/1274/71
f 959/1274/71 958/1272/71 952/1271/71
f 953/1273/71 948/1263/71 954/1266/71
f 954/1266/71 959/1274/71 953/1273/71
f 954/1275/340 955/1276/340 961/1277/340
f 961/1277/340 960/1278/340 954/1275/340
f 955/1279/308 956/1280/308 962/1281/308
f 962/1281/308 961/1282/308 955/1279/308
f 956/1283/347 957/1284/347 963/1285/347
f 963/1285/347 962/1286/347 956/1283/347
f 957/1284/347 958/1287/347 964/1288/347
f 964/1288/347 963/1285/347 957/1284/347
f 958/1287/347 959/1289/347 965/1290/347
f 965/1290/347 964/1288/347 958/1287/347
f 959/1291/566 954/1292/566 960/1293/566
f 960/1293/566 965/1294/566 959/1291/566
s 1
f 966/1295/1106 967/1296/1107 969/1297/1108
f 966/1295/1106 969/1297/1108 974/1298/1109
f 966/1295/1106 974/1298/1109 976/1299/1110
f 966/1295/1106 976/1299/1110 968/1300/1111
f 970/1301/1112 972/1302/1113 977/1303/1114
f 970/1301/1112 977/1303/1114 975/1304/1115
f 970/1301/1112 975/1304/1115 973/1305/1116
f 970/1301/1112 973/1305/1116 971/1306/1117
f 966/1307/1118 970/1308/1118 971/1309/1118
f 971/1309/1118 967/1310/1118 966/1307/1118
f 967/1311/70 971/1312/70 973/1313/70
f 973/1313/70 969/1314/70 967/1311/70
f 974/1315/1119 969/1316/1119 973/1317/1119
f 973/1317/1119 975/1318/1119 974/1315/1119
f 981/1319/1120 980/1320/1120 979/1321/1120
f 979/1321/1120 978/1322/1120 981/1319/1120
f 968/1323/1119 976/1324/1119 977/1325/1119
f 977/1325/1119 972/1326/1119 968/1323/1119
s 0
f 977/1303/1121 978/1327/1121 979/1328/1121
f 979/1328/1122 975/1304/1122 977/1303/1122
f 975/1318/1123 979/1321/1123 980/1320/1123
f 980/1320/1123 974/1315/1123 975/1318/1123
f 974/1298/1124 980/1329/1124 981/1330/1124
f 981/1330/1125 976/1299/1125 974/1298/1125
f 976/1331/1126 981/1332/1126 978/1333/1126
f 978/1333/1126 977/1334/1126 976/1331/1126
s 1
f 982/1335/1127 984/1336/1111 992/1337/1128
f 982/1335/1127 992/1337/1128 990/1338/1129
f 982/1335/1127 990/1338/1129 985/1339/1130
f 982/1335/1127 985/1339/1130 983/1340/1107
f 986/1341/1131 987/1342/1117 989/1343/1132
f 986/1341/1131 989/1343/1132 991/1344/1133
f 986/1341/1131 991/1344/1133 993/1345/1134
f 986/1341/1131 993/1345/1134 988/1346/1113
f 982/1347/1135 983/1348/1135 987/1349/1135
f 987/1349/1135 986/1350/1135 982/1347/1135
f 983/1351/70 985/1352/70 989/1353/70
f 989/1353/70 987/1354/70 983/1351/70
f 990/1355/1136 991/1356/1136 989/1357/1136
f 989/1357/1136 985/1358/1136 990/1355/1136
f 997/1359/1137 994/1360/1137 995/1361/1137
f 995/1361/1137 996/1362/1137 997/1359/1137
f 984/1363/1136 988/1364/1136 993/1365/1136
f 993/1365/1136 992/1366/1136 984/1363/1136
s 0
f 993/1345/1138 991/1344/1138 995/1367/1138
f 995/1367/1139 994/1368/1139 993/1345/1139
f 991/1356/1140 990/1355/1140 996/1362/1140
f 996/1362/1140 995/1361/1140 991/1356/1140
f 990/1338/1141 992/1337/1141 997/1369/1141
f 997/1369/1142 996/1370/1142 990/1338/1142
f 992/1371/1143 993/1372/1143 994/1373/1143
f 994/1373/1143 997/1374/1143 992/1371/1143
s 1
f 1055/1375/1144 1054/1376/1145 1002/1377/1146
f 1002/1377/1146 998/1378/1147 1055/1375/1144
f 999/1379/71 1000/1380/71 1004/1381/71
f 1004/1381/71 1003/1382/71 999/1379/71
f 1057/1383/1148 1056/1384/1149 1004/1385/1150
f 1004/1385/1150 1000/1386/1151 1057/1383/1148
f 1001/1387/70 998/1388/70 1002/1389/70
f 1002/1389/70 1005/1390/70 1001/1387/70
f 1054/1376/1145 1058/1391/1152 1006/1392/1153
f 1006/1392/1153 1002/1377/1146 1054/1376/1145
f 1003/1382/71 1004/1381/71 1008/1393/71
f 1008/1393/71 1007/1394/71 1003/1382/71
f 1056/1384/1149 1059/1395/1154 1008/1396/1155
f 1008/1396/1155 1004/1385/1150 1056/1384/1149
f 1005/1390/70 1002/1389/70 1006/1397/70
f 1006/1397/70 1009/1398/70 1005/1390/70
f 1058/1399/1152 1060/1400/1156 1010/1401/1157
f 1010/1401/1157 1006/1402/1153 1058/1399/1152
f 1007/1394/71 1008/1393/71 1012/1403/71
f 1012/1403/71 1011/1404/71 1007/1394/71
f 1059/1405/1154 1061/1406/1158 1012/1407/1159
f 1012/1407/1159 1008/1408/1155 1059/1405/1154
f 1009/1398/70 1006/1397/70 1010/1409/70
f 1010/1409/70 1013/1410/70 1009/1398/70
f 1060/1400/1156 1062/1411/1160 1014/1412/1161
f 1014/1412/1161 1010/1401/1157 1060/1400/1156
f 1011/1404/71 1012/1403/71 1016/1413/71
f 1016/1413/71 1015/1414/71 1011/1404/71
f 1061/1406/1158 1063/1415/1162 1016/1416/1163
f 1016/1416/1163 1012/1407/1159 1061/1406/1158
f 1013/1410/70 1010/1409/70 1014/1417/70
f 1014/1417/70 1017/1418/70 1013/1410/70
f 1062/1411/1160 1064/1419/1164 1018/1420/1165
f 1018/1420/1165 1014/1412/1161 1062/1411/1160
f 1015/1414/71 1016/1413/71 1020/1421/71
f 1020/1421/71 1019/1422/71 1015/1414/71
f 1063/1415/1162 1065/1423/1166 1020/1424/1167
f 1020/1424/1167 1016/1416/1163 1063/1415/1162
f 1017/1418/70 1014/1417/70 1018/1425/70
f 1018/1425/70 1021/1426/70 1017/1418/70
f 1064/1427/1164 1066/1428/1168 1022/1429/1169
f 1022/1429/1169 1018/1430/1165 1064/1427/1164
f 1019/1422/71 1020/1421/71 1024/1431/71
f 1024/1431/71 1023/1432/71 1019/1422/71
f 1065/1433/1166 1067/1434/1170 1024/1435/1171
f 1024/1435/1171 1020/1436/1167 1065/1433/1166
f 1021/1426/70 1018/1425/70 1022/1437/70
f 1022/1437/70 1025/1438/70 1021/1426/70
f 1066/1428/1168 1068/1383/1172 1026/1439/1173
f 1026/1439/1173 1022/1429/1169 1066/1428/1168
f 1023/1432/71 1024/1431/71 1028/1440/71
f 1028/1440/71 1027/1441/71 1023/1432/71
f 1067/1434/1170 1069/1375/1174 1028/1442/1175
f 1028/1442/1175 1024/1435/1171 1067/1434/1170
f 1025/1438/70 1022/1437/70 1026/1443/70
f 1026/1443/70 1029/1444/70 1025/1438/70
f 1068/1383/1172 1070/1445/1176 1030/1446/1177
f 1030/1446/1177 1026/1439/1173 1068/1383/1172
f 1027/1441/71 1028/1440/71 1032/1447/71
f 1032/1447/71 1031/1448/71 1027/1441/71
f 1069/1375/1174 1071/1449/1178 1032/1450/1179
f 1032/1450/1179 1028/1442/1175 1069/1375/1174
f 1029/1444/70 1026/1443/70 1030/1451/70
f 1030/1451/70 1033/1452/70 1029/1444/70
f 1070/1445/1176 1072/1453/1180 1034/1454/1181
f 1034/1454/1181 1030/1446/1177 1070/1445/1176
f 1031/1448/71 1032/1447/71 1036/1455/71
f 1036/1455/71 1035/1456/71 1031/1448/71
f 1071/1449/1178 1073/1457/1182 1036/1458/1183
f 1036/1458/1183 1032/1450/1179 1071/1449/1178
f 1033/1452/70 1030/1451/70 1034/1459/70
f 1034/1459/70 1037/1460/70 1033/1452/70
f 1072/1461/1180 1074/1462/1184 1038/1463/1185
f 1038/1463/1185 1034/1464/1181 1072/1461/1180
f 1035/1456/71 1036/1455/71 1040/1465/71
f 1040/1465/71 1039/1466/71 1035/1456/71
f 1073/1467/1182 1075/1468/1186 1040/1469/1187
f 1040/1469/1187 1036/1470/1183 1073/1467/1182
f 1037/1460/70 1034/1459/70 1038/1471/70
f 1038/1471/70 1041/1472/70 1037/1460/70
f 1074/1462/1184 1076/1473/1188 1042/1474/1189
f 1042/1474/1189 1038/1463/1185 1074/1462/1184
f 1039/1466/71 1040/1465/71 1044/1475/71
f 1044/1475/71 1043/1476/71 1039/1466/71
f 1075/1468/1186 1077/1477/1190 1044/1478/1191
f 1044/1478/1191 1040/1469/1187 1075/1468/1186
f 1041/1472/70 1038/1471/70 1042/1479/70
f 1042/1479/70 1045/1480/70 1041/1472/70
f 1076/1473/1188 1078/1481/1192 1046/1482/1193
f 1046/1482/1193 1042/1474/1189 1076/1473/1188
f 1043/1476/71 1044/1475/71 1048/1483/71
f 1048/1483/71 1047/1484/71 1043/1476/71
f 1077/1477/1190 1079/1485/1194 1048/1486/1195
f 1048/1486/1195 1044/1478/1191 1077/1477/1190
f 1045/1480/70 1042/1479/70 1046/1487/70
f 1046/1487/70 1049/1488/70 1045/1480/70
f 1078/1489/1192 1080/1490/1196 1050/1491/1197
f 1050/1491/1197 1046/1492/1193 1078/1489/1192
f 1047/1484/71 1048/1483/71 1052/1493/71
f 1052/1493/71 1051/1494/71 1047/1484/71
f 1079/1495/1194 1081/1496/1198 1052/1497/1199
f 1052/1497/1199 1048/1498/1195 1079/1495/1194
f 1049/1488/70 1046/1487/70 1050/1499/70
f 1050/1499/70 1053/1500/70 1049/1488/70
f 1080/1490/1196 1055/1375/1144 998/1378/1147
f 998/1378/1147 1050/1491/1197 1080/1490/1196
f 1051/1494/71 1052/1493/71 1000/1380/71
f 1000/1380/71 999/1379/71 1051/1494/71
f 1081/1496/1198 1057/1383/1148 1000/1386/1151
f 1000/1386/1151 1052/1497/1199 1081/1496/1198
f 1053/1500/70 1050/1499/70 998/1388/70
f 998/1388/70 1001/1387/70 1053/1500/70
f 999/1442/1200 1003/1501/1201 1054/1376/1145
f 1054/1376/1145 1055/1375/1144 999/1442/1200
f 1001/1439/1202 1005/1502/1203 1056/1384/1149
f 1056/1384/1149 1057/1383/1148 1001/1439/1202
f 1003/1501/1201 1007/1503/1204 1058/1391/1152
f 1058/1391/1152 1054/1376/1145 1003/1501/1201
f 1005/1502/1203 1009/1504/1205 1059/1395/1154
f 1059/1395/1154 1056/1384/1149 1005/1502/1203
f 1007/1505/1204 1011/1506/1206 1060/1400/1156
f 1060/1400/1156 1058/1399/1152 1007/1505/1204
f 1009/1507/1205 1013/1508/1207 1061/1406/1158
f 1061/1406/1158 1059/1405/1154 1009/1507/1205
f 1011/1506/1206 1015/1509/1208 1062/1411/1160
f 1062/1411/1160 1060/1400/1156 1011/1506/1206
f 1013/1508/1207 1017/1510/1209 1063/1415/1162
f 1063/1415/1162 1061/1406/1158 1013/1508/1207
f 1015/1509/1208 1019/1511/1210 1064/1419/1164
f 1064/1419/1164 1062/1411/1160 1015/1509/1208
f 1017/1510/1209 1021/1512/1211 1065/1423/1166
f 1065/1423/1166 1063/1415/1162 1017/1510/1209
f 1019/1513/1210 1023/1514/1212 1066/1428/1168
f 1066/1428/1168 1064/1427/1164 1019/1513/1210
f 1021/1515/1211 1025/1516/1213 1067/1434/1170
f 1067/1434/1170 1065/1433/1166 1021/1515/1211
f 1023/1514/1212 1027/1386/1214 1068/1383/1172
f 1068/1383/1172 1066/1428/1168 1023/1514/1212
f 1025/1516/1213 1029/1378/1215 1069/1375/1174
f 1069/1375/1174 1067/1434/1170 1025/1516/1213
f 1027/1386/1214 1031/1517/1216 1070/1445/1176
f 1070/1445/1176 1068/1383/1172 1027/1386/1214
f 1029/1378/1215 1033/1518/1217 1071/1449/1178
f 1071/1449/1178 1069/1375/1174 1029/1378/1215
f 1031/1517/1216 1035/1519/1218 1072/1453/1180
f 1072/1453/1180 1070/1445/1176 1031/1517/1216
f 1033/1518/1217 1037/1520/1219 1073/1457/1182
f 1073/1457/1182 1071/1449/1178 1033/1518/1217
f 1035/1521/1218 1039/1522/1220 1074/1462/1184
f 1074/1462/1184 1072/1461/1180 1035/1521/1218
f 1037/1523/1219 1041/1524/1221 1075/1468/1186
f 1075/1468/1186 1073/1467/1182 1037/1523/1219
f 1039/1522/1220 1043/1525/1222 1076/1473/1188
f 1076/1473/1188 1074/1462/1184 1039/1522/1220
f 1041/1524/1221 1045/1526/1223 1077/1477/1190
f 1077/1477/1190 1075/1468/1186 1041/1524/1221
f 1043/1525/1222 1047/1527/1224 1078/1481/1192
f 1078/1481/1192 1076/1473/1188 1043/1525/1222
f 1045/1526/1223 1049/1528/1225 1079/1485/1194
f 1079/1485/1194 1077/1477/1190 1045/1526/1223
f 1047/1529/1224 1051/1530/1226 1080/1490/1196
f 1080/1490/1196 1078/1489/1192 1047/1529/1224
f 1049/1531/1225 1053/1532/1227 1081/1496/1198
f 1081/1496/1198 1079/1495/1194 1049/1531/1225
f 1051/1530/1226 999/1442/1200 1055/1375/1144
f 1055/1375/1144 1080/1490/1196 1051/1530/1226
f 1053/1532/1227 1001/1439/1202 1057/1383/1148
f 1057/1383/1148 1081/1496/1198 1053/1532/1227
f 1082/1533/566 1083/1534/566 1087/1535/1228
f 1087/1535/1228 1086/1536/1228 1082/1533/566
f 1083/1537/71 1084/1538/71 1088/1539/71
f 1088/1539/71 1087/1540/71 1083/1537/71
f 1084/1541/308 1085/1542/308 1089/1543/1229
f 1089/1543/1229 1088/1544/1229 1084/1541/308
f 1085/1545/70 1082/1546/70 1086/1547/70
f 1086/1547/70 1089/1548/70 1085/1545/70
f 1086/1536/1228 1087/1535/1228 1091/1549/1230
f 1091/1549/1230 1090/1550/1230 1086/1536/1228
f 1087/1540/71 1088/1539/71 1092/1551/71
f 1092/1551/71 1091/1552/71 1087/1540/71
f 1088/1544/1229 1089/1543/1229 1093/1553/1231
f 1093/1553/1231 1092/1554/1231 1088/1544/1229
f 1089/1548/70 1086/1547/70 1090/1555/70
f 1090/1555/70 1093/1556/70 1089/1548/70
f 1090/1557/1230 1091/1558/1230 1095/1559/1232
f 1095/1559/1232 1094/1560/1232 1090/1557/1230
f 1091/1552/71 1092/1551/71 1096/1561/71
f 1096/1561/71 1095/1562/71 1091/1552/71
f 1092/1563/1231 1093/1564/1231 1097/1565/1233
f 1097/1565/1233 1096/1566/1233 1092/1563/1231
f 1093/1556/70 1090/1555/70 1094/1567/70
f 1094/1567/70 1097/1568/70 1093/1556/70
f 1094/1560/1232 1095/1559/1232 1099/1569/1234
f 1099/1569/1234 1098/1570/1234 1094/1560/1232
f 1095/1562/71 1096/1561/71 1100/1571/71
f 1100/1571/71 1099/1572/71 1095/1562/71
f 1096/1566/1233 1097/1565/1233 1101/1573/1235
f 1101/1573/1235 1100/1574/1235 1096/1566/1233
f 1097/1568/70 1094/1567/70 1098/1575/70
f 1098/1575/70 1101/1576/70 1097/1568/70
f 1098/1570/1234 1099/1569/1234 1103/1577/1236
f 1103/1577/1236 1102/1578/1236 1098/1570/1234
f 1099/1572/71 1100/1571/71 1104/1579/71
f 1104/1579/71 1103/1580/71 1099/1572/71
f 1100/1574/1235 1101/1573/1235 1105/1581/1237
f 1105/1581/1237 1104/1582/1237 1100/1574/1235
f 1101/1576/70 1098/1575/70 1102/1583/70
f 1102/1583/70 1105/1584/70 1101/1576/70
f 1102/1585/1236 1103/1586/1236 1107/1587/1238
f 1107/1587/1238 1106/1588/1238 1102/1585/1236
f 1103/1580/71 1104/1579/71 1108/1589/71
f 1108/1589/71 1107/1590/71 1103/1580/71
f 1104/1591/1237 1105/1592/1237 1109/1593/1239
f 1109/1593/1239 1108/1594/1239 1104/1591/1237
f 1105/1584/70 1102/1583/70 1106/1595/70
f 1106/1595/70 1109/1596/70 1105/1584/70
f 1106/1588/1238 1107/1587/1238 1111/1541/308
f 1111/1541/308 1110/1542/308 1106/1588/1238
f 1107/1590/71 1108/1589/71 1112/1597/71
f 1112/1597/71 1111/1598/71 1107/1590/71
f 1108/1594/1239 1109/1593/1239 1113/1533/566
f 1113/1533/566 1112/1534/566 1108/1594/1239
f 1109/1596/70 1106/1595/70 1110/1599/70
f 1110/1599/70 1113/1600/70 1109/1596/70
f 1110/1542/308 1111/1541/308 1115/1601/1229
f 1115/1601/1229 1114/1602/1229 1110/1542/308
f 1111/1598/71 1112/1597/71 1116/1603/71
f 1116/1603/71 1115/1604/71 1111/1598/71
f 1112/1534/566 1113/1533/566 1117/1605/1228
f 1117/1605/1228 1116/1606/1228 1112/1534/566
f 1113/1600/70 1110/1599/70 1114/1607/70
f 1114/1607/70 1117/1608/70 1113/1600/70
f 1114/1602/1229 1115/1601/1229 1119/1609/1231
f 1119/1609/1231 1118/1610/1231 1114/1602/1229
f 1115/1604/71 1116/1603/71 1120/1611/71
f 1120/1611/71 1119/1612/71 1115/1604/71
f 1116/1606/1228 1117/1605/1228 1121/1613/1230
f 1121/1613/1230 1120/1614/1230 1116/1606/1228
f 1117/1608/70 1114/1607/70 1118/1615/70
f 1118/1615/70 1121/1616/70 1117/1608/70
f 1118/1617/1231 1119/1618/1231 1123/1619/1233
f 1123/1619/1233 1122/1620/1233 1118/1617/1231
f 1119/1612/71 1120/1611/71 1124/1621/71
f 1124/1621/71 1123/1622/71 1119/1612/71
f 1120/1623/1230 1121/1624/1230 1125/1625/1232
f 1125/1625/1232 1124/1626/1232 1120/1623/1230
f 1121/1616/70 1118/1615/70 1122/1627/70
f 1122/1627/70 1125/1628/70 1121/1616/70
f 1122/1620/1233 1123/1619/1233 1127/1629/1235
f 1127/1629/1235 1126/1630/1235 1122/1620/1233
f 1123/1622/71 1124/1621/71 1128/1631/71
f 1128/1631/71 1127/1632/71 1123/1622/71
f 1124/1626/1232 1125/1625/1232 1129/1633/1234
f 1129/1633/1234 1128/1634/1234 1124/1626/1232
f 1125/1628/70 1122/1627/70 1126/1635/70
f 1126/1635/70 1129/1636/70 1125/1628/70
f 1126/1630/1235 1127/1629/1235 1131/1637/1237
f 1131/1637/1237 1130/1638/1237 1126/1630/1235
f 1127/1632/71 1128/1631/71 1132/1639/71
f 1132/1639/71 1131/1640/71 1127/1632/71
f 1128/1634/1234 1129/1633/1234 1133/1641/1236
f 1133/1641/1236 1132/1642/1236 1128/1634/1234
f 1129/1636/70 1126/1635/70 1130/1643/70
f 1130/1643/70 1133/1644/70 1129/1636/70
f 1130/1645/1237 1131/1646/1237 1135/1647/1239
f 1135/1647/1239 1134/1648/1239 1130/1645/1237
f 1131/1640/71 1132/1639/71 1136/1649/71
f 1136/1649/71 1135/1650/71 1131/1640/71
f 1132/1651/1236 1133/1652/1236 1137/1653/1238
f 1137/1653/1238 1136/1654/1238 1132/1651/1236
f 1133/1644/70 1130/1643/70 1134/1655/70
f 1134/1655/70 1137/1656/70 1133/1644/70
f 1134/1648/1239 1135/1647/1239 1083/1534/566
f 1083/1534/566 1082/1533/566 1134/1648/1239
f 1135/1650/71 1136/1649/71 1084/1538/71
f 1084/1538/71 1083/1537/71 1135/1650/71
f 1136/1654/1238 1137/1653/1238 1085/1542/308
f 1085/1542/308 1084/1541/308 1136/1654/1238
f 1137/1656/70 1134/1655/70 1082/1546/70
f 1082/1546/70 1085/1545/70 1137/1656/70
f 1138/1657/308 1140/1658/308 1141/1659/308
f 1141/1659/308 1139/1660/308 1138/1657/308
f 1142/1661/566 1143/1662/566 1145/1663/566
f 1145/1663/566 1144/1664/566 1142/1661/566
f 1138/1665/347 1139/1666/347 1143/1667/347
f 1143/1667/347 1142/1668/347 1138/1665/347
f 1139/1669/70 1141/1670/70 1145/1671/70
f 1145/1671/70 1143/1672/70 1139/1669/70
f 1141/1673/340 1140/1674/340 1144/1675/340
f 1144/1675/340 1145/1676/340 1141/1673/340
f 1146/1657/308 1148/1658/308 1149/1659/308
f 1149/1659/308 1147/1660/308 1146/1657/308
f 1150/1661/566 1151/1662/566 1153/1663/566
f 1153/1663/566 1152/1664/566 1150/1661/566
f 1146/1677/347 1147/1678/347 1151/1679/347
f 1151/1679/347 1150/1680/347 1146/1677/347
f 1147/1681/70 1149/1682/70 1153/1683/70
f 1153/1683/70 1151/1684/70 1147/1681/70
f 1149/1685/340 1148/1686/340 1152/1687/340
f 1152/1687/340 1153/1688/340 1149/1685/340
f 1154/1689/1240 1156/1690/1240 1157/1691/1240
f 1157/1691/1240 1155/1692/1240 1154/1689/1240
f 1158/1693/1241 1159/1694/1241 1161/1695/1241
f 1161/1695/1241 1160/1696/1241 1158/1693/1241
f 1155/1697/71 1157/1698/71 1161/1699/71
f 1161/1699/71 1159/1700/71 1155/1697/71
f 1157/1701/1242 1156/1702/1242 1160/1703/1242
f 1160/1703/1242 1161/1704/1242 1157/1701/1242
f 1162/1705/347 1164/1706/347 1165/1707/347
f 1165/1707/347 1163/1708/347 1162/1705/347
f 1166/1709/340 1167/1710/340 1169/1711/340
f 1169/1711/340 1168/1712/340 1166/1709/340
f 1162/1713/308 1163/1714/308 1167/1715/308
f 1167/1715/308 1166/1716/308 1162/1713/308
f 1163/1717/71 1165/1718/71 1169/1719/71
f 1169/1719/71 1167/1720/71 1163/1717/71
f 1165/1721/566 1164/1722/566 1168/1723/566
f 1168/1723/566 1169/1724/566 1165/1721/566
f 1174/1725/71 1175/1726/71 1177/1727/71
f 1177/1727/71 1176/1728/71 1174/1725/71
f 1170/1729/308 1171/1730/308 1175/1731/308
f 1175/1731/308 1174/1732/308 1170/1729/308
f 1171/1733/347 1173/1734/347 1177/1735/347
f 1177/1735/347 1175/1736/347 1171/1733/347
f 1173/1737/566 1172/1738/566 1176/1739/566
f 1176/1739/566 1177/1740/566 1173/1737/566
f 1172/1741/340 1170/1742/340 1174/1743/340
f 1174/1743/340 1176/1744/340 1172/1741/340
f 1182/1745/71 1183/1746/71 1185/1747/71
f 1185/1747/71 1184/1748/71 1182/1745/71
f 1178/1749/308 1179/1750/308 1183/1751/308
f 1183/1751/308 1182/1752/308 1178/1749/308
f 1179/1733/347 1181/1734/347 1185/1735/347
f 1185/1735/347 1183/1736/347 1179/1733/347
f 1181/1753/566 1180/1754/566 1184/1755/566
f 1184/1755/566 1185/1756/566 1181/1753/566
f 1180/1741/340 1178/1742/340 1182/1743/340
f 1182/1743/340 1184/1744/340 1180/1741/340
f 1186/1757/347 1187/1758/1243 1197/1759/1243
f 1197/1759/1243 1196/1760/347 1186/1757/347
f 1187/1761/1243 1188/1762/1244 1198/1763/1244
f 1198/1763/1244 1197/1764/1243 1187/1761/1243
f 1188/1762/1244 1189/1765/1245 1199/1766/1245
f 1199/1766/1245 1198/1763/1244 1188/1762/1244
f 1189/1765/1245 1190/1767/1246 1200/1768/1246
f 1200/1768/1246 1199/1766/1245 1189/1765/1245
f 1190/1769/1246 1191/1770/340 1201/1771/340
f 1201/1771/340 1200/1772/1246 1190/1769/1246
f 1191/1770/340 1192/1773/1247 1202/1774/1247
f 1202/1774/1247 1201/1771/340 1191/1770/340
f 1192/1775/1247 1193/1776/1248 1203/1777/1248
f 1203/1777/1248 1202/1778/1247 1192/1775/1247
f 1193/1776/1248 1194/1779/1249 1204/1780/1249
f 1204/1780/1249 1203/1777/1248 1193/1776/1248
f 1194/1779/1249 1195/1781/1250 1205/1782/1250
f 1205/1782/1250 1204/1780/1249 1194/1779/1249
f 1195/1783/1250 1186/1757/347 1196/1760/347
f 1196/1760/347 1205/1784/1250 1195/1783/1250
f 1197/1785/71 1198/1786/71 1199/1787/71
f 1199/1787/71 1200/1788/71 1201/1789/71
f 1201/1789/71 1202/1790/71 1203/1791/71
f 1203/1791/71 1204/1792/71 1205/1793/71
f 1201/1789/71 1203/1791/71 1205/1793/71
f 1199/1787/71 1201/1789/71 1205/1793/71
f 1197/1785/71 1199/1787/71 1205/1793/71
f 1196/1794/71 1197/1785/71 1205/1793/71
f 1206/1795/1240 1209/1796/1240 1208/1797/1240
f 1208/1797/1240 1207/1798/1240 1206/1795/1240
f 1210/1799/1241 1213/1800/1241 1212/1801/1241
f 1212/1801/1241 1211/1802/1241 1210/1799/1241
f 1209/1803/71 1211/1804/71 1212/1805/71
f 1212/1805/71 1208/1806/71 1209/1803/71
f 1208/1807/1251 1212/1808/1251 1213/1809/1251
f 1213/1809/1251 1207/1810/1251 1208/1807/1251
f 1214/1811/347 1217/1812/347 1216/1813/347
f 1216/1813/347 1215/1814/347 1214/1811/347
f 1218/1815/340 1221/1816/340 1220/1817/340
f 1220/1817/340 1219/1818/340 1218/1815/340
f 1214/1722/566 1218/1723/566 1219/1724/566
f 1219/1724/566 1217/1721/566 1214/1722/566
f 1217/1819/71 1219/1820/71 1220/1821/71
f 1220/1821/71 1216/1822/71 1217/1819/71
f 1216/1714/308 1220/1715/308 1221/1716/308
f 1221/1716/308 1215/1713/308 1216/1714/308
f 1222/1823/71 1225/1824/71 1224/1825/71
f 1224/1825/71 1223/1826/71 1222/1823/71
f 1226/1738/566 1222/1739/566 1223/1740/566
f 1223/1740/566 1227/1737/566 1226/1738/566
f 1227/1827/347 1223/1828/347 1224/1829/347
f 1224/1829/347 1228/1830/347 1227/1827/347
f 1228/1730/308 1224/1731/308 1225/1732/308
f 1225/1732/308 1229/1729/308 1228/1730/308
f 1229/1831/340 1225/1832/340 1222/1833/340
f 1222/1833/340 1226/1834/340 1229/1831/340
f 1230/1835/71 1233/1836/71 1232/1837/71
f 1232/1837/71 1231/1838/71 1230/1835/71
f 1234/1754/566 1230/1755/566 1231/1756/566
f 1231/1756/566 1235/1753/566 1234/1754/566
f 1235/1827/347 1231/1828/347 1232/1829/347
f 1232/1829/347 1236/1830/347 1235/1827/347
f 1236/1750/308 1232/1751/308 1233/1752/308
f 1233/1752/308 1237/1749/308 1236/1750/308
f 1237/1831/340 1233/1832/340 1230/1833/340
f 1230/1833/340 1234/1834/340 1237/1831/340
f 1238/1839/347 1241/1840/347 1240/1841/1250
f 1240/1841/1250 1239/1842/1250 1238/1839/347
f 1239/1781/1250 1240/1782/1250 1243/1843/1249
f 1243/1843/1249 1242/1844/1249 1239/1781/1250
f 1242/1844/1249 1243/1843/1249 1245/1777/1248
f 1245/1777/1248 1244/1776/1248 1242/1844/1249
f 1244/1776/1248 1245/1777/1248 1247/1845/1247
f 1247/1845/1247 1246/1846/1247 1244/1776/1248
f 1246/1847/1247 1247/1848/1247 1249/1849/340
f 1249/1849/340 1248/1850/340 1246/1847/1247
f 1248/1850/340 1249/1849/340 1251/1851/1246
f 1251/1851/1246 1250/1852/1246 1248/1850/340
f 1250/1853/1246 1251/1854/1246 1253/1766/1245
f 1253/1766/1245 1252/1765/1245 1250/1853/1246
f 1252/1765/1245 1253/1766/1245 1255/1855/1244
f 1255/1855/1244 1254/1856/1244 1252/1765/1245
f 1254/1856/1244 1255/1855/1244 1257/1764/1243
f 1257/1764/1243 1256/1761/1243 1254/1856/1244
f 1256/1857/1243 1257/1858/1243 1241/1840/347
f 1241/1840/347 1238/1839/347 1256/1857/1243
f 1257/1859/71 1255/1860/71 1253/1861/71
f 1253/1861/71 1251/1862/71 1249/1863/71
f 1257/1859/71 1253/1861/71 1249/1863/71
f 1249/1863/71 1247/1864/71 1245/1865/71
f 1257/1859/71 1249/1863/71 1245/1865/71
f 1245/1865/71 1243/1866/71 1240/1867/71
f 1257/1859/71 1245/1865/71 1240/1867/71
f 1241/1868/71 1257/1859/71 1240/1867/71
f 1258/1869/1252 1259/1870/1253 1269/1871/1254
f 1269/1871/1254 1268/1872/1252 1258/1869/1252
f 1259/1873/1253 1260/1874/1255 1270/1875/1255
f 1270/1875/1255 1269/1876/1254 1259/1873/1253
f 1260/1874/1255 1261/1877/1256 1271/1878/1256
f 1271/1878/1256 1270/1875/1255 1260/1874/1255
f 1261/1877/1256 1262/1879/1257 1272/1880/1258
f 1272/1880/1258 1271/1878/1256 1261/1877/1256
f 1262/1881/1257 1263/1882/1259 1273/1883/1259
f 1273/1883/1259 1272/1884/1258 1262/1881/1257
f 1263/1882/1259 1264/1885/1260 1274/1886/1261
f 1274/1886/1261 1273/1883/1259 1263/1882/1259
f 1264/1887/1260 1265/1888/1262 1275/1889/1262
f 1275/1889/1262 1274/1890/1261 1264/1887/1260
f 1265/1888/1262 1266/1891/1263 1276/1892/1263
f 1276/1892/1263 1275/1889/1262 1265/1888/1262
f 1266/1891/1263 1267/1893/1264 1277/1894/1265
f 1277/1894/1265 1276/1892/1263 1266/1891/1263
f 1267/1895/1264 1258/1869/1252 1268/1872/1252
f 1268/1872/1252 1277/1896/1265 1267/1895/1264
f 1269/1897/340 1270/1898/340 1271/1899/340
f 1271/1899/340 1272/1900/340 1273/1901/340
f 1273/1901/340 1274/1902/340 1275/1903/340
f 1275/1903/340 1276/1904/340 1277/1905/340
f 1273/1901/340 1275/1903/340 1277/1905/340
f 1271/1899/340 1273/1901/340 1277/1905/340
f 1269/1897/340 1271/1899/340 1277/1905/340
f 1268/1906/340 1269/1897/340 1277/1905/340
f 1280/1907/1266 1290/1908/1267 1292/1909/1268
f 1292/1909/1268 1278/1910/1269 1280/1907/1266
f 1291/1911/1270 1293/1912/1271 1284/1913/1272
f 1284/1913/1272 1282/1914/1273 1291/1911/1270
f 1279/1915/1274 1281/1916/1275 1285/1917/1276
f 1285/1917/1276 1283/1918/1277 1279/1915/1274
f 1286/1919/340 1289/1920/1278 1285/1917/1276
f 1285/1917/1276 1281/1916/1275 1286/1919/340
f 1280/1921/1279 1278/1922/1279 1282/1923/1279
f 1282/1923/1279 1284/1924/1279 1280/1921/1279
f 1281/1925/1280 1279/1926/1281 1287/1927/1282
f 1287/1927/1282 1286/1928/1283 1281/1925/1280
f 1283/1929/1277 1285/1930/1276 1289/1931/1278
f 1289/1931/1278 1288/1932/1284 1283/1929/1277
f 1290/1933/340 1293/1934/340 1289/1920/1278
f 1289/1920/1278 1286/1919/340 1290/1933/340
f 1286/1928/1283 1287/1927/1282 1292/1909/1268
f 1292/1909/1268 1290/1908/1267 1286/1928/1283
f 1288/1932/1284 1289/1931/1278 1293/1912/1271
f 1293/1912/1271 1291/1911/1270 1288/1932/1284
f 1280/1935/340 1284/1936/340 1293/1934/340
f 1293/1934/340 1290/1933/340 1280/1935/340
f 1294/1937/1285 1296/1938/1285 1297/1939/1285
f 1297/1939/1285 1295/1940/1285 1294/1937/1285
f 1298/1941/1286 1299/1942/1286 1301/1943/1286
f 1301/1943/1286 1300/1944/1286 1298/1941/1286
f 1295/1945/1287 1297/1946/1287 1301/1947/1287
f 1301/1947/1287 1299/1948/1287 1295/1945/1287
f 1297/1949/340 1296/1950/340 1300/1951/340
f 1300/1951/340 1301/1952/340 1297/1949/340
f 1296/1953/1288 1294/1954/1288 1298/1955/1288
f 1298/1955/1288 1300/1956/1288 1296/1953/1288
f 1314/1957/1289 1316/1958/1290 1303/1959/1291
f 1303/1959/1291 1302/1960/1291 1314/1957/1289
f 1307/1959/1292 1315/1958/1293 1317/1957/1294
f 1317/1957/1294 1306/1960/1292 1307/1959/1292
f 1307/1961/347 1306/1962/347 1302/1963/347
f 1302/1963/347 1303/1964/347 1307/1961/347
f 1316/1965/1295 1315/1966/1295 1307/1967/1295
f 1307/1967/1295 1303/1968/1295 1316/1965/1295
f 1567/1969/1296 1564/1970/1296 1565/1971/1296
f 1565/1971/1296 1566/1972/1296 1567/1969/1296
f 1304/1973/1297 1305/1974/1298 1311/1975/1299
f 1304/1973/1297 1311/1975/1299 1319/1976/1300
f 1310/1977/1301 1304/1973/1297 1319/1976/1300
f 1309/1974/1302 1308/1973/1303 1313/1977/1304
f 1309/1974/1302 1313/1977/1304 1320/1976/1305
f 1312/1975/1306 1309/1974/1302 1320/1976/1305
f 1305/1978/70 1309/1979/70 1312/1980/70
f 1312/1980/70 1311/1981/70 1305/1978/70
f 1314/1982/1307 1317/1983/1307 1313/1984/71
f 1313/1984/71 1310/1985/71 1314/1982/1307
f 1310/1977/1301 1319/1976/1300 1318/1986/1308
f 1310/1977/1301 1318/1986/1308 1316/1958/1290
f 1314/1957/1289 1310/1977/1301 1316/1958/1290
f 1321/1986/1309 1320/1976/1305 1313/1977/1304
f 1321/1986/1309 1313/1977/1304 1317/1957/1294
f 1315/1958/1293 1321/1986/1309 1317/1957/1294
f 1318/1987/1310 1321/1988/1310 1315/1989/1311
f 1315/1989/1311 1316/1990/1311 1318/1987/1310
f 1302/1991/1312 1306/1992/1312 1317/1983/1307
f 1317/1983/1307 1314/1982/1307 1302/1991/1312
f 1319/1976/1300 1311/1975/1299 1318/1986/1308
f 1321/1986/1309 1312/1975/1306 1320/1976/1305
f 1311/1993/1313 1312/1994/1313 1321/1988/1310
f 1321/1988/1310 1318/1987/1310 1311/1993/1313
f 1322/1995/1314 1323/1996/1315 1324/1997/1316
f 1322/1995/1314 1324/1997/1316 1325/1998/1317
f 1322/1995/1314 1325/1998/1317 1326/1999/1318
f 1322/1995/1314 1326/1999/1318 1327/2000/1319
f 1322/1995/1314 1327/2000/1319 1328/2001/1320
f 1322/1995/1314 1328/2001/1320 1329/2002/1321
f 1331/2003/1322 1324/1997/1316 1323/1996/1315
f 1323/1996/1315 1330/2004/1323 1331/2003/1322
f 1332/2005/1324 1325/1998/1317 1324/1997/1316
f 1324/1997/1316 1331/2003/1322 1332/2005/1324
f 1333/2006/1325 1326/2007/1318 1325/2008/1317
f 1325/2008/1317 1332/2009/1324 1333/2006/1325
f 1334/2010/1326 1327/2011/1319 1326/2007/1318
f 1326/2007/1318 1333/2006/1325 1334/2010/1326
f 1335/2012/1327 1328/2001/1320 1327/2000/1319
f 1327/2000/1319 1334/2013/1326 1335/2012/1327
f 1336/2014/1328 1329/2002/1321 1328/2001/1320
f 1328/2001/1320 1335/2012/1327 1336/2014/1328
f 1338/2015/1329 1331/2003/1330 1330/2004/1331
f 1330/2004/1331 1337/2016/1331 1338/2015/1329
f 1339/2017/1332 1332/2009/1333 1331/2018/1330
f 1331/2018/1330 1338/2019/1329 1339/2017/1332
f 1340/2020/1334 1333/2006/1334 1332/2009/1333
f 1332/2009/1333 1339/2017/1332 1340/2020/1334
f 1341/2021/1335 1334/2010/1336 1333/2006/1334
f 1333/2006/1334 1340/2020/1334 1341/2021/1335
f 1342/2022/1337 1335/2023/1338 1334/2010/1336
f 1334/2010/1336 1341/2021/1335 1342/2022/1337
f 1343/2024/1339 1336/2014/1339 1335/2012/1338
f 1335/2012/1338 1342/2025/1337 1343/2024/1339
f 1345/2026/1340 1338/2015/1341 1337/2016/1342
f 1337/2016/1342 1344/2027/1343 1345/2026/1340
f 1346/2028/1344 1339/2029/1345 1338/2015/1341
f 1338/2015/1341 1345/2026/1340 1346/2028/1344
f 1347/2030/1346 1340/2031/1347 1339/2029/1345
f 1339/2029/1345 1346/2028/1344 1347/2030/1346
f 1348/2032/1348 1341/2033/1349 1340/2031/1347
f 1340/2031/1347 1347/2030/1346 1348/2032/1348
f 1349/2034/1350 1342/2025/1351 1341/2033/1349
f 1341/2033/1349 1348/2032/1348 1349/2034/1350
f 1350/2035/1352 1343/2024/1353 1342/2025/1351
f 1342/2025/1351 1349/2034/1350 1350/2035/1352
f 1352/2036/1354 1345/2026/1340 1344/2027/1343
f 1344/2027/1343 1351/2037/1355 1352/2036/1354
f 1353/2038/1356 1346/2028/1344 1345/2026/1340
f 1345/2026/1340 1352/2036/1354 1353/2038/1356
f 1354/2039/1357 1347/2030/1346 1346/2028/1344
f 1346/2028/1344 1353/2038/1356 1354/2039/1357
f 1355/2040/1358 1348/2032/1348 1347/2030/1346
f 1347/2030/1346 1354/2039/1357 1355/2040/1358
f 1356/2041/1359 1349/2034/1350 1348/2032/1348
f 1348/2032/1348 1355/2040/1358 1356/2041/1359
f 1357/2042/1360 1350/2035/1352 1349/2034/1350
f 1349/2034/1350 1356/2041/1359 1357/2042/1360
f 1359/2043/1361 1352/2036/1354 1351/2037/1355
f 1351/2037/1355 1358/2044/1362 1359/2043/1361
f 1360/2045/1363 1353/2038/1356 1352/2036/1354
f 1352/2036/1354 1359/2043/1361 1360/2045/1363
f 1361/2046/1364 1354/2039/1357 1353/2038/1356
f 1353/2038/1356 1360/2045/1363 1361/2046/1364
f 1362/2047/1365 1355/2040/1358 1354/2039/1357
f 1354/2039/1357 1361/2046/1364 1362/2047/1365
f 1363/2048/1366 1356/2041/1359 1355/2040/1358
f 1355/2040/1358 1362/2047/1365 1363/2048/1366
f 1364/2049/1367 1357/2042/1360 1356/2041/1359
f 1356/2041/1359 1363/2048/1366 1364/2049/1367
f 1366/2050/1368 1359/2043/1361 1358/2044/1362
f 1358/2044/1362 1365/2051/1369 1366/2050/1368
f 1367/2052/1370 1360/2045/1363 1359/2043/1361
f 1359/2043/1361 1366/2050/1368 1367/2052/1370
f 1368/2053/1371 1361/2046/1364 1360/2045/1363
f 1360/2045/1363 1367/2052/1370 1368/2053/1371
f 1369/2054/1372 1362/2047/1365 1361/2046/1364
f 1361/2046/1364 1368/2053/1371 1369/2054/1372
f 1370/2055/1373 1363/2048/1366 1362/2047/1365
f 1362/2047/1365 1369/2054/1372 1370/2055/1373
f 1371/2056/1374 1364/2049/1367 1363/2048/1366
f 1363/2048/1366 1370/2055/1373 1371/2056/1374
f 1373/2057/1375 1366/2050/1368 1365/2051/1369
f 1365/2051/1369 1372/2058/1376 1373/2057/1375
f 1374/2059/1377 1367/2052/1370 1366/2050/1368
f 1366/2050/1368 1373/2057/1375 1374/2059/1377
f 1375/2060/1378 1368/2053/1371 1367/2052/1370
f 1367/2052/1370 1374/2059/1377 1375/2060/1378
f 1376/2061/1379 1369/2054/1372 1368/2053/1371
f 1368/2053/1371 1375/2060/1378 1376/2061/1379
f 1377/2062/1380 1370/2055/1373 1369/2054/1372
f 1369/2054/1372 1376/2061/1379 1377/2062/1380
f 1378/2063/1381 1371/2056/1374 1370/2055/1373
f 1370/2055/1373 1377/2062/1380 1378/2063/1381
f 1380/2064/1382 1373/2057/1375 1372/2058/1376
f 1372/2058/1376 1379/2065/1383 1380/2064/1382
f 1381/2066/1384 1374/2059/1377 1373/2057/1375
f 1373/2057/1375 1380/2064/1382 1381/2066/1384
f 1382/2067/1385 1375/2060/1378 1374/2059/1377
f 1374/2059/1377 1381/2066/1384 1382/2067/1385
f 1383/2068/1386 1376/2061/1379 1375/2060/1378
f 1375/2060/1378 1382/2067/1385 1383/2068/1386
f 1384/2069/1387 1377/2062/1380 1376/2061/1379
f 1376/2061/1379 1383/2068/1386 1384/2069/1387
f 1385/2070/1388 1378/2063/1381 1377/2062/1380
f 1377/2062/1380 1384/2069/1387 1385/2070/1388
f 1387/2071/1389 1380/2064/1382 1379/2065/1383
f 1379/2065/1383 1386/2072/1390 1387/2071/1389
f 1388/2073/1391 1381/2066/1384 1380/2064/1382
f 1380/2064/1382 1387/2071/1389 1388/2073/1391
f 1389/2074/1392 1382/2067/1385 1381/2066/1384
f 1381/2066/1384 1388/2073/1391 1389/2074/1392
f 1390/2075/1393 1383/2068/1386 1382/2067/1385
f 1382/2067/1385 1389/2074/1392 1390/2075/1393
f 1391/2076/1394 1384/2069/1387 1383/2068/1386
f 1383/2068/1386 1390/2075/1393 1391/2076/1394
f 1392/2077/1395 1385/2070/1388 1384/2069/1387
f 1384/2069/1387 1391/2076/1394 1392/2077/1395
f 1394/2078/1396 1387/2071/1389 1386/2072/1390
f 1386/2072/1390 1393/2079/1397 1394/2078/1396
f 1395/2080/1398 1388/2073/1391 1387/2071/1389
f 1387/2071/1389 1394/2078/1396 1395/2080/1398
f 1396/2081/1399 1389/2074/1392 1388/2073/1391
f 1388/2073/1391 1395/2080/1398 1396/2081/1399
f 1397/2082/1400 1390/2075/1393 1389/2074/1392
f 1389/2074/1392 1396/2081/1399 1397/2082/1400
f 1398/2083/1401 1391/2076/1394 1390/2075/1393
f 1390/2075/1393 1397/2082/1400 1398/2083/1401
f 1399/2084/1402 1392/2077/1395 1391/2076/1394
f 1391/2076/1394 1398/2083/1401 1399/2084/1402
f 1401/2085/1403 1394/2078/1396 1393/2079/1397
f 1393/2079/1397 1400/2086/1404 1401/2085/1403
f 1402/2087/1405 1395/2080/1398 1394/2078/1396
f 1394/2078/1396 1401/2085/1403 1402/2087/1405
f 1403/2088/1406 1396/2081/1399 1395/2080/1398
f 1395/2080/1398 1402/2087/1405 1403/2088/1406
f 1404/2089/1407 1397/2082/1400 1396/2081/1399
f 1396/2081/1399 1403/2088/1406 1404/2089/1407
f 1405/2090/1408 1398/2083/1401 1397/2082/1400
f 1397/2082/1400 1404/2089/1407 1405/2090/1408
f 1406/2091/1409 1399/2084/1402 1398/2083/1401
f 1398/2083/1401 1405/2090/1408 1406/2091/1409
f 1400/2086/1404 1407/2092/1410 1401/2085/1403
f 1401/2085/1403 1407/2092/1410 1402/2087/1405
f 1402/2087/1405 1407/2092/1410 1403/2088/1406
f 1403/2088/1406 1407/2092/1410 1404/2089/1407
f 1404/2089/1407 1407/2092/1410 1405/2090/1408
f 1405/2090/1408 1407/2092/1410 1406/2091/1409
f 1408/2093/1411 1409/2094/1412 1410/2095/1413
f 1408/2093/1411 1410/2095/1413 1411/2096/1414
f 1408/2093/1411 1411/2096/1414 1412/2097/1415
f 1408/2093/1411 1412/2097/1415 1413/2098/1416
f 1408/2093/1411 1413/2098/1416 1414/2099/1417
f 1408/2093/1411 1414/2099/1417 1415/2100/1418
f 1417/2101/1419 1410/2095/1413 1409/2094/1412
f 1409/2094/1412 1416/2102/1420 1417/2101/1419
f 1418/2103/1421 1411/2096/1414 1410/2095/1413
f 1410/2095/1413 1417/2101/1419 1418/2103/1421
f 1419/2104/1422 1412/2097/1415 1411/2096/1414
f 1411/2096/1414 1418/2103/1421 1419/2104/1422
f 1420/2105/1423 1413/2098/1416 1412/2097/1415
f 1412/2097/1415 1419/2104/1422 1420/2105/1423
f 1421/2106/1424 1414/2099/1417 1413/2098/1416
f 1413/2098/1416 1420/2105/1423 1421/2106/1424
f 1422/2107/1425 1415/2100/1418 1414/2099/1417
f 1414/2099/1417 1421/2106/1424 1422/2107/1425
f 1424/2108/1426 1417/2101/1419 1416/2102/1420
f 1416/2102/1420 1423/2109/1427 1424/2108/1426
f 1425/2110/1428 1418/2103/1421 1417/2101/1419
f 1417/2101/1419 1424/2108/1426 1425/2110/1428
f 1426/2111/1429 1419/2104/1422 1418/2103/1421
f 1418/2103/1421 1425/2110/1428 1426/2111/1429
f 1427/2112/1430 1420/2105/1423 1419/2104/1422
f 1419/2104/1422 1426/2111/1429 1427/2112/1430
f 1428/2113/1431 1421/2106/1424 1420/2105/1423
f 1420/2105/1423 1427/2112/1430 1428/2113/1431
f 1429/2114/1432 1422/2107/1425 1421/2106/1424
f 1421/2106/1424 1428/2113/1431 1429/2114/1432
f 1431/2115/1433 1424/2108/1426 1423/2109/1427
f 1423/2109/1427 1430/2116/1434 1431/2115/1433
f 1432/2117/1435 1425/2110/1428 1424/2108/1426
f 1424/2108/1426 1431/2115/1433 1432/2117/1435
f 1433/2118/1436 1426/2111/1429 1425/2110/1428
f 1425/2110/1428 1432/2117/1435 1433/2118/1436
f 1434/2119/1437 1427/2112/1430 1426/2111/1429
f 1426/2111/1429 1433/2118/1436 1434/2119/1437
f 1435/2120/1438 1428/2113/1431 1427/2112/1430
f 1427/2112/1430 1434/2119/1437 1435/2120/1438
f 1436/2121/1439 1429/2114/1432 1428/2113/1431
f 1428/2113/1431 1435/2120/1438 1436/2121/1439
f 1438/2122/1440 1431/2115/1433 1430/2116/1434
f 1430/2116/1434 1437/2123/1441 1438/2122/1440
f 1439/2124/1442 1432/2117/1435 1431/2115/1433
f 1431/2115/1433 1438/2122/1440 1439/2124/1442
f 1440/2125/1443 1433/2118/1436 1432/2117/1435
f 1432/2117/1435 1439/2124/1442 1440/2125/1443
f 1441/2126/1444 1434/2119/1437 1433/2118/1436
f 1433/2118/1436 1440/2125/1443 1441/2126/1444
f 1442/2127/1445 1435/2120/1438 1434/2119/1437
f 1434/2119/1437 1441/2126/1444 1442/2127/1445
f 1443/2128/1446 1436/2121/1439 1435/2120/1438
f 1435/2120/1438 1442/2127/1445 1443/2128/1446
f 1445/2129/1447 1438/2122/1440 1437/2123/1441
f 1437/2123/1441 1444/2130/1448 1445/2129/1447
f 1446/2131/1449 1439/2124/1442 1438/2122/1440
f 1438/2122/1440 1445/2129/1447 1446/2131/1449
f 1447/2132/1450 1440/2125/1443 1439/2124/1442
f 1439/2124/1442 1446/2131/1449 1447/2132/1450
f 1448/2133/1451 1441/2126/1444 1440/2125/1443
f 1440/2125/1443 1447/2132/1450 1448/2133/1451
f 1449/2134/1452 1442/2127/1445 1441/2126/1444
f 1441/2126/1444 1448/2133/1451 1449/2134/1452
f 1450/2135/1453 1443/2128/1446 1442/2127/1445
f 1442/2127/1445 1449/2134/1452 1450/2135/1453
f 1452/2136/1454 1445/2129/1447 1444/2130/1448
f 1444/2130/1448 1451/2137/1455 1452/2136/1454
f 1453/2138/1456 1446/2131/1449 1445/2129/1447
f 1445/2129/1447 1452/2136/1454 1453/2138/1456
f 1454/2139/1457 1447/2132/1450 1446/2131/1449
f 1446/2131/1449 1453/2138/1456 1454/2139/1457
f 1455/2140/1458 1448/2133/1451 1447/2132/1450
f 1447/2132/1450 1454/2139/1457 1455/2140/1458
f 1456/2141/1459 1449/2134/1452 1448/2133/1451
f 1448/2133/1451 1455/2140/1458 1456/2141/1459
f 1457/2142/1460 1450/2135/1453 1449/2134/1452
f 1449/2134/1452 1456/2141/1459 1457/2142/1460
f 1459/2143/1461 1452/2136/1454 1451/2137/1455
f 1451/2137/1455 1458/2144/1462 1459/2143/1461
f 1460/2145/1463 1453/2138/1456 1452/2136/1454
f 1452/2136/1454 1459/2143/1461 1460/2145/1463
f 1461/2146/1464 1454/2139/1457 1453/2138/1456
f 1453/2138/1456 1460/2145/1463 1461/2146/1464
f 1462/2147/1465 1455/2140/1458 1454/2139/1457
f 1454/2139/1457 1461/2146/1464 1462/2147/1465
f 1463/2148/1466 1456/2141/1459 1455/2140/1458
f 1455/2140/1458 1462/2147/1465 1463/2148/1466
f 1464/2149/1467 1457/2142/1460 1456/2141/1459
f 1456/2141/1459 1463/2148/1466 1464/2149/1467
f 1466/2150/1468 1459/2143/1461 1458/2144/1462
f 1458/2144/1462 1465/2151/1469 1466/2150/1468
f 1467/2152/1470 1460/2145/1463 1459/2143/1461
f 1459/2143/1461 1466/2150/1468 1467/2152/1470
f 1468/2153/1471 1461/2146/1464 1460/2145/1463
f 1460/2145/1463 1467/2152/1470 1468/2153/1471
f 1469/2154/1472 1462/2147/1465 1461/2146/1464
f 1461/2146/1464 1468/2153/1471 1469/2154/1472
f 1470/2155/1473 1463/2148/1466 1462/2147/1465
f 1462/2147/1465 1469/2154/1472 1470/2155/1473
f 1471/2156/1474 1464/2149/1467 1463/2148/1466
f 1463/2148/1466 1470/2155/1473 1471/2156/1474
f 1473/2157/1475 1466/2150/1468 1465/2151/1469
f 1465/2151/1469 1472/2158/1476 1473/2157/1475
f 1474/2159/1477 1467/2152/1470 1466/2150/1468
f 1466/2150/1468 1473/2157/1475 1474/2159/1477
f 1475/2160/1478 1468/2153/1471 1467/2152/1470
f 1467/2152/1470 1474/2159/1477 1475/2160/1478
f 1476/2161/1479 1469/2154/1472 1468/2153/1471
f 1468/2153/1471 1475/2160/1478 1476/2161/1479
f 1477/2162/1480 1470/2155/1473 1469/2154/1472
f 1469/2154/1472 1476/2161/1479 1477/2162/1480
f 1478/2163/1481 1471/2156/1474 1470/2155/1473
f 1470/2155/1473 1477/2162/1480 1478/2163/1481
f 1480/2164/1482 1473/2157/1475 1472/2158/1476
f 1472/2158/1476 1479/2165/1483 1480/2164/1482
f 1481/2166/1484 1474/2159/1477 1473/2157/1475
f 1473/2157/1475 1480/2164/1482 1481/2166/1484
f 1482/2167/1485 1475/2160/1478 1474/2159/1477
f 1474/2159/1477 1481/2166/1484 1482/2167/1485
f 1483/2168/1486 1476/2161/1479 1475/2160/1478
f 1475/2160/1478 1482/2167/1485 1483/2168/1486
f 1484/2169/1487 1477/2162/1480 1476/2161/1479
f 1476/2161/1479 1483/2168/1486 1484/2169/1487
f 1485/2170/1488 1478/2163/1481 1477/2162/1480
f 1477/2162/1480 1484/2169/1487 1485/2170/1488
f 1487/2171/1489 1480/2164/1482 1479/2165/1483
f 1479/2165/1483 1486/2172/1490 1487/2171/1489
f 1488/2173/1491 1481/2166/1484 1480/2164/1482
f 1480/2164/1482 1487/2171/1489 1488/2173/1491
f 1489/2174/1492 1482/2167/1485 1481/2166/1484
f 1481/2166/1484 1488/2173/1491 1489/2174/1492
f 1490/2175/1493 1483/2168/1486 1482/2167/1485
f 1482/2167/1485 1489/2174/1492 1490/2175/1493
f 1491/2176/1494 1484/2169/1487 1483/2168/1486
f 1483/2168/1486 1490/2175/1493 1491/2176/1494
f 1492/2177/1495 1485/2170/1488 1484/2169/1487
f 1484/2169/1487 1491/2176/1494 1492/2177/1495
f 1486/2172/1490 1493/2178/1496 1487/2171/1489
f 1487/2171/1489 1493/2178/1496 1488/2173/1491
f 1488/2173/1491 1493/2178/1496 1489/2174/1492
f 1489/2174/1492 1493/2178/1496 1490/2175/1493
f 1490/2175/1493 1493/2178/1496 1491/2176/1494
f 1491/2176/1494 1493/2178/1496 1492/2177/1495
f 77/39/47 21/38/46 1495/2179/1497
f 1495/2179/1497 1494/2180/1498 77/39/47
f 21/38/46 764/124/110 1501/939/922
f 1501/939/922 1495/2179/1497 21/38/46
f 35/146/129 77/39/47 1494/2180/1498
f 1494/2180/1498 1496/2181/1499 35/146/129
f 1520/884/871 723/887/874 1518/2182/1500
f 1518/2182/1500 1519/2183/1501 1520/884/871
f 723/887/874 737/913/894 1517/2184/1502
f 1517/2184/1502 1518/2182/1500 723/887/874
f 737/913/894 751/931/51 1516/2185/1503
f 1516/2185/1503 1517/2184/1502 737/913/894
f 751/931/51 765/131/112 1515/130/111
f 1515/130/111 1516/2185/1503 751/931/51
f 78/50/48 22/53/51 1526/2186/1504
f 1526/2186/1504 1527/2187/1505 78/50/48
f 22/53/51 765/131/112 1525/940/923
f 1525/940/923 1526/2186/1504 22/53/51
f 1511/149/132 78/50/48 1527/2187/1505
f 1527/2187/1505 1510/2188/1506 1511/149/132
f 65/185/164 724/889/876 1506/2189/1507
f 1506/2189/1507 1505/2190/163 65/185/164
f 724/889/876 738/915/896 1507/2191/1508
f 1507/2191/1508 1506/2189/1507 724/889/876
f 738/915/896 752/933/915 1508/2192/1509
f 1508/2192/1509 1507/2191/1508 738/915/896
f 752/933/915 766/133/114 1509/132/113
f 1509/132/113 1508/2192/1509 752/933/915
s 0
f 1504/2193/1510 36/2194/1510 1511/2195/1510
f 1511/2195/1511 1510/2196/1511 1504/2193/1511
f 36/2194/1512 1496/2197/1512 1512/2198/1512
f 1512/2198/1513 1511/2195/1513 36/2194/1513
f 1496/2181/1514 1494/2180/1514 1513/51/1514
f 1513/51/1514 1512/148/1514 1496/2181/1514
f 1494/2180/1515 1495/2179/1515 1514/52/1515
f 1514/52/1515 1513/51/1515 1494/2180/1515
f 1495/2179/1516 1501/939/1516 1515/130/1516
f 1515/130/1516 1514/52/1516 1495/2179/1516
f 1501/939/1516 1500/929/1516 1516/2185/1516
f 1516/2185/1516 1515/130/1516 1501/939/1516
f 1500/929/1517 1499/911/1517 1517/2184/1517
f 1517/2184/1517 1516/2185/1517 1500/929/1517
f 1499/911/1518 1498/883/1518 1518/2182/1518
f 1518/2182/1518 1517/2184/1518 1499/911/1518
f 1498/883/1519 1497/882/1519 1519/2183/1519
f 1519/2183/1519 1518/2182/1519 1498/883/1519
f 1497/2199/1520 64/2200/1520 1520/2201/1520
f 1520/2201/1521 1519/2202/1521 1497/2199/1521
f 64/2200/1522 1505/2203/1522 1521/2204/1522
f 1521/2204/1523 1520/2201/1523 64/2200/1523
f 1505/2190/1524 1506/2189/1524 1522/886/1524
f 1522/886/1524 1521/885/1524 1505/2190/1524
f 1506/2189/1525 1507/2191/1525 1523/912/1525
f 1523/912/1525 1522/886/1525 1506/2189/1525
f 1507/2191/1526 1508/2192/1526 1524/930/1526
f 1524/930/1526 1523/912/1526 1507/2191/1526
f 1508/2192/1527 1509/132/1527 1525/940/1527
f 1525/940/1527 1524/930/1527 1508/2192/1527
f 1509/132/1527 1503/56/1527 1526/2186/1527
f 1526/2186/1527 1525/940/1527 1509/132/1527
f 1503/56/1528 1502/55/1528 1527/2187/1528
f 1527/2187/1528 1526/2186/1528 1503/56/1528
f 1502/55/1529 1504/150/1529 1510/2188/1529
f 1510/2188/1529 1527/2187/1529 1502/55/1529
s 1
f 1532/2205/340 1533/2206/340 1535/2207/340
f 1535/2207/340 1534/2208/340 1532/2205/340
f 1528/2209/1530 1529/2210/1530 1533/2211/1530
f 1533/2211/1530 1532/2212/1530 1528/2209/1530
f 1529/2213/1531 1531/2214/1531 1535/2215/1531
f 1535/2215/1531 1533/2216/1531 1529/2213/1531
f 1531/2217/1532 1530/2218/1532 1534/2219/1532
f 1534/2219/1532 1535/2220/1532 1531/2217/1532
f 1530/2221/1533 1528/2222/1533 1532/2223/1533
f 1532/2223/1533 1534/2224/1533 1530/2221/1533
f 1540/2225/340 1541/2226/340 1543/2227/340
f 1543/2227/340 1542/2228/340 1540/2225/340
f 1536/2229/1534 1537/2230/1534 1541/2231/1534
f 1541/2231/1534 1540/2232/1534 1536/2229/1534
f 1537/2233/1535 1539/2234/1535 1543/2235/1535
f 1543/2235/1535 1541/2236/1535 1537/2233/1535
f 1539/2237/1536 1538/2238/1536 1542/2239/1536
f 1542/2239/1536 1543/2240/1536 1539/2237/1536
f 1538/2241/1537 1536/2242/1537 1540/2243/1537
f 1540/2243/1537 1542/2244/1537 1538/2241/1537
f 1548/2245/340 1549/2246/340 1551/2247/340
f 1551/2247/340 1550/2248/340 1548/2245/340
f 1544/2249/1534 1545/2250/1534 1549/2251/1534
f 1549/2251/1534 1548/2252/1534 1544/2249/1534
f 1545/2253/1538 1547/2254/1538 1551/2255/1538
f 1551/2255/1538 1549/2256/1538 1545/2253/1538
f 1547/2257/1536 1546/2258/1536 1550/2259/1536
f 1550/2259/1536 1551/2260/1536 1547/2257/1536
f 1546/2261/1539 1544/2262/1539 1548/2263/1539
f 1548/2263/1539 1550/2264/1539 1546/2261/1539
f 1556/2265/340 1557/2266/340 1559/2267/340
f 1559/2267/340 1558/2268/340 1556/2265/340
f 1552/2249/1534 1553/2250/1534 1557/2251/1534
f 1557/2251/1534 1556/2252/1534 1552/2249/1534
f 1553/2269/1538 1555/2270/1538 1559/2271/1538
f 1559/2271/1538 1557/2272/1538 1553/2269/1538
f 1555/2257/1536 1554/2258/1536 1558/2259/1536
f 1558/2259/1536 1559/2260/1536 1555/2257/1536
f 1554/2273/1539 1552/2274/1539 1556/2275/1539
f 1556/2275/1539 1558/2276/1539 1554/2273/1539
s 0
f 1313/1984/1296 1308/2277/1296 1561/2278/1296
f 1561/2278/1540 1560/2279/1540 1313/1984/1540
f 1308/2277/1541 1304/2280/1541 1562/2281/1541
f 1562/2281/1541 1561/2278/1541 1308/2277/1541
f 1304/2280/1296 1310/1985/1296 1563/2282/1296
f 1563/2282/1296 1562/2281/1296 1304/2280/1296
f 1310/1985/1296 1313/1984/1296 1560/2279/1296
f 1560/2279/1296 1563/2282/1296 1310/1985/1296
f 1560/2283/1542 1561/2284/1542 1565/2285/1542
f 1565/2285/1542 1564/2286/1542 1560/2283/1542
f 1561/2287/1543 1562/2288/1543 1566/2289/1543
f 1566/2289/1543 1565/2290/1543 1561/2287/1543
f 1562/2291/1544 1563/2292/1544 1567/2293/1544
f 1567/2293/1544 1566/2294/1544 1562/2291/1544
f 1563/2295/1545 1560/2296/1545 1564/2297/1545
f 1564/2297/1545 1567/2298/1545 1563/2295/1545
s 1
f 1580/2299/1546 1590/2300/1547 1588/2301/1548
f 1588/2301/1548 1568/2302/1549 1580/2299/1546
f 1587/2303/1550 1591/2304/1551 1583/2305/1552
f 1583/2305/1552 1572/2306/1553 1587/2303/1550
f 1581/2307/1554 1582/2308/1554 1573/2309/1555
f 1573/2309/1555 1569/2310/1555 1581/2307/1554
f 1580/2299/1546 1594/2311/1556 1593/2312/1557
f 1593/2312/1557 1570/2313/1558 1580/2299/1546
f 1571/2314/1559 1581/2315/1560 1584/2316/1561
f 1584/2316/1561 1576/2317/1562 1571/2314/1559
f 1573/2318/1563 1582/2319/1564 1585/2320/1565
f 1585/2320/1565 1578/2321/1566 1573/2318/1563
f 1580/2299/1546 1570/2313/1558 1586/2322/1567
f 1586/2322/1567 1590/2300/1547 1580/2299/1546
f 1585/2320/1565 1579/2323/1568 1589/2324/1569
f 1589/2324/1569 1591/2304/1551 1585/2320/1565
f 1571/2325/1570 1575/2326/1570 1582/2308/1554
f 1582/2308/1554 1581/2307/1554 1571/2325/1570
f 1580/2327/1546 1568/2328/1549 1592/2329/1571
f 1592/2329/1571 1594/2330/1572 1580/2327/1546
f 1569/2331/1573 1577/2332/1574 1584/2316/1561
f 1584/2316/1561 1581/2315/1560 1569/2331/1573
f 1575/2333/1575 1579/2323/1568 1585/2320/1565
f 1585/2320/1565 1582/2319/1564 1575/2333/1575
f 1590/2300/1547 1584/2316/1561 1577/2332/1574
f 1577/2332/1574 1588/2301/1548 1590/2300/1547
f 1578/2321/1566 1585/2320/1565 1591/2304/1551
f 1591/2304/1551 1587/2303/1550 1578/2321/1566
f 1586/2322/1567 1576/2317/1562 1584/2316/1561
f 1584/2316/1561 1590/2300/1547 1586/2322/1567
f 1589/2324/1569 1574/2334/1576 1583/2305/1552
f 1583/2305/1552 1591/2304/1551 1589/2324/1569
f 1583/2305/1552 1574/2334/1576 1593/2335/1577
f 1593/2335/1577 1594/2336/1578 1583/2305/1552
f 1592/2329/1571 1572/2337/1553 1583/2338/1552
f 1583/2338/1552 1594/2330/1572 1592/2329/1571
f 1595/2339/71 1596/2340/1579 1597/2341/1580
f 1595/2339/71 1597/2341/1580 1598/2342/1581
f 1595/2339/71 1598/2342/1581 1599/2343/1582
f 1595/2339/71 1599/2343/1582 1600/2344/1583
f 1595/2339/71 1600/2344/1583 1601/2345/1584
f 1595/2339/71 1601/2345/1584 1602/2346/1585
f 1595/2339/71 1602/2346/1585 1603/2347/1586
f 1595/2339/71 1603/2347/1586 1604/2348/1587
f 1595/2339/71 1604/2348/1587 1605/2349/1588
f 1595/2339/71 1605/2349/1588 1596/2340/1579
f 1607/2350/1589 1597/2351/1580 1596/2352/1579
f 1596/2352/1579 1606/2353/1590 1607/2350/1589
f 1608/2354/1591 1598/2355/1581 1597/2356/1580
f 1597/2356/1580 1607/2357/1589 1608/2354/1591
f 1609/2358/1592 1599/2359/1582 1598/2355/1581
f 1598/2355/1581 1608/2354/1591 1609/2358/1592
f 1610/2360/1593 1600/2361/1583 1599/2359/1582
f 1599/2359/1582 1609/2358/1592 1610/2360/1593
f 1611/2362/1594 1601/2352/1584 1600/2351/1583
f 1600/2351/1583 1610/2350/1593 1611/2362/1594
f 1612/2363/1595 1602/2364/1585 1601/2352/1584
f 1601/2352/1584 1611/2362/1594 1612/2363/1595
f 1613/2358/1596 1603/2359/1586 1602/2361/1585
f 1602/2361/1585 1612/2360/1595 1613/2358/1596
f 1614/2354/1597 1604/2355/1587 1603/2359/1586
f 1603/2359/1586 1613/2358/1596 1614/2354/1597
f 1615/2357/1598 1605/2356/1588 1604/2355/1587
f 1604/2355/1587 1614/2354/1597 1615/2357/1598
f 1606/2353/1590 1596/2352/1579 1605/2364/1588
f 1605/2364/1588 1615/2363/1598 1606/2353/1590
f 1617/2365/1599 1607/2350/1589 1606/2353/1590
f 1606/2353/1590 1616/2366/1600 1617/2365/1599
f 1618/2367/1601 1608/2354/1591 1607/2357/1589
f 1607/2357/1589 1617/2368/1599 1618/2367/1601
f 1619/2369/1602 1609/2358/1592 1608/2354/1591
f 1608/2354/1591 1618/2367/1601 1619/2369/1602
f 1620/2370/1603 1610/2360/1593 1609/2358/1592
f 1609/2358/1592 1619/2369/1602 1620/2370/1603
f 1621/2366/1604 1611/2362/1594 1610/2350/1593
f 1610/2350/1593 1620/2365/1603 1621/2366/1604
f 1622/2371/1605 1612/2363/1595 1611/2362/1594
f 1611/2362/1594 1621/2366/1604 1622/2371/1605
f 1623/2369/1606 1613/2358/1596 1612/2360/1595
f 1612/2360/1595 1622/2370/1605 1623/2369/1606
f 1624/2367/1607 1614/2354/1597 1613/2358/1596
f 1613/2358/1596 1623/2369/1606 1624/2367/1607
f 1625/2368/1608 1615/2357/1598 1614/2354/1597
f 1614/2354/1597 1624/2367/1607 1625/2368/1608
f 1616/2366/1600 1606/2353/1590 1615/2363/1598
f 1615/2363/1598 1625/2371/1608 1616/2366/1600
f 1627/2372/1609 1617/2365/1599 1616/2366/1600
f 1616/2366/1600 1626/2373/1610 1627/2372/1609
f 1628/2374/1611 1618/2367/1601 1617/2368/1599
f 1617/2368/1599 1627/2375/1609 1628/2374/1611
f 1629/2376/1612 1619/2369/1602 1618/2367/1601
f 1618/2367/1601 1628/2374/1611 1629/2376/1612
f 1630/2377/1613 1620/2370/1603 1619/2369/1602
f 1619/2369/1602 1629/2376/1612 1630/2377/1613
f 1631/2373/1614 1621/2366/1604 1620/2365/1603
f 1620/2365/1603 1630/2372/1613 1631/2373/1614
f 1632/2378/1615 1622/2371/1605 1621/2366/1604
f 1621/2366/1604 1631/2373/1614 1632/2378/1615
f 1633/2376/1616 1623/2369/1606 1622/2370/1605
f 1622/2370/1605 1632/2379/1615 1633/2376/1616
f 1634/2374/1617 1624/2367/1607 1623/2369/1606
f 1623/2369/1606 1633/2376/1616 1634/2374/1617
f 1635/2375/1618 1625/2368/1608 1624/2367/1607
f 1624/2367/1607 1634/2374/1617 1635/2375/1618
f 1626/2373/1610 1616/2366/1600 1625/2371/1608
f 1625/2371/1608 1635/2378/1618 1626/2373/1610
f 1636/2380/1619 1627/2372/1609 1626/2373/1610
f 1636/2380/1619 1628/2381/1611 1627/2372/1609
f 1636/2380/1619 1629/2381/1612 1628/2381/1611
f 1636/2380/1619 1630/2372/1613 1629/2381/1612
f 1636/2380/1619 1631/2373/1614 1630/2372/1613
f 1636/2380/1619 1632/2378/1615 1631/2373/1614
f 1636/2382/1619 1633/2376/1616 1632/2379/1615
f 1636/2382/1619 1634/2374/1617 1633/2376/1616
f 1636/2382/1619 1635/2375/1618 1634/2374/1617
f 1636/2380/1619 1626/2373/1610 1635/2378/1618
f 1637/2383/1620 1639/2384/1620 1640/2385/1620
f 1640/2385/1620 1638/2386/1620 1637/2383/1620
f 1641/2387/1621 1642/2388/1621 1644/2389/1621
f 1644/2389/1621 1643/2390/1621 1641/2387/1621
f 1638/2391/1622 1640/2392/1622 1644/2393/1622
f 1644/2393/1622 1642/2394/1622 1638/2391/1622
f 1640/2395/340 1639/2396/340 1643/2397/340
f 1643/2397/340 1644/2398/340 1640/2395/340
f 1639/2399/1623 1637/2400/1623 1641/2401/1623
f 1641/2401/1623 1643/2402/1623 1639/2399/1623
f 1645/2403/1624 1647/2404/1625 1648/2405/1626
f 1648/2405/1626 1646/2406/1627 1645/2403/1624
f 1649/2407/1628 1650/2408/1629 1652/2409/1630
f 1652/2409/1630 1651/2410/1631 1649/2407/1628
f 1646/2411/1632 1648/2412/1632 1652/2413/1632
f 1652/2413/1632 1650/2414/1632 1646/2411/1632
f 1648/2415/340 1647/2416/340 1651/2417/340
f 1651/2417/340 1652/2418/340 1648/2415/340
f 1647/2419/1633 1645/2420/1633 1649/2421/1633
f 1649/2421/1633 1651/2422/1633 1647/2419/1633
f 1653/2423/1634 1655/2424/1634 1656/2425/1634
f 1656/2425/1634 1654/2426/1634 1653/2423/1634
f 1657/2427/1635 1658/2428/1635 1660/2429/1635
f 1660/2429/1635 1659/2430/1635 1657/2427/1635
f 1654/2431/1636 1656/2432/1636 1660/2433/1636
f 1660/2433/1636 1658/2434/1636 1654/2431/1636
f 1656/2435/340 1655/2436/340 1659/2437/340
f 1659/2437/340 1660/2438/340 1656/2435/340
f 1655/2439/1637 1653/2440/1637 1657/2441/1637
f 1657/2441/1637 1659/2442/1637 1655/2439/1637
f 1661/2443/1638 1663/2444/1638 1664/2445/1638
f 1664/2445/1638 1662/2446/1638 1661/2443/1638
f 1665/2447/1639 1666/2448/1639 1668/2449/1639
f 1668/2449/1639 1667/2450/1639 1665/2447/1639
f 1662/2451/1640 1664/2452/1640 1668/2453/1640
f 1668/2453/1640 1666/2454/1640 1662/2451/1640
f 1664/2455/340 1663/2456/340 1667/2457/340
f 1667/2457/340 1668/2458/340 1664/2455/340
f 1663/2459/1641 1661/2460/1641 1665/2461/1641
f 1665/2461/1641 1667/2462/1641 1663/2459/1641
f 1671/2463/308 1677/2464/308 1678/2465/308
f 1678/2465/308 1669/2466/308 1671/2463/308
f 1679/2467/566 1680/2468/566 1675/2469/566
f 1675/2469/566 1673/2470/566 1679/2467/566
f 1677/2471/1642 1680/2472/1642 1676/2473/340
f 1676/2473/340 1672/2474/340 1677/2471/1642
f 1671/2475/1643 1669/2476/71 1673/2477/71
f 1673/2477/71 1675/2478/1643 1671/2475/1643
f 1672/2479/308 1670/2480/308 1678/2465/308
f 1678/2465/308 1677/2464/308 1672/2479/308
f 1674/2481/566 1676/2482/566 1680/2468/566
f 1680/2468/566 1679/2467/566 1674/2481/566
f 1671/2483/1643 1675/2484/1643 1680/2472/1642
f 1680/2472/1642 1677/2471/1642 1671/2483/1643
f 1683/2485/308 1689/2486/308 1690/2487/308
f 1690/2487/308 1681/2488/308 1683/2485/308
f 1691/2489/566 1692/2490/566 1687/2491/566
f 1687/2491/566 1685/2492/566 1691/2489/566
f 1689/2493/1642 1692/2494/1642 1688/2495/340
f 1688/2495/340 1684/2496/340 1689/2493/1642
f 1683/2497/1643 1681/2498/71 1685/2499/71
f 1685/2499/71 1687/2500/1643 1683/2497/1643
f 1684/2501/308 1682/2502/308 1690/2487/308
f 1690/2487/308 1689/2486/308 1684/2501/308
f 1686/2503/566 1688/2504/566 1692/2490/566
f 1692/2490/566 1691/2489/566 1686/2503/566
f 1683/2505/1643 1687/2506/1643 1692/2494/1642
f 1692/2494/1642 1689/2493/1642 1683/2505/1643
f 1695/2507/308 1701/2508/308 1702/2509/308
f 1702/2509/308 1693/2510/308 1695/2507/308
f 1703/2511/566 1704/2512/566 1699/2513/566
f 1699/2513/566 1697/2514/566 1703/2511/566
f 1701/2515/1642 1704/2516/1642 1700/2517/340
f 1700/2517/340 1696/2518/340 1701/2515/1642
f 1695/2519/1643 1693/2520/71 1697/2521/71
f 1697/2521/71 1699/2522/1643 1695/2519/1643
f 1696/2523/308 1694/2524/308 1702/2509/308
f 1702/2509/308 1701/2508/308 1696/2523/308
f 1698/2525/566 1700/2526/566 1704/2512/566
f 1704/2512/566 1703/2511/566 1698/2525/566
f 1695/2527/1643 1699/2528/1643 1704/2516/1642
f 1704/2516/1642 1701/2515/1642 1695/2527/1643
f 1707/2529/308 1713/2530/308 1714/2531/308
f 1714/2531/308 1705/2532/308 1707/2529/308
f 1715/2533/566 1716/2534/566 1711/2535/566
f 1711/2535/566 1709/2536/566 1715/2533/566
f 1713/2537/1642 1716/2538/1642 1712/2539/340
f 1712/2539/340 1708/2540/340 1713/2537/1642
f 1707/2541/1643 1705/2542/71 1709/2543/71
f 1709/2543/71 1711/2544/1643 1707/2541/1643
f 1708/2545/308 1706/2546/308 1714/2531/308
f 1714/2531/308 1713/2530/308 1708/2545/308
f 1710/2547/566 1712/2548/566 1716/2534/566
f 1716/2534/566 1715/2533/566 1710/2547/566
f 1707/2549/1643 1711/2550/1643 1716/2538/1642
f 1716/2538/1642 1713/2537/1642 1707/2549/1643
f 1719/2529/308 1725/2530/308 1726/2531/308
f 1726/2531/308 1717/2532/308 1719/2529/308
f 1727/2533/566 1728/2534/566 1723/2535/566
f 1723/2535/566 1721/2536/566 1727/2533/566
f 1726/2551/347 1727/2552/347 1721/2553/347
f 1721/2553/347 1717/2554/347 1726/2551/347
f 1718/2555/70 1720/2556/70 1724/2557/70
f 1724/2557/70 1722/2558/70 1718/2555/70
f 1725/2559/1642 1728/2560/1642 1724/2561/340
f 1724/2561/340 1720/2562/340 1725/2559/1642
f 1719/2563/1643 1717/2564/71 1721/2565/71
f 1721/2565/71 1723/2566/1643 1719/2563/1643
f 1720/2545/308 1718/2546/308 1726/2531/308
f 1726/2531/308 1725/2530/308 1720/2545/308
f 1722/2547/566 1724/2548/566 1728/2534/566
f 1728/2534/566 1727/2533/566 1722/2547/566
f 1718/2567/347 1722/2568/347 1727/2552/347
f 1727/2552/347 1726/2551/347 1718/2567/347
f 1719/2569/1643 1723/2570/1643 1728/2560/1642
f 1728/2560/1642 1725/2559/1642 1719/2569/1643
f 1731/2529/308 1737/2530/308 1738/2531/308
f 1738/2531/308 1729/2532/308 1731/2529/308
f 1739/2533/566 1740/2534/566 1735/2535/566
f 1735/2535/566 1733/2536/566 1739/2533/566
f 1737/2559/1642 1740/2560/1642 1736/2561/340
f 1736/2561/340 1732/2562/340 1737/2559/1642
f 1731/2563/1643 1729/2564/71 1733/2565/71
f 1733/2565/71 1735/2566/1643 1731/2563/1643
f 1732/2545/308 1730/2546/308 1738/2531/308
f 1738/2531/308 1737/2530/308 1732/2545/308
f 1734/2547/566 1736/2548/566 1740/2534/566
f 1740/2534/566 1739/2533/566 1734/2547/566
f 1731/2569/1643 1735/2570/1643 1740/2560/1642
f 1740/2560/1642 1737/2559/1642 1731/2569/1643
f 1743/2507/308 1749/2508/308 1750/2509/308
f 1750/2509/308 1741/2510/308 1743/2507/308
f 1751/2511/566 1752/2512/566 1747/2513/566
f 1747/2513/566 1745/2514/566 1751/2511/566
f 1749/2571/1642 1752/2572/1642 1748/2573/340
f 1748/2573/340 1744/2574/340 1749/2571/1642
f 1743/2575/1643 1741/2576/71 1745/2577/71
f 1745/2577/71 1747/2578/1643 1743/2575/1643
f 1744/2523/308 1742/2524/308 1750/2509/308
f 1750/2509/308 1749/2508/308 1744/2523/308
f 1746/2525/566 1748/2526/566 1752/2512/566
f 1752/2512/566 1751/2511/566 1746/2525/566
f 1743/2579/1643 1747/2580/1643 1752/2572/1642
f 1752/2572/1642 1749/2571/1642 1743/2579/1643
f 1755/2485/308 1761/2486/308 1762/2487/308
f 1762/2487/308 1753/2488/308 1755/2485/308
f 1763/2489/566 1764/2490/566 1759/2491/566
f 1759/2491/566 1757/2492/566 1763/2489/566
f 1761/2581/1642 1764/2582/1642 1760/2583/340
f 1760/2583/340 1756/2584/340 1761/2581/1642
f 1755/2585/1643 1753/2586/71 1757/2587/71
f 1757/2587/71 1759/2588/1643 1755/2585/1643
f 1756/2501/308 1754/2502/308 1762/2487/308
f 1762/2487/308 1761/2486/308 1756/2501/308
f 1758/2503/566 1760/2504/566 1764/2490/566
f 1764/2490/566 1763/2489/566 1758/2503/566
f 1755/2589/1643 1759/2590/1643 1764/2582/1642
f 1764/2582/1642 1761/2581/1642 1755/2589/1643
f 1767/2529/308 1773/2530/308 1774/2531/308
f 1774/2531/308 1765/2532/308 1767/2529/308
f 1775/2533/566 1776/2534/566 1771/2535/566
f 1771/2535/566 1769/2536/566 1775/2533/566
f 1773/2591/1642 1776/2592/1642 1772/2593/340
f 1772/2593/340 1768/2594/340 1773/2591/1642
f 1767/2595/1643 1765/2596/71 1769/2597/71
f 1769/2597/71 1771/2598/1643 1767/2595/1643
f 1768/2545/308 1766/2546/308 1774/2531/308
f 1774/2531/308 1773/2530/308 1768/2545/308
f 1770/2547/566 1772/2548/566 1776/2534/566
f 1776/2534/566 1775/2533/566 1770/2547/566
f 1767/2599/1643 1771/2600/1643 1776/2592/1642
f 1776/2592/1642 1773/2591/1642 1767/2599/1643
f 1779/2463/308 1785/2464/308 1786/2465/308
f 1786/2465/308 1777/2466/308 1779/2463/308
f 1787/2467/566 1788/2468/566 1783/2469/566
f 1783/2469/566 1781/2470/566 1787/2467/566
f 1785/2601/1642 1788/2602/1642 1784/2603/340
f 1784/2603/340 1780/2604/340 1785/2601/1642
f 1779/2605/1643 1777/2606/71 1781/2607/71
f 1781/2607/71 1783/2608/1643 1779/2605/1643
f 1780/2479/308 1778/2480/308 1786/2465/308
f 1786/2465/308 1785/2464/308 1780/2479/308
f 1782/2481/566 1784/2482/566 1788/2468/566
f 1788/2468/566 1787/2467/566 1782/2481/566
f 1779/2609/1643 1783/2610/1643 1788/2602/1642
f 1788/2602/1642 1785/2601/1642 1779/2609/1643
f 1790/2611/308 1791/2612/308 1792/2613/308
f 1792/2613/308 1789/2614/308 1790/2611/308
f 1794/2615/566 1795/2616/566 1796/2617/566
f 1796/2617/566 1793/2618/566 1794/2615/566
f 1791/2619/1642 1795/2620/1642 1798/2621/340
f 1798/2621/340 1797/2622/340 1791/2619/1642
f 1790/2623/1643 1789/2624/71 1793/2625/71
f 1793/2625/71 1796/2626/1643 1790/2623/1643
f 1797/2627/308 1799/2628/308 1792/2613/308
f 1792/2613/308 1791/2612/308 1797/2627/308
f 1800/2629/566 1798/2630/566 1795/2616/566
f 1795/2616/566 1794/2615/566 1800/2629/566
f 1790/2631/1643 1796/2632/1643 1795/2620/1642
f 1795/2620/1642 1791/2619/1642 1790/2631/1643
f 1802/2633/308 1803/2634/308 1804/2635/308
f 1804/2635/308 1801/2636/308 1802/2633/308
f 1806/2637/566 1807/2638/566 1808/2639/566
f 1808/2639/566 1805/2640/566 1806/2637/566
f 1803/2641/1642 1807/2642/1642 1810/2643/340
f 1810/2643/340 1809/2644/340 1803/2641/1642
f 1802/2645/1643 1801/2646/71 1805/2647/71
f 1805/2647/71 1808/2648/1643 1802/2645/1643
f 1809/2649/308 1811/2650/308 1804/2635/308
f 1804/2635/308 1803/2634/308 1809/2649/308
f 1812/2651/566 1810/2652/566 1807/2638/566
f 1807/2638/566 1806/2637/566 1812/2651/566
f 1802/2653/1643 1808/2654/1643 1807/2642/1642
f 1807/2642/1642 1803/2641/1642 1802/2653/1643
f 1814/2655/308 1815/2656/308 1816/2657/308
f 1816/2657/308 1813/2658/308 1814/2655/308
f 1818/2659/566 1819/2660/566 1820/2661/566
f 1820/2661/566 1817/2662/566 1818/2659/566
f 1815/2663/1642 1819/2664/1642 1822/2665/340
f 1822/2665/340 1821/2666/340 1815/2663/1642
f 1814/2667/1643 1813/2668/71 1817/2669/71
f 1817/2669/71 1820/2670/1643 1814/2667/1643
f 1821/2671/308 1823/2672/308 1816/2657/308
f 1816/2657/308 1815/2656/308 1821/2671/308
f 1824/2673/566 1822/2674/566 1819/2660/566
f 1819/2660/566 1818/2659/566 1824/2673/566
f 1814/2675/1643 1820/2676/1643 1819/2664/1642
f 1819/2664/1642 1815/2663/1642 1814/2675/1643
f 1826/2677/308 1827/2678/308 1828/2679/308
f 1828/2679/308 1825/2680/308 1826/2677/308
f 1830/2681/566 1831/2682/566 1832/2683/566
f 1832/2683/566 1829/2684/566 1830/2681/566
f 1828/2685/347 1830/2686/347 1829/2687/347
f 1829/2687/347 1825/2688/347 1828/2685/347
f 1833/2689/70 1834/2690/70 1835/2691/70
f 1835/2691/70 1836/2692/70 1833/2689/70
f 1827/2693/1642 1831/2694/1642 1835/2695/340
f 1835/2695/340 1834/2696/340 1827/2693/1642
f 1826/2697/1643 1825/2698/71 1829/2699/71
f 1829/2699/71 1832/2700/1643 1826/2697/1643
f 1834/2701/308 1833/2702/308 1828/2679/308
f 1828/2679/308 1827/2678/308 1834/2701/308
f 1836/2703/566 1835/2704/566 1831/2682/566
f 1831/2682/566 1830/2681/566 1836/2703/566
f 1833/2705/347 1836/2706/347 1830/2686/347
f 1830/2686/347 1828/2685/347 1833/2705/347
f 1826/2707/1643 1832/2708/1643 1831/2694/1642
f 1831/2694/1642 1827/2693/1642 1826/2707/1643
f 1838/2709/308 1839/2710/308 1840/2711/308
f 1840/2711/308 1837/2712/308 1838/2709/308
f 1842/2713/566 1843/2714/566 1844/2715/566
f 1844/2715/566 1841/2716/566 1842/2713/566
f 1839/2717/1642 1843/2718/1642 1846/2719/340
f 1846/2719/340 1845/2720/340 1839/2717/1642
f 1838/2721/1643 1837/2722/71 1841/2723/71
f 1841/2723/71 1844/2724/1643 1838/2721/1643
f 1845/2725/308 1847/2726/308 1840/2711/308
f 1840/2711/308 1839/2710/308 1845/2725/308
f 1848/2727/566 1846/2728/566 1843/2714/566
f 1843/2714/566 1842/2713/566 1848/2727/566
f 1838/2729/1643 1844/2730/1643 1843/2718/1642
f 1843/2718/1642 1839/2717/1642 1838/2729/1643
f 1850/2731/308 1851/2732/308 1852/2733/308
f 1852/2733/308 1849/2734/308 1850/2731/308
f 1854/2735/566 1855/2736/566 1856/2737/566
f 1856/2737/566 1853/2738/566 1854/2735/566
f 1851/2739/1642 1855/2740/1642 1858/2741/340
f 1858/2741/340 1857/2742/340 1851/2739/1642
f 1850/2743/1643 1849/2744/71 1853/2745/71
f 1853/2745/71 1856/2746/1643 1850/2743/1643
f 1857/2747/308 1859/2748/308 1852/2733/308
f 1852/2733/308 1851/2732/308 1857/2747/308
f 1860/2749/566 1858/2750/566 1855/2736/566
f 1855/2736/566 1854/2735/566 1860/2749/566
f 1850/2751/1643 1856/2752/1643 1855/2740/1642
f 1855/2740/1642 1851/2739/1642 1850/2751/1643
f 1862/2677/308 1863/2678/308 1864/2679/308
f 1864/2679/308 1861/2680/308 1862/2677/308
f 1866/2681/566 1867/2682/566 1868/2683/566
f 1868/2683/566 1865/2684/566 1866/2681/566
f 1863/2753/1642 1867/2754/1642 1870/2755/340
f 1870/2755/340 1869/2756/340 1863/2753/1642
f 1862/2757/1643 1861/2758/71 1865/2759/71
f 1865/2759/71 1868/2760/1643 1862/2757/1643
f 1869/2701/308 1871/2702/308 1864/2679/308
f 1864/2679/308 1863/2678/308 1869/2701/308
f 1872/2703/566 1870/2704/566 1867/2682/566
f 1867/2682/566 1866/2681/566 1872/2703/566
f 1862/2761/1643 1868/2762/1643 1867/2754/1642
f 1867/2754/1642 1863/2753/1642 1862/2761/1643
f 1874/2763/308 1875/2764/308 1876/2765/308
f 1876/2765/308 1873/2766/308 1874/2763/308
f 1878/2767/566 1879/2768/566 1880/2769/566
f 1880/2769/566 1877/2770/566 1878/2767/566
f 1875/2771/1642 1879/2772/1642 1882/2773/340
f 1882/2773/340 1881/2774/340 1875/2771/1642
f 1874/2775/1643 1873/2776/71 1877/2777/71
f 1877/2777/71 1880/2778/1643 1874/2775/1643
f 1881/2779/308 1883/2780/308 1876/2765/308
f 1876/2765/308 1875/2764/308 1881/2779/308
f 1884/2781/566 1882/2782/566 1879/2768/566
f 1879/2768/566 1878/2767/566 1884/2781/566
f 1874/2783/1643 1880/2784/1643 1879/2772/1642
f 1879/2772/1642 1875/2771/1642 1874/2783/1643
f 1885/242/1644 1888/245/1645 1887/244/1646
f 1887/244/1646 1886/243/1647 1885/242/1644
f 1886/242/1647 1887/245/1646 1890/244/1648
f 1890/244/1648 1889/243/1649 1886/242/1647
f 1889/242/1649 1890/245/1648 1892/244/1650
f 1892/244/1650 1891/243/1651 1889/242/1649
f 1891/242/1651 1892/245/1650 1894/244/1652
f 1894/244/1652 1893/243/1653 1891/242/1651
f 1893/242/1653 1894/245/1652 1896/244/1654
f 1896/244/1654 1895/243/1655 1893/242/1653
f 1895/242/1655 1896/245/1654 1898/244/1656
f 1898/244/1656 1897/243/1657 1895/242/1655
f 1897/242/1657 1898/245/1656 1900/244/1658
f 1900/244/1658 1899/243/1659 1897/242/1657
f 1899/242/1659 1900/245/1658 1902/244/1660
f 1902/244/1660 1901/243/1661 1899/242/1659
f 1901/242/1661 1902/245/1660 1904/244/1662
f 1904/244/1662 1903/243/1663 1901/242/1661
f 1903/242/1663 1904/245/1662 1906/244/1664
f 1906/244/1664 1905/243/1665 1903/242/1663
f 1905/242/1665 1906/245/1664 1908/244/1666
f 1908/244/1666 1907/243/1667 1905/242/1665
f 1907/242/1667 1908/245/1666 1910/244/1668
f 1910/244/1668 1909/243/1669 1907/242/1667
f 1909/242/1669 1910/245/1668 1912/244/1670
f 1912/244/1670 1911/243/1671 1909/242/1669
f 1911/242/1671 1912/245/1670 1888/244/1645
f 1888/244/1645 1885/243/1644 1911/242/1671
f 1887/244/1646 1888/245/1645 1914/247/1672
f 1914/247/1672 1913/246/1673 1887/244/1646
f 1890/244/1648 1887/245/1646 1913/247/1673
f 1913/247/1673 1915/246/1674 1890/244/1648
f 1892/244/1650 1890/245/1648 1915/247/1674
f 1915/247/1674 1916/246/1675 1892/244/1650
f 1894/244/1652 1892/245/1650 1916/247/1675
f 1916/247/1675 1917/246/1676 1894/244/1652
f 1896/244/1654 1894/245/1652 1917/247/1676
f 1917/247/1676 1918/246/1677 1896/244/1654
f 1898/244/1656 1896/245/1654 1918/247/1677
f 1918/247/1677 1919/246/1678 1898/244/1656
f 1900/244/1658 1898/245/1656 1919/247/1678
f 1919/247/1678 1920/246/1679 1900/244/1658
f 1902/244/1660 1900/245/1658 1920/247/1679
f 1920/247/1679 1921/246/1680 1902/244/1660
f 1904/244/1662 1902/245/1660 1921/247/1680
f 1921/247/1680 1922/246/1681 1904/244/1662
f 1906/244/1664 1904/245/1662 1922/247/1681
f 1922/247/1681 1923/246/1682 1906/244/1664
f 1908/244/1666 1906/245/1664 1923/247/1682
f 1923/247/1682 1924/246/1683 1908/244/1666
f 1910/244/1668 1908/245/1666 1924/247/1683
f 1924/247/1683 1925/246/1684 1910/244/1668
f 1912/244/1670 1910/245/1668 1925/247/1684
f 1925/247/1684 1926/246/1685 1912/244/1670
f 1888/244/1645 1912/245/1670 1926/247/1685
f 1926/247/1685 1914/246/1672 1888/244/1645
f 1940/260/566 1939/259/566 1938/258/566
f 1938/258/566 1937/257/566 1936/256/566
f 1936/256/566 1935/255/566 1934/254/566
f 1938/258/566 1936/256/566 1934/254/566
f 1940/260/566 1938/258/566 1934/254/566
f 1934/254/566 1933/253/566 1932/252/566
f 1932/252/566 1931/251/566 1930/250/566
f 1934/254/566 1932/252/566 1930/250/566
f 1940/260/566 1934/254/566 1930/250/566
f 1930/250/566 1929/249/566 1928/248/566
f 1940/260/566 1930/250/566 1928/248/566
f 1927/261/566 1940/260/566 1928/248/566
f 1942/262/1686 1941/265/1687 1944/264/1688
f 1944/264/1688 1943/263/1689 1942/262/1686
f 1946/262/1690 1945/265/1691 1941/264/1687
f 1941/264/1687 1942/263/1686 1946/262/1690
f 1948/262/1692 1947/265/1693 1945/264/1691
f 1945/264/1691 1946/263/1690 1948/262/1692
f 1950/262/1694 1949/265/1695 1947/264/1693
f 1947/264/1693 1948/263/1692 1950/262/1694
f 1952/262/1696 1951/265/1697 1949/264/1695
f 1949/264/1695 1950/263/1694 1952/262/1696
f 1954/262/1698 1953/265/1699 1951/264/1697
f 1951/264/1697 1952/263/1696 1954/262/1698
f 1956/262/1700 1955/265/1701 1953/264/1699
f 1953/264/1699 1954/263/1698 1956/262/1700
f 1958/262/1702 1957/265/1703 1955/264/1701
f 1955/264/1701 1956/263/1700 1958/262/1702
f 1960/262/1704 1959/265/1705 1957/264/1703
f 1957/264/1703 1958/263/1702 1960/262/1704
f 1962/262/1706 1961/265/1707 1959/264/1705
f 1959/264/1705 1960/263/1704 1962/262/1706
f 1964/262/1708 1963/265/1709 1961/264/1707
f 1961/264/1707 1962/263/1706 1964/262/1708
f 1966/262/1710 1965/265/1711 1963/264/1709
f 1963/264/1709 1964/263/1708 1966/262/1710
f 1968/262/1712 1967/265/1713 1965/264/1711
f 1965/264/1711 1966/263/1710 1968/262/1712
f 1943/262/1689 1944/265/1688 1967/264/1713
f 1967/264/1713 1968/263/1712 1943/262/1689
s 0
f 1943/266/566 1970/269/566 1969/268/566
f 1969/268/566 1942/267/566 1943/266/566
f 1942/267/566 1969/268/566 1971/269/566
f 1971/269/566 1946/266/566 1942/267/566
f 1946/266/566 1971/269/566 1972/268/566
f 1972/268/566 1948/267/566 1946/266/566
f 1948/267/566 1972/268/566 1973/269/566
f 1973/269/566 1950/266/566 1948/267/566
f 1950/266/566 1973/269/566 1974/268/566
f 1974/268/566 1952/267/566 1950/266/566
f 1952/267/566 1974/268/566 1975/269/566
f 1975/269/566 1954/266/566 1952/267/566
f 1954/266/566 1975/269/566 1976/268/566
f 1976/268/566 1956/267/566 1954/266/566
f 1956/267/566 1976/268/566 1977/269/566
f 1977/269/566 1958/266/566 1956/267/566
f 1958/266/566 1977/269/566 1978/268/566
f 1978/268/566 1960/267/566 1958/266/566
f 1960/267/566 1978/268/566 1979/269/566
f 1979/269/566 1962/266/566 1960/267/566
f 1962/266/566 1979/269/566 1980/268/566
f 1980/268/566 1964/267/566 1962/266/566
f 1964/267/566 1980/268/566 1981/269/566
f 1981/269/566 1966/266/566 1964/267/566
f 1966/266/566 1981/269/566 1982/268/566
f 1982/268/566 1968/267/566 1966/266/566
f 1968/267/566 1982/268/566 1970/269/566
f 1970/269/566 1943/266/566 1968/267/566
f 1970/270/337 1927/273/337 1928/272/337
f 1928/272/337 1969/271/337 1970/270/337
f 1969/271/338 1928/272/338 1929/275/338
f 1929/275/338 1971/274/338 1969/271/338
f 1971/274/339 1929/275/339 1930/277/339
f 1930/277/339 1972/276/339 1971/274/339
f 1972/276/340 1930/277/340 1931/279/340
f 1931/279/340 1973/278/340 1972/276/340
f 1973/278/341 1931/279/341 1932/281/341
f 1932/281/341 1974/280/341 1973/278/341
f 1974/280/342 1932/281/342 1933/283/342
f 1933/283/342 1975/282/342 1974/280/342
f 1975/282/343 1933/283/343 1934/285/343
f 1934/285/343 1976/284/343 1975/282/343
f 1976/284/344 1934/285/344 1935/283/344
f 1935/283/344 1977/286/344 1976/284/344
f 1977/286/345 1935/283/345 1936/281/345
f 1936/281/345 1978/287/345 1977/286/345
f 1978/287/346 1936/281/346 1937/279/346
f 1937/279/346 1979/288/346 1978/287/346
f 1979/288/347 1937/279/347 1938/277/347
f 1938/277/347 1980/289/347 1979/288/347
f 1980/289/348 1938/277/348 1939/275/348
f 1939/275/348 1981/290/348 1980/289/348
f 1981/290/349 1939/275/349 1940/272/349
f 1940/272/349 1982/271/349 1981/290/349
f 1982/271/350 1940/272/350 1927/273/350
f 1927/273/350 1970/270/350 1982/271/350
s 1
f 1983/291/1714 1913/246/1673 1914/247/1672
f 1914/247/1672 1984/292/1715 1983/291/1714
f 1985/291/1716 1915/246/1674 1913/247/1673
f 1913/247/1673 1983/292/1714 1985/291/1716
f 1986/291/1717 1916/246/1675 1915/247/1674
f 1915/247/1674 1985/292/1716 1986/291/1717
f 1987/291/1718 1917/246/1676 1916/247/1675
f 1916/247/1675 1986/292/1717 1987/291/1718
f 1988/291/1719 1918/246/1677 1917/247/1676
f 1917/247/1676 1987/292/1718 1988/291/1719
f 1989/291/1720 1919/246/1678 1918/247/1677
f 1918/247/1677 1988/292/1719 1989/291/1720
f 1990/291/1721 1920/246/1679 1919/247/1678
f 1919/247/1678 1989/292/1720 1990/291/1721
f 1991/291/1722 1921/246/1680 1920/247/1679
f 1920/247/1679 1990/292/1721 1991/291/1722
f 1992/291/1723 1922/246/1681 1921/247/1680
f 1921/247/1680 1991/292/1722 1992/291/1723
f 1993/291/1724 1923/246/1682 1922/247/1681
f 1922/247/1681 1992/292/1723 1993/291/1724
f 1994/291/1725 1924/246/1683 1923/247/1682
f 1923/247/1682 1993/292/1724 1994/291/1725
f 1995/291/1726 1925/246/1684 1924/247/1683
f 1924/247/1683 1994/292/1725 1995/291/1726
f 1996/291/1727 1926/246/1685 1925/247/1684
f 1925/247/1684 1995/292/1726 1996/291/1727
f 1984/291/1715 1914/246/1672 1926/247/1685
f 1926/247/1685 1996/292/1727 1984/291/1715
f 1997/293/1728 1983/291/1714 1984/292/1715
f 1984/292/1715 1998/294/1729 1997/293/1728
f 1999/294/1730 1985/264/1716 1983/265/1714
f 1983/265/1714 1997/293/1728 1999/294/1730
f 2000/293/1731 1986/291/1717 1985/292/1716
f 1985/292/1716 1999/294/1730 2000/293/1731
f 2001/293/1732 1987/291/1718 1986/292/1717
f 1986/292/1717 2000/294/1731 2001/293/1732
f 2002/293/1733 1988/291/1719 1987/292/1718
f 1987/292/1718 2001/294/1732 2002/293/1733
f 2003/293/1734 1989/291/1720 1988/292/1719
f 1988/292/1719 2002/294/1733 2003/293/1734
f 2004/293/1735 1990/291/1721 1989/292/1720
f 1989/292/1720 2003/294/1734 2004/293/1735
f 2005/293/1736 1991/291/1722 1990/292/1721
f 1990/292/1721 2004/294/1735 2005/293/1736
f 2006/293/1737 1992/291/1723 1991/292/1722
f 1991/292/1722 2005/294/1736 2006/293/1737
f 2007/293/1738 1993/291/1724 1992/292/1723
f 1992/292/1723 2006/294/1737 2007/293/1738
f 2008/293/1739 1994/291/1725 1993/292/1724
f 1993/292/1724 2007/294/1738 2008/293/1739
f 2009/293/1740 1995/291/1726 1994/292/1725
f 1994/292/1725 2008/294/1739 2009/293/1740
f 2010/293/1741 1996/291/1727 1995/292/1726
f 1995/292/1726 2009/294/1740 2010/293/1741
f 1998/293/1729 1984/291/1715 1996/292/1727
f 1996/292/1727 2010/294/1741 1998/293/1729
f 1941/265/1687 1997/293/1728 1998/294/1729
f 1998/294/1729 1944/264/1688 1941/265/1687
f 1945/265/1691 1999/293/1730 1997/294/1728
f 1997/294/1728 1941/264/1687 1945/265/1691
f 1947/265/1693 2000/293/1731 1999/294/1730
f 1999/294/1730 1945/264/1691 1947/265/1693
f 1949/265/1695 2001/293/1732 2000/294/1731
f 2000/294/1731 1947/264/1693 1949/265/1695
f 1951/265/1697 2002/293/1733 2001/294/1732
f 2001/294/1732 1949/264/1695 1951/265/1697
f 1953/265/1699 2003/293/1734 2002/294/1733
f 2002/294/1733 1951/264/1697 1953/265/1699
f 1955/265/1701 2004/293/1735 2003/294/1734
f 2003/294/1734 1953/264/1699 1955/265/1701
f 1957/265/1703 2005/293/1736 2004/294/1735
f 2004/294/1735 1955/264/1701 1957/265/1703
f 1959/265/1705 2006/293/1737 2005/294/1736
f 2005/294/1736 1957/264/1703 1959/265/1705
f 1961/265/1707 2007/293/1738 2006/294/1737
f 2006/294/1737 1959/264/1705 1961/265/1707
f 1963/265/1709 2008/293/1739 2007/294/1738
f 2007/294/1738 1961/264/1707 1963/265/1709
f 1965/265/1711 2009/293/1740 2008/294/1739
f 2008/294/1739 1963/264/1709 1965/265/1711
f 1967/265/1713 2010/293/1741 2009/294/1740
f 2009/294/1740 1965/264/1711 1967/265/1713
f 1944/265/1688 1998/293/1729 2010/294/1741
f 2010/294/1741 1967/264/1713 1944/265/1688
f 2011/2093/1742 2012/2094/1743 2013/2095/1744
f 2011/2093/1742 2013/2095/1744 2014/2096/1745
f 2011/2093/1742 2014/2096/1745 2015/2097/1746
f 2011/2093/1742 2015/2097/1746 2016/2098/1747
f 2011/2093/1742 2016/2098/1747 2017/2099/1748
f 2011/2093/1742 2017/2099/1748 2018/2100/1749
f 2020/2101/1750 2013/2095/1744 2012/2094/1743
f 2012/2094/1743 2019/2102/1751 2020/2101/1750
f 2021/2103/1752 2014/2096/1745 2013/2095/1744
f 2013/2095/1744 2020/2101/1750 2021/2103/1752
f 2022/2104/1753 2015/2097/1746 2014/2096/1745
f 2014/2096/1745 2021/2103/1752 2022/2104/1753
f 2023/2105/1754 2016/2098/1747 2015/2097/1746
f 2015/2097/1746 2022/2104/1753 2023/2105/1754
f 2024/2106/1755 2017/2099/1748 2016/2098/1747
f 2016/2098/1747 2023/2105/1754 2024/2106/1755
f 2025/2107/1756 2018/2100/1749 2017/2099/1748
f 2017/2099/1748 2024/2106/1755 2025/2107/1756
f 2027/2108/1757 2020/2101/1750 2019/2102/1751
f 2019/2102/1751 2026/2109/1758 2027/2108/1757
f 2028/2110/1759 2021/2103/1752 2020/2101/1750
f 2020/2101/1750 2027/2108/1757 2028/2110/1759
f 2029/2111/1760 2022/2104/1753 2021/2103/1752
f 2021/2103/1752 2028/2110/1759 2029/2111/1760
f 2030/2112/1761 2023/2105/1754 2022/2104/1753
f 2022/2104/1753 2029/2111/1760 2030/2112/1761
f 2031/2113/1762 2024/2106/1755 2023/2105/1754
f 2023/2105/1754 2030/2112/1761 2031/2113/1762
f 2032/2114/1763 2025/2107/1756 2024/2106/1755
f 2024/2106/1755 2031/2113/1762 2032/2114/1763
f 2034/2115/1764 2027/2108/1757 2026/2109/1758
f 2026/2109/1758 2033/2116/1765 2034/2115/1764
f 2035/2117/1766 2028/2110/1759 2027/2108/1757
f 2027/2108/1757 2034/2115/1764 2035/2117/1766
f 2036/2118/1767 2029/2111/1760 2028/2110/1759
f 2028/2110/1759 2035/2117/1766 2036/2118/1767
f 2037/2119/1768 2030/2112/1761 2029/2111/1760
f 2029/2111/1760 2036/2118/1767 2037/2119/1768
f 2038/2120/1769 2031/2113/1762 2030/2112/1761
f 2030/2112/1761 2037/2119/1768 2038/2120/1769
f 2039/2121/1770 2032/2114/1763 2031/2113/1762
f 2031/2113/1762 2038/2120/1769 2039/2121/1770
f 2041/2122/1771 2034/2115/1764 2033/2116/1765
f 2033/2116/1765 2040/2123/1772 2041/2122/1771
f 2042/2124/1773 2035/2117/1766 2034/2115/1764
f 2034/2115/1764 2041/2122/1771 2042/2124/1773
f 2043/2125/1443 2036/2118/1767 2035/2117/1766
f 2035/2117/1766 2042/2124/1773 2043/2125/1443
f 2044/2126/1774 2037/2119/1768 2036/2118/1767
f 2036/2118/1767 2043/2125/1443 2044/2126/1774
f 2045/2127/1775 2038/2120/1769 2037/2119/1768
f 2037/2119/1768 2044/2126/1774 2045/2127/1775
f 2046/2128/1776 2039/2121/1770 2038/2120/1769
f 2038/2120/1769 2045/2127/1775 2046/2128/1776
f 2048/2129/1777 2041/2122/1771 2040/2123/1772
f 2040/2123/1772 2047/2130/1778 2048/2129/1777
f 2049/2131/1779 2042/2124/1773 2041/2122/1771
f 2041/2122/1771 2048/2129/1777 2049/2131/1779
f 2050/2132/1780 2043/2125/1443 2042/2124/1773
f 2042/2124/1773 2049/2131/1779 2050/2132/1780
f 2051/2133/1781 2044/2126/1774 2043/2125/1443
f 2043/2125/1443 2050/2132/1780 2051/2133/1781
f 2052/2134/1782 2045/2127/1775 2044/2126/1774
f 2044/2126/1774 2051/2133/1781 2052/2134/1782
f 2053/2135/1783 2046/2128/1776 2045/2127/1775
f 2045/2127/1775 2052/2134/1782 2053/2135/1783
f 2055/2136/1784 2048/2129/1777 2047/2130/1778
f 2047/2130/1778 2054/2137/1785 2055/2136/1784
f 2056/2138/1786 2049/2131/1779 2048/2129/1777
f 2048/2129/1777 2055/2136/1784 2056/2138/1786
f 2057/2139/1787 2050/2132/1780 2049/2131/1779
f 2049/2131/1779 2056/2138/1786 2057/2139/1787
f 2058/2140/1788 2051/2133/1781 2050/2132/1780
f 2050/2132/1780 2057/2139/1787 2058/2140/1788
f 2059/2141/1789 2052/2134/1782 2051/2133/1781
f 2051/2133/1781 2058/2140/1788 2059/2141/1789
f 2060/2142/1790 2053/2135/1783 2052/2134/1782
f 2052/2134/1782 2059/2141/1789 2060/2142/1790
f 2067/2101/1791 2062/2095/1792 2061/2094/1793
f 2061/2094/1793 2066/2102/1794 2067/2101/1791
f 2068/2103/1795 2063/2096/1796 2062/2095/1792
f 2062/2095/1792 2067/2101/1791 2068/2103/1795
f 2069/2104/1797 2064/2097/1798 2063/2096/1796
f 2063/2096/1796 2068/2103/1795 2069/2104/1797
f 2070/2105/1799 2065/2098/1800 2064/2097/1798
f 2064/2097/1798 2069/2104/1797 2070/2105/1799
f 2072/2108/1801 2067/2101/1791 2066/2102/1794
f 2066/2102/1794 2071/2109/1802 2072/2108/1801
f 2073/2110/1803 2068/2103/1795 2067/2101/1791
f 2067/2101/1791 2072/2108/1801 2073/2110/1803
f 2074/2111/1804 2069/2104/1797 2068/2103/1795
f 2068/2103/1795 2073/2110/1803 2074/2111/1804
f 2075/2112/1805 2070/2105/1799 2069/2104/1797
f 2069/2104/1797 2074/2111/1804 2075/2112/1805
f 2077/2115/1806 2072/2108/1801 2071/2109/1802
f 2071/2109/1802 2076/2116/1807 2077/2115/1806
f 2078/2117/1808 2073/2110/1803 2072/2108/1801
f 2072/2108/1801 2077/2115/1806 2078/2117/1808
f 2079/2118/1809 2074/2111/1804 2073/2110/1803
f 2073/2110/1803 2078/2117/1808 2079/2118/1809
f 2080/2119/1810 2075/2112/1805 2074/2111/1804
f 2074/2111/1804 2079/2118/1809 2080/2119/1810
f 2082/2122/1811 2077/2115/1806 2076/2116/1807
f 2076/2116/1807 2081/2123/1812 2082/2122/1811
f 2083/2124/1813 2078/2117/1808 2077/2115/1806
f 2077/2115/1806 2082/2122/1811 2083/2124/1813
f 2084/2125/1814 2079/2118/1809 2078/2117/1808
f 2078/2117/1808 2083/2124/1813 2084/2125/1814
f 2085/2126/1815 2080/2119/1810 2079/2118/1809
f 2079/2118/1809 2084/2125/1814 2085/2126/1815
f 2087/2129/1816 2082/2122/1811 2081/2123/1812
f 2081/2123/1812 2086/2130/1817 2087/2129/1816
f 2088/2131/1818 2083/2124/1813 2082/2122/1811
f 2082/2122/1811 2087/2129/1816 2088/2131/1818
f 2089/2132/1819 2084/2125/1814 2083/2124/1813
f 2083/2124/1813 2088/2131/1818 2089/2132/1819
f 2090/2133/1820 2085/2126/1815 2084/2125/1814
f 2084/2125/1814 2089/2132/1819 2090/2133/1820
f 2092/2136/1821 2087/2129/1816 2086/2130/1817
f 2086/2130/1817 2091/2137/1822 2092/2136/1821
f 2093/2138/1823 2088/2131/1818 2087/2129/1816
f 2087/2129/1816 2092/2136/1821 2093/2138/1823
f 2094/2139/1824 2089/2132/1819 2088/2131/1818
f 2088/2131/1818 2093/2138/1823 2094/2139/1824
f 2095/2140/1825 2090/2133/1820 2089/2132/1819
f 2089/2132/1819 2094/2139/1824 2095/2140/1825
f 2097/2143/1826 2092/2136/1821 2091/2137/1822
f 2091/2137/1822 2096/2144/1827 2097/2143/1826
f 2098/2145/1828 2093/2138/1823 2092/2136/1821
f 2092/2136/1821 2097/2143/1826 2098/2145/1828
f 2099/2146/1829 2094/2139/1824 2093/2138/1823
f 2093/2138/1823 2098/2145/1828 2099/2146/1829
f 2100/2147/1830 2095/2140/1825 2094/2139/1824
f 2094/2139/1824 2099/2146/1829 2100/2147/1830
f 2102/2150/1831 2097/2143/1826 2096/2144/1827
f 2096/2144/1827 2101/2151/1832 2102/2150/1831
f 2103/2152/1833 2098/2145/1828 2097/2143/1826
f 2097/2143/1826 2102/2150/1831 2103/2152/1833
f 2104/2153/1834 2099/2146/1829 2098/2145/1828
f 2098/2145/1828 2103/2152/1833 2104/2153/1834
f 2105/2154/1835 2100/2147/1830 2099/2146/1829
f 2099/2146/1829 2104/2153/1834 2105/2154/1835
f 2107/2157/1836 2102/2150/1831 2101/2151/1832
f 2101/2151/1832 2106/2158/1837 2107/2157/1836
f 2108/2159/1838 2103/2152/1833 2102/2150/1831
f 2102/2150/1831 2107/2157/1836 2108/2159/1838
f 2109/2160/1839 2104/2153/1834 2103/2152/1833
f 2103/2152/1833 2108/2159/1838 2109/2160/1839
f 2110/2161/1840 2105/2154/1835 2104/2153/1834
f 2104/2153/1834 2109/2160/1839 2110/2161/1840
f 2112/2164/1841 2107/2157/1836 2106/2158/1837
f 2106/2158/1837 2111/2165/1842 2112/2164/1841
f 2113/2166/1843 2108/2159/1838 2107/2157/1836
f 2107/2157/1836 2112/2164/1841 2113/2166/1843
f 2114/2167/1844 2109/2160/1839 2108/2159/1838
f 2108/2159/1838 2113/2166/1843 2114/2167/1844
f 2115/2168/1845 2110/2161/1840 2109/2160/1839
f 2109/2160/1839 2114/2167/1844 2115/2168/1845
f 2117/2171/1846 2112/2164/1841 2111/2165/1842
f 2111/2165/1842 2116/2172/1847 2117/2171/1846
f 2118/2173/1848 2113/2166/1843 2112/2164/1841
f 2112/2164/1841 2117/2171/1846 2118/2173/1848
f 2119/2174/1849 2114/2167/1844 2113/2166/1843
f 2113/2166/1843 2118/2173/1848 2119/2174/1849
f 2120/2175/1850 2115/2168/1845 2114/2167/1844
f 2114/2167/1844 2119/2174/1849 2120/2175/1850
f 2127/2101/1851 2126/2102/1852 2121/2094/1853
f 2121/2094/1853 2122/2095/1854 2127/2101/1851
f 2128/2103/1855 2127/2101/1851 2122/2095/1854
f 2122/2095/1854 2123/2096/1856 2128/2103/1855
f 2129/2104/1797 2128/2103/1855 2123/2096/1856
f 2123/2096/1856 2124/2097/1798 2129/2104/1797
f 2130/2105/1857 2129/2104/1797 2124/2097/1798
f 2124/2097/1798 2125/2098/1858 2130/2105/1857
f 2132/2108/1859 2131/2109/1860 2126/2102/1852
f 2126/2102/1852 2127/2101/1851 2132/2108/1859
f 2133/2110/1861 2132/2108/1859 2127/2101/1851
f 2127/2101/1851 2128/2103/1855 2133/2110/1861
f 2134/2111/1804 2133/2110/1861 2128/2103/1855
f 2128/2103/1855 2129/2104/1797 2134/2111/1804
f 2135/2112/1862 2134/2111/1804 2129/2104/1797
f 2129/2104/1797 2130/2105/1857 2135/2112/1862
f 2137/2115/1863 2136/2116/1864 2131/2109/1860
f 2131/2109/1860 2132/2108/1859 2137/2115/1863
f 2138/2117/1865 2137/2115/1863 2132/2108/1859
f 2132/2108/1859 2133/2110/1861 2138/2117/1865
f 2139/2118/1809 2138/2117/1865 2133/2110/1861
f 2133/2110/1861 2134/2111/1804 2139/2118/1809
f 2140/2119/1866 2139/2118/1809 2134/2111/1804
f 2134/2111/1804 2135/2112/1862 2140/2119/1866
f 2142/2122/1867 2141/2123/1868 2136/2116/1864
f 2136/2116/1864 2137/2115/1863 2142/2122/1867
f 2143/2124/1869 2142/2122/1867 2137/2115/1863
f 2137/2115/1863 2138/2117/1865 2143/2124/1869
f 2144/2125/1814 2143/2124/1869 2138/2117/1865
f 2138/2117/1865 2139/2118/1809 2144/2125/1814
f 2145/2126/1870 2144/2125/1814 2139/2118/1809
f 2139/2118/1809 2140/2119/1866 2145/2126/1870
f 2147/2129/1871 2146/2130/1872 2141/2123/1868
f 2141/2123/1868 2142/2122/1867 2147/2129/1871
f 2148/2131/1873 2147/2129/1871 2142/2122/1867
f 2142/2122/1867 2143/2124/1869 2148/2131/1873
f 2149/2132/1874 2148/2131/1873 2143/2124/1869
f 2143/2124/1869 2144/2125/1814 2149/2132/1874
f 2150/2133/1875 2149/2132/1874 2144/2125/1814
f 2144/2125/1814 2145/2126/1870 2150/2133/1875
f 2152/2136/1876 2151/2137/1877 2146/2130/1872
f 2146/2130/1872 2147/2129/1871 2152/2136/1876
f 2153/2138/1878 2152/2136/1876 2147/2129/1871
f 2147/2129/1871 2148/2131/1873 2153/2138/1878
f 2154/2139/1879 2153/2138/1878 2148/2131/1873
f 2148/2131/1873 2149/2132/1874 2154/2139/1879
f 2155/2140/1880 2154/2139/1879 2149/2132/1874
f 2149/2132/1874 2150/2133/1875 2155/2140/1880
f 2157/2143/1881 2156/2144/1882 2151/2137/1877
f 2151/2137/1877 2152/2136/1876 2157/2143/1881
f 2158/2145/1883 2157/2143/1881 2152/2136/1876
f 2152/2136/1876 2153/2138/1878 2158/2145/1883
f 2159/2146/1829 2158/2145/1883 2153/2138/1878
f 2153/2138/1878 2154/2139/1879 2159/2146/1829
f 2160/2147/1884 2159/2146/1829 2154/2139/1879
f 2154/2139/1879 2155/2140/1880 2160/2147/1884
f 2162/2150/1885 2161/2151/1886 2156/2144/1882
f 2156/2144/1882 2157/2143/1881 2162/2150/1885
f 2163/2152/1887 2162/2150/1885 2157/2143/1881
f 2157/2143/1881 2158/2145/1883 2163/2152/1887
f 2164/2153/1834 2163/2152/1887 2158/2145/1883
f 2158/2145/1883 2159/2146/1829 2164/2153/1834
f 2165/2154/1888 2164/2153/1834 2159/2146/1829
f 2159/2146/1829 2160/2147/1884 2165/2154/1888
f 2167/2157/1889 2166/2158/1890 2161/2151/1886
f 2161/2151/1886 2162/2150/1885 2167/2157/1889
f 2168/2159/1891 2167/2157/1889 2162/2150/1885
f 2162/2150/1885 2163/2152/1887 2168/2159/1891
f 2169/2160/1839 2168/2159/1891 2163/2152/1887
f 2163/2152/1887 2164/2153/1834 2169/2160/1839
f 2170/2161/1892 2169/2160/1839 2164/2153/1834
f 2164/2153/1834 2165/2154/1888 2170/2161/1892
f 2172/2164/1893 2171/2165/1894 2166/2158/1890
f 2166/2158/1890 2167/2157/1889 2172/2164/1893
f 2173/2166/1895 2172/2164/1893 2167/2157/1889
f 2167/2157/1889 2168/2159/1891 2173/2166/1895
f 2174/2167/1844 2173/2166/1895 2168/2159/1891
f 2168/2159/1891 2169/2160/1839 2174/2167/1844
f 2175/2168/1896 2174/2167/1844 2169/2160/1839
f 2169/2160/1839 2170/2161/1892 2175/2168/1896
f 2177/2171/1897 2176/2172/1898 2171/2165/1894
f 2171/2165/1894 2172/2164/1893 2177/2171/1897
f 2178/2173/1899 2177/2171/1897 2172/2164/1893
f 2172/2164/1893 2173/2166/1895 2178/2173/1899
f 2179/2174/1849 2178/2173/1899 2173/2166/1895
f 2173/2166/1895 2174/2167/1844 2179/2174/1849
f 2180/2175/1900 2179/2174/1849 2174/2167/1844
f 2174/2167/1844 2175/2168/1896 2180/2175/1900
s 0
f 473/510/70 472/498/70 2191/498/70 2181/510/70
f 474/490/70 473/510/70 2181/510/70 2182/490/70
g engine_HULL_LOD0.001
v 3.722476 5.223595 -128.449890
v 4.118632 5.223596 -127.423569
v 4.118633 5.223596 -108.550133
v 3.775419 5.223595 -108.548515
v 3.412276 5.223595 -128.449890
v 3.353842 3.608504 -128.449890
v 3.710767 3.436619 -127.423569
v 3.710767 3.436619 -108.550133
v 3.401542 3.585532 -108.548515
v 3.074361 3.743095 -128.449890
v 2.320952 2.313302 -128.449890
v 2.567952 2.003575 -127.423569
v 2.567952 2.003575 -108.550133
v 2.353962 2.271909 -108.548515
v 2.127545 2.555826 -128.449890
v 0.828384 1.594519 -128.449890
v 0.916537 1.208295 -127.423569
v 0.916537 1.208295 -108.550133
v 0.840165 1.542902 -108.548515
v 0.759358 1.896942 -128.449890
v -0.828242 1.594519 -128.449890
v -0.916396 1.208296 -127.423569
v -0.916396 1.208296 -108.550133
v -0.840023 1.542903 -108.548515
v -0.759216 1.896943 -128.449890
v -2.320810 2.313303 -128.449890
v -2.567811 2.003575 -127.423569
v -2.567810 2.003575 -108.550133
v -2.353821 2.271909 -108.548515
v -2.127404 2.555827 -128.449890
v -3.353700 3.608505 -128.449890
v -3.710625 3.436620 -127.423569
v -3.710625 3.436620 -108.550133
v -3.401400 3.585533 -108.548515
v -3.074219 3.743096 -128.449890
v -3.722333 5.223596 -128.449890
v -4.118491 5.223597 -127.423569
v -4.118490 5.223597 -108.550133
v -3.775277 5.223596 -108.548515
v -3.412133 5.223596 -128.449890
v -3.353699 6.838687 -128.449890
v -3.710625 7.010574 -127.423569
v -3.710624 7.010573 -108.550133
v -3.401399 6.861658 -108.548515
v -3.074218 6.704096 -128.449890
v -2.320809 8.133889 -128.449890
v -2.567810 8.443618 -127.423569
v -2.567809 8.443617 -108.550133
v -2.353819 8.175281 -108.548515
v -2.127403 7.891365 -128.449890
v -0.828241 8.852673 -128.449890
v -0.916395 9.238896 -127.423569
v -0.916394 9.238896 -108.550133
v -0.840022 8.904286 -108.548515
v -0.759215 8.550249 -128.449890
v 0.828385 8.852672 -128.449890
v 0.916538 9.238896 -127.423569
v 0.916538 9.238896 -108.550133
v 0.840166 8.904286 -108.548515
v 0.759359 8.550248 -128.449890
v 2.320953 8.133888 -128.449890
v 2.567952 8.443617 -127.423569
v 2.567953 8.443616 -108.550133
v 2.353963 8.175280 -108.548515
v 2.127546 7.891364 -128.449890
v 3.353842 6.838686 -128.449890
v 3.710767 7.010572 -127.423569
v 3.710767 7.010572 -108.550133
v 3.401542 6.861657 -108.548515
v 3.074361 6.704095 -128.449890
vn 0.9329 -0.0000 -0.3601
vn 0.9839 -0.0000 -0.1786
vn 0.8865 -0.4269 -0.1786
vn 0.8405 -0.4048 -0.3601
vn 1.0000 -0.0000 -0.0000
vn 0.9010 -0.4339 -0.0000
vn -0.9998 -0.0000 0.0182
vn -0.9008 0.4338 0.0182
vn -0.0000 -0.0000 -1.0000
vn 0.6135 -0.7693 -0.1786
vn 0.5817 -0.7294 -0.3601
vn 0.6235 -0.7818 -0.0000
vn -0.6234 0.7817 0.0182
vn 0.2189 -0.9592 -0.1786
vn 0.2076 -0.9095 -0.3601
vn 0.2225 -0.9749 -0.0000
vn -0.2225 0.9748 0.0182
vn -0.2189 -0.9592 -0.1786
vn -0.2076 -0.9095 -0.3601
vn -0.2225 -0.9749 -0.0000
vn 0.2225 0.9748 0.0182
vn -0.6135 -0.7693 -0.1786
vn -0.5817 -0.7294 -0.3601
vn -0.6235 -0.7818 -0.0000
vn 0.6234 0.7817 0.0182
vn -0.8865 -0.4269 -0.1786
vn -0.8405 -0.4048 -0.3601
vn -0.9010 -0.4339 -0.0000
vn 0.9008 0.4338 0.0182
vn -0.9839 -0.0000 -0.1786
vn -0.9329 -0.0000 -0.3601
vn -1.0000 -0.0000 -0.0000
vn 0.9998 -0.0000 0.0182
vn -0.8865 0.4269 -0.1786
vn -0.8405 0.4048 -0.3601
vn -0.9010 0.4339 -0.0000
vn 0.9008 -0.4338 0.0182
vn -0.6135 0.7693 -0.1786
vn -0.5817 0.7294 -0.3601
vn -0.6235 0.7818 -0.0000
vn 0.6234 -0.7817 0.0182
vn -0.2189 0.9592 -0.1786
vn -0.2076 0.9095 -0.3601
vn -0.2225 0.9749 -0.0000
vn 0.2225 -0.9748 0.0182
vn 0.2189 0.9592 -0.1786
vn 0.2076 0.9095 -0.3601
vn 0.2225 0.9749 -0.0000
vn -0.2225 -0.9748 0.0182
vn 0.6135 0.7693 -0.1786
vn 0.5817 0.7294 -0.3601
vn 0.6235 0.7818 -0.0000
vn -0.6234 -0.7817 0.0182
vn 0.8865 0.4269 -0.1786
vn 0.8405 0.4048 -0.3601
vn 0.9010 0.4339 -0.0000
vn -0.9008 -0.4338 0.0182
vt 0.978231 0.947186
vt 0.979121 0.949492
vt 0.978205 0.949492
vt 0.977403 0.947186
vt 0.979121 0.991887
vt 0.978205 0.991887
vt 0.978350 0.971078
vt 0.977534 0.947186
vt 0.976775 0.947186
vt 0.977510 0.971078
vt 0.975638 0.949492
vt 0.975083 0.947186
vt 0.975638 0.991887
vt 0.974649 0.947186
vt 0.975157 0.971078
vt 0.971928 0.949492
vt 0.971730 0.947186
vt 0.971928 0.991887
vt 0.971575 0.947186
vt 0.971757 0.971078
vt 0.967811 0.949492
vt 0.968009 0.947186
vt 0.967811 0.991887
vt 0.968164 0.947186
vt 0.967983 0.971078
vt 0.964102 0.949492
vt 0.964656 0.947186
vt 0.964102 0.991887
vt 0.965091 0.947186
vt 0.964582 0.971078
vt 0.961535 0.949492
vt 0.962336 0.947186
vt 0.961535 0.991887
vt 0.962964 0.947186
vt 0.962229 0.971078
vt 0.960618 0.949492
vt 0.961508 0.947186
vt 0.960618 0.991887
vt 0.962205 0.947186
vt 0.961389 0.971078
s 1
f 2194/2785/1901 2195/2786/1902 2200/2787/1903
f 2200/2787/1903 2199/2788/1904 2194/2785/1901
f 2195/2786/1902 2196/2789/1905 2201/2790/1906
f 2201/2790/1906 2200/2787/1903 2195/2786/1902
f 2197/2791/1907 2198/2792/1907 2203/2793/1908
f 2203/2793/1908 2202/2794/1908 2197/2791/1907
f 2198/2792/1909 2194/2785/1909 2199/2788/1909
f 2199/2788/1909 2203/2793/1909 2198/2792/1909
f 2199/2788/1904 2200/2787/1903 2205/2795/1910
f 2205/2795/1910 2204/2796/1911 2199/2788/1904
f 2200/2787/1903 2201/2790/1906 2206/2797/1912
f 2206/2797/1912 2205/2795/1910 2200/2787/1903
f 2202/2794/1908 2203/2793/1908 2208/2798/1913
f 2208/2798/1913 2207/2799/1913 2202/2794/1908
f 2203/2793/1909 2199/2788/1909 2204/2796/1909
f 2204/2796/1909 2208/2798/1909 2203/2793/1909
f 2204/2796/1911 2205/2795/1910 2210/2800/1914
f 2210/2800/1914 2209/2801/1915 2204/2796/1911
f 2205/2795/1910 2206/2797/1912 2211/2802/1916
f 2211/2802/1916 2210/2800/1914 2205/2795/1910
f 2207/2799/1913 2208/2798/1913 2213/2803/1917
f 2213/2803/1917 2212/2804/1917 2207/2799/1913
f 2208/2798/1909 2204/2796/1909 2209/2801/1909
f 2209/2801/1909 2213/2803/1909 2208/2798/1909
f 2209/2801/1915 2210/2800/1914 2215/2805/1918
f 2215/2805/1918 2214/2806/1919 2209/2801/1915
f 2210/2800/1914 2211/2802/1916 2216/2807/1920
f 2216/2807/1920 2215/2805/1918 2210/2800/1914
f 2212/2804/1917 2213/2803/1917 2218/2808/1921
f 2218/2808/1921 2217/2809/1921 2212/2804/1917
f 2213/2803/1909 2209/2801/1909 2214/2806/1909
f 2214/2806/1909 2218/2808/1909 2213/2803/1909
f 2214/2806/1919 2215/2805/1918 2220/2810/1922
f 2220/2810/1922 2219/2811/1923 2214/2806/1919
f 2215/2805/1918 2216/2807/1920 2221/2812/1924
f 2221/2812/1924 2220/2810/1922 2215/2805/1918
f 2217/2809/1921 2218/2808/1921 2223/2813/1925
f 2223/2813/1925 2222/2814/1925 2217/2809/1921
f 2218/2808/1909 2214/2806/1909 2219/2811/1909
f 2219/2811/1909 2223/2813/1909 2218/2808/1909
f 2219/2811/1923 2220/2810/1922 2225/2815/1926
f 2225/2815/1926 2224/2816/1927 2219/2811/1923
f 2220/2810/1922 2221/2812/1924 2226/2817/1928
f 2226/2817/1928 2225/2815/1926 2220/2810/1922
f 2222/2814/1925 2223/2813/1925 2228/2818/1929
f 2228/2818/1929 2227/2819/1929 2222/2814/1925
f 2223/2813/1909 2219/2811/1909 2224/2816/1909
f 2224/2816/1909 2228/2818/1909 2223/2813/1909
f 2224/2816/1927 2225/2815/1926 2230/2820/1930
f 2230/2820/1930 2229/2821/1931 2224/2816/1927
f 2225/2815/1926 2226/2817/1928 2231/2822/1932
f 2231/2822/1932 2230/2820/1930 2225/2815/1926
f 2227/2819/1929 2228/2818/1929 2233/2823/1933
f 2233/2823/1933 2232/2824/1933 2227/2819/1929
f 2228/2818/1909 2224/2816/1909 2229/2821/1909
f 2229/2821/1909 2233/2823/1909 2228/2818/1909
f 2229/2821/1931 2230/2820/1930 2235/2815/1934
f 2235/2815/1934 2234/2816/1935 2229/2821/1931
f 2230/2820/1930 2231/2822/1932 2236/2817/1936
f 2236/2817/1936 2235/2815/1934 2230/2820/1930
f 2232/2824/1933 2233/2823/1933 2238/2818/1937
f 2238/2818/1937 2237/2819/1937 2232/2824/1933
f 2233/2823/1909 2229/2821/1909 2234/2816/1909
f 2234/2816/1909 2238/2818/1909 2233/2823/1909
f 2234/2816/1935 2235/2815/1934 2240/2810/1938
f 2240/2810/1938 2239/2811/1939 2234/2816/1935
f 2235/2815/1934 2236/2817/1936 2241/2812/1940
f 2241/2812/1940 2240/2810/1938 2235/2815/1934
f 2237/2819/1937 2238/2818/1937 2243/2813/1941
f 2243/2813/1941 2242/2814/1941 2237/2819/1937
f 2238/2818/1909 2234/2816/1909 2239/2811/1909
f 2239/2811/1909 2243/2813/1909 2238/2818/1909
f 2239/2811/1939 2240/2810/1938 2245/2805/1942
f 2245/2805/1942 2244/2806/1943 2239/2811/1939
f 2240/2810/1938 2241/2812/1940 2246/2807/1944
f 2246/2807/1944 2245/2805/1942 2240/2810/1938
f 2242/2814/1941 2243/2813/1941 2248/2808/1945
f 2248/2808/1945 2247/2809/1945 2242/2814/1941
f 2243/2813/1909 2239/2811/1909 2244/2806/1909
f 2244/2806/1909 2248/2808/1909 2243/2813/1909
f 2244/2806/1943 2245/2805/1942 2250/2800/1946
f 2250/2800/1946 2249/2801/1947 2244/2806/1943
f 2245/2805/1942 2246/2807/1944 2251/2802/1948
f 2251/2802/1948 2250/2800/1946 2245/2805/1942
f 2247/2809/1945 2248/2808/1945 2253/2803/1949
f 2253/2803/1949 2252/2804/1949 2247/2809/1945
f 2248/2808/1909 2244/2806/1909 2249/2801/1909
f 2249/2801/1909 2253/2803/1909 2248/2808/1909
f 2249/2801/1947 2250/2800/1946 2255/2795/1950
f 2255/2795/1950 2254/2796/1951 2249/2801/1947
f 2250/2800/1946 2251/2802/1948 2256/2797/1952
f 2256/2797/1952 2255/2795/1950 2250/2800/1946
f 2252/2804/1949 2253/2803/1949 2258/2798/1953
f 2258/2798/1953 2257/2799/1953 2252/2804/1949
f 2253/2803/1909 2249/2801/1909 2254/2796/1909
f 2254/2796/1909 2258/2798/1909 2253/2803/1909
f 2254/2796/1951 2255/2795/1950 2260/2787/1954
f 2260/2787/1954 2259/2788/1955 2254/2796/1951
f 2255/2795/1950 2256/2797/1952 2261/2790/1956
f 2261/2790/1956 2260/2787/1954 2255/2795/1950
f 2257/2799/1953 2258/2798/1953 2263/2793/1957
f 2263/2793/1957 2262/2794/1957 2257/2799/1953
f 2258/2798/1909 2254/2796/1909 2259/2788/1909
f 2259/2788/1909 2263/2793/1909 2258/2798/1909
f 2259/2788/1955 2260/2787/1954 2195/2786/1902
f 2195/2786/1902 2194/2785/1901 2259/2788/1955
f 2260/2787/1954 2261/2790/1956 2196/2789/1905
f 2196/2789/1905 2195/2786/1902 2260/2787/1954
f 2262/2794/1957 2263/2793/1957 2198/2792/1907
f 2198/2792/1907 2197/2791/1907 2262/2794/1957
f 2263/2793/1909 2259/2788/1909 2194/2785/1909
f 2194/2785/1909 2198/2792/1909 2263/2793/1909
g HULL_LOD0.001_HULL_LOD0.002
v -3.489827 8.101204 -110.348022
v -4.374518 6.264126 -110.348022
v 2.080090 1.116746 -110.348022
v 3.674248 2.388044 -110.348022
v -3.489828 2.388044 -110.348022
v 4.558939 6.264125 -110.348022
v 4.558938 4.225122 -110.348022
v 2.080091 9.372500 -110.348022
v 3.674248 8.101203 -110.348022
v -1.895671 1.116747 -110.348022
v -1.895671 9.372500 -110.348022
v 0.092210 9.826222 -110.348022
v 0.092209 0.663026 -110.348022
vn -0.0000 -0.0000 -1.0000
vt 0.134022 0.631386
vt 0.104038 0.645826
vt 0.083288 0.671846
vt 0.075882 0.704291
vt 0.083288 0.736737
vt 0.104038 0.762757
vt 0.134022 0.777196
vt 0.167302 0.777196
vt 0.197287 0.762757
vt 0.218036 0.736737
vt 0.225442 0.704291
vt 0.197287 0.645826
vt 0.218036 0.671846
s 1
f 2265/2825/1958 2264/2826/1958 2274/2827/1958
f 2274/2827/1958 2275/2828/1958 2271/2829/1958
f 2265/2825/1958 2274/2827/1958 2271/2829/1958
f 2271/2829/1958 2272/2830/1958 2269/2831/1958
f 2269/2831/1958 2270/2832/1958 2267/2833/1958
f 2271/2829/1958 2269/2831/1958 2267/2833/1958
f 2267/2833/1958 2266/2834/1958 2276/2835/1958
f 2271/2829/1958 2267/2833/1958 2276/2835/1958
f 2265/2825/1958 2271/2829/1958 2276/2835/1958
f 2268/2836/1958 2265/2825/1958 2276/2835/1958
f 2273/2837/1958 2268/2836/1958 2276/2835/1958
